AGE_DESC,INCOME_DESC,customer_id,Camp_1,Camp_2,Camp_3,Camp_4,Camp_5,Camp_6,Camp_7,Camp_8,Camp_9,Camp_10,Camp_11,Camp_12,Camp_13,Camp_14,Camp_15,Camp_16,Camp_17,Camp_18,Camp_19,Camp_20,Camp_21,Camp_22,Camp_23,Camp_24,Camp_25,Camp_26,Camp_27,Camp_28,Camp_29,Camp_30,no_of_received_campaigns,no_of_redeems,Total Purchase (USD),isChurned
65+,35-49K,1,0,0,0,0,0,0,0,1,0,0,0,1,1,0,0,0,0,1,0,1,0,1,1,0,0,0,0,0,1,0,8,5,4330.16,FALSE
45-54,50-74K,7,0,0,0,0,0,0,0,0,1,1,0,0,0,0,0,1,0,1,0,0,0,0,0,0,0,0,0,0,0,0,4,,3400.05,FALSE
25-34,25-34K,8,0,0,0,1,1,0,0,1,0,1,0,1,1,0,0,0,1,1,0,0,1,0,0,0,0,0,0,0,1,0,10,1,5534.97,FALSE
25-34,75-99K,13,0,0,0,1,1,0,0,1,0,1,1,0,1,0,0,0,0,1,0,1,0,1,1,0,0,0,0,0,0,0,10,21,13190.92,FALSE
45-54,50-74K,16,0,1,0,0,0,0,0,1,0,0,0,0,0,0,0,0,0,0,0,0,0,0,0,0,0,0,0,0,0,0,2,,1512.02,TRUE
65+,Under 15K,17,0,0,0,0,0,0,0,1,0,0,0,0,1,0,0,0,0,1,0,0,0,0,0,0,0,1,0,0,0,1,5,,5139.63,TRUE
45-54,100-124K,18,0,0,0,0,0,0,0,1,0,0,0,0,1,0,0,0,0,1,0,0,1,0,0,0,0,0,0,0,0,0,4,8,7118.91,FALSE
35-44,15-24K,19,0,0,0,0,0,0,0,1,0,0,1,0,1,1,0,0,1,1,0,1,0,1,0,0,1,0,0,0,0,0,9,1,11299.61,FALSE
25-34,75-99K,20,0,0,0,0,0,0,1,1,1,0,0,0,1,0,0,0,0,1,0,0,0,1,1,0,0,0,0,0,0,0,7,,7486.11,FALSE
45-54,75-99K,22,0,0,0,1,0,0,0,1,1,0,0,0,1,0,0,0,0,1,0,0,0,1,0,0,0,1,0,0,0,1,8,25,6256.04,FALSE
35-44,50-74K,25,0,0,0,0,0,0,0,1,0,0,0,0,1,0,0,0,0,1,0,0,0,0,0,0,0,0,0,0,0,1,4,,3149.65,FALSE
45-54,25-34K,27,0,0,0,0,0,0,0,1,0,0,0,0,1,0,0,0,1,1,0,0,0,0,0,0,0,1,0,0,1,1,7,,5736.24,FALSE
35-44,35-49K,31,0,0,0,0,0,0,0,0,0,0,0,0,0,0,0,0,0,0,0,0,0,0,1,1,0,0,0,0,0,0,2,2,4396.9,FALSE
35-44,125-149K,39,0,0,0,0,0,0,0,1,0,0,0,0,1,0,0,0,0,0,0,0,0,0,1,0,0,1,0,0,0,1,5,,5033.66,TRUE
45-54,Under 15K,40,0,0,0,0,1,1,1,1,0,0,1,0,1,1,0,1,0,1,1,0,1,0,0,0,0,0,0,0,0,0,11,14,12907.89,FALSE
65+,50-74K,42,0,0,0,0,0,0,0,1,0,0,0,0,1,0,0,0,0,1,0,0,0,0,0,0,0,0,0,0,0,0,3,,1985.86,FALSE
35-44,15-24K,43,0,0,0,0,1,0,0,1,0,1,0,0,0,0,0,0,0,1,1,0,0,0,0,0,0,0,0,0,0,0,5,,884.84,FALSE
45-54,150-174K,46,0,0,0,0,0,0,0,1,0,0,1,0,1,0,0,1,1,1,0,1,0,1,1,0,0,0,0,0,0,0,9,2,8433.43,FALSE
19-24,35-49K,48,0,0,0,0,0,0,0,0,0,0,0,0,0,0,0,0,0,1,1,0,0,0,0,0,0,0,0,0,0,0,2,,1172.83,FALSE
35-44,35-49K,49,0,0,0,0,0,0,1,0,1,0,0,0,1,0,0,0,0,1,0,0,0,0,0,1,1,0,0,0,0,0,6,,6445.03,FALSE
45-54,50-74K,52,0,0,0,1,0,0,0,1,0,0,0,1,1,0,0,0,0,0,0,0,0,1,0,0,0,0,0,0,0,1,6,,5487.28,FALSE
65+,35-49K,55,0,0,0,0,0,0,0,1,1,0,0,0,1,0,0,0,0,1,0,0,0,0,0,0,0,0,0,0,0,0,4,,1072.79,FALSE
55-64,100-124K,56,0,0,0,0,0,0,0,1,0,0,0,0,0,0,0,0,0,0,0,0,0,0,1,0,0,0,0,0,0,0,2,2,6691.53,FALSE
45-54,35-49K,57,0,0,0,1,0,0,0,1,0,0,0,0,1,0,0,0,0,1,0,0,0,0,0,0,0,0,0,0,0,0,4,,3105.87,FALSE
25-34,150-174K,58,0,0,0,1,1,0,0,1,1,1,0,1,0,0,0,0,1,1,0,0,0,1,1,0,0,0,0,0,0,0,10,7,10367.08,FALSE
45-54,Under 15K,67,0,0,0,0,0,0,0,1,1,0,0,0,1,0,0,0,1,1,0,0,0,1,1,0,1,0,0,0,0,0,8,33,9618.9,FALSE
35-44,25-34K,71,0,0,0,0,0,0,0,0,0,0,0,0,1,0,0,0,0,1,0,0,0,0,0,0,0,0,0,0,0,0,2,,3376.03,FALSE
65+,15-24K,74,0,0,0,0,0,0,1,1,0,0,0,0,1,0,0,1,0,1,0,0,0,0,0,0,0,0,0,0,0,0,5,,2047.64,TRUE
35-44,100-124K,77,0,0,0,0,0,0,0,0,0,1,0,0,0,0,0,0,0,1,0,0,0,0,0,0,0,0,0,0,0,0,2,1,6227.1,FALSE
55-64,25-34K,78,0,0,0,0,0,0,1,1,0,0,0,0,1,0,0,0,1,1,0,0,0,0,0,0,0,0,0,0,0,0,5,,2505.14,FALSE
45-54,50-74K,80,0,0,0,0,0,0,0,0,0,0,0,0,1,0,0,0,0,0,1,0,0,0,0,0,0,0,0,0,0,0,2,1,3002.09,TRUE
25-34,35-49K,85,0,0,0,0,0,0,0,1,0,0,0,0,1,0,0,1,1,1,0,1,0,0,0,0,0,1,0,0,0,1,8,,4696.49,FALSE
65+,35-49K,86,0,0,0,0,0,0,0,1,0,0,0,0,0,0,0,0,0,1,0,0,0,0,0,0,0,0,0,0,0,0,2,,4019.44,TRUE
45-54,75-99K,97,0,0,0,1,0,0,0,1,0,0,0,0,1,0,0,0,0,0,0,0,0,1,0,0,0,0,0,0,0,0,4,,5323.95,FALSE
35-44,35-49K,98,0,0,1,0,0,0,0,1,0,0,0,0,0,0,0,0,0,0,0,0,0,0,0,0,0,0,0,0,0,0,2,,2547.3,FALSE
45-54,Under 15K,101,0,0,0,0,0,0,0,1,0,0,1,0,1,0,0,0,0,1,0,0,0,0,0,0,1,0,0,0,0,0,5,5,6651.58,FALSE
35-44,35-49K,104,0,0,0,1,0,0,0,0,1,0,1,0,1,1,0,0,1,1,0,1,0,0,0,0,0,0,0,0,0,0,8,4,6546.74,FALSE
25-34,Under 15K,105,1,0,0,0,0,0,0,1,0,0,1,0,1,0,0,0,0,1,0,0,0,0,0,0,0,1,0,1,0,1,8,8,4591.67,FALSE
25-34,15-24K,109,0,0,0,0,0,0,0,1,1,0,0,0,1,0,0,0,0,1,0,0,0,0,0,0,0,0,0,0,0,0,4,,3501.07,FALSE
25-34,35-49K,110,0,0,0,0,0,0,0,1,0,0,0,0,1,0,0,0,0,1,1,0,0,0,0,0,0,0,0,0,0,0,4,,3461.32,FALSE
35-44,125-149K,113,0,0,0,1,0,1,1,1,0,0,1,0,1,0,0,1,0,1,0,1,1,0,1,0,0,0,0,0,0,0,11,2,15324.95,FALSE
25-34,35-49K,114,0,0,0,0,0,0,0,1,0,0,0,0,1,0,0,0,0,1,0,0,0,0,0,0,0,1,0,0,0,0,4,,3315.63,FALSE
65+,35-49K,117,0,0,0,0,0,0,0,1,0,0,0,0,1,1,0,0,1,1,0,0,0,1,0,0,0,1,0,0,0,0,7,7,2568.21,FALSE
45-54,35-49K,118,0,0,0,0,1,0,0,1,0,0,0,0,1,0,0,0,1,1,0,0,0,0,0,0,0,0,0,0,0,0,5,,4526.21,FALSE
45-54,125-149K,119,0,0,0,0,0,0,0,1,0,0,0,0,0,0,0,0,0,1,0,0,0,0,0,0,0,0,0,0,0,0,2,,2593.01,FALSE
45-54,25-34K,121,0,0,0,0,0,0,0,1,0,0,0,0,1,0,0,0,0,1,0,0,0,0,0,0,0,0,0,0,0,0,3,,2225.58,TRUE
45-54,35-49K,123,0,0,0,0,0,0,0,1,0,0,0,0,1,0,0,0,0,1,0,0,0,0,0,0,0,0,0,0,0,0,3,,3222.65,TRUE
45-54,25-34K,127,0,0,0,0,0,0,0,0,0,0,0,0,1,1,0,0,0,1,0,1,0,0,0,0,0,0,0,0,0,0,4,4,4658.23,FALSE
45-54,50-74K,131,0,0,0,0,0,0,0,1,0,0,0,1,1,0,0,0,0,1,1,0,0,0,0,0,0,1,0,0,0,1,7,,6156.22,FALSE
45-54,Under 15K,133,0,0,0,0,0,0,0,1,0,0,0,1,1,0,0,0,0,1,0,0,0,0,0,0,0,0,0,0,0,0,4,,3823.89,FALSE
55-64,25-34K,134,0,0,0,0,0,0,0,1,0,0,0,0,1,0,0,0,0,1,0,0,0,1,0,0,0,1,0,0,0,1,6,,5535.09,FALSE
45-54,50-74K,136,0,0,0,0,0,0,0,1,0,0,0,0,0,0,0,0,0,1,0,0,0,0,0,0,1,0,0,0,0,0,3,,2804.82,TRUE
35-44,75-99K,139,0,0,0,0,0,0,0,0,0,0,0,0,1,0,0,0,0,1,0,0,0,0,0,0,0,0,0,0,0,0,2,9,3073.33,FALSE
45-54,35-49K,149,0,0,0,0,0,0,0,1,0,0,0,0,1,0,0,0,0,1,0,0,0,1,1,1,0,1,0,0,0,1,8,,11920.93,TRUE
35-44,50-74K,155,0,0,0,0,0,0,0,1,0,0,0,0,1,0,0,0,0,0,0,0,0,0,0,0,0,0,0,0,0,0,2,,2101.05,FALSE
19-24,15-24K,157,0,0,0,0,0,1,0,1,0,0,1,0,1,0,0,0,0,1,0,0,0,0,0,0,0,0,0,0,0,0,5,,2748.95,FALSE
45-54,50-74K,158,0,0,0,0,0,0,0,1,1,0,0,0,1,0,0,0,0,1,0,0,0,0,0,0,0,0,0,0,0,0,4,1,1869.79,FALSE
45-54,Under 15K,159,0,0,0,0,0,0,0,0,0,0,0,0,0,0,0,0,0,0,0,0,0,0,0,0,0,0,0,0,0,0,,,2143.87,TRUE
19-24,75-99K,161,0,0,0,0,0,0,0,0,0,0,0,0,1,0,0,0,0,1,0,0,0,0,1,0,0,0,0,0,0,0,3,,6071.52,FALSE
45-54,35-49K,164,0,0,0,0,0,0,0,0,0,0,0,0,1,0,0,0,1,1,0,0,0,0,0,1,0,0,0,0,0,0,4,6,4272.41,FALSE
55-64,35-49K,165,0,0,0,0,0,0,1,1,0,0,0,0,1,0,0,0,0,1,0,0,0,0,0,0,0,1,0,0,1,1,7,2,2995.47,FALSE
25-34,50-74K,166,0,0,0,0,0,0,0,0,0,0,0,0,1,0,0,0,0,1,0,0,0,0,0,0,0,0,0,0,0,0,2,,3059.69,FALSE
25-34,100-124K,170,0,0,0,0,0,0,0,0,0,0,0,0,0,0,0,0,0,0,0,0,0,0,0,0,0,0,0,0,0,0,,,2024.51,TRUE
25-34,25-34K,178,0,0,0,0,0,0,0,0,0,0,0,0,0,0,0,0,0,0,0,0,0,0,0,0,0,0,0,0,0,0,,,2028.47,FALSE
45-54,25-34K,184,0,0,0,1,0,0,1,1,1,0,0,0,1,0,0,0,0,0,0,0,0,0,0,0,0,0,0,0,0,0,5,4,7090.07,FALSE
45-54,35-49K,192,0,0,0,0,0,0,0,1,0,0,0,0,0,0,0,0,0,1,0,0,0,1,0,0,1,1,0,0,0,0,5,2,3778.08,FALSE
45-54,75-99K,193,0,0,0,0,0,0,0,1,0,0,0,0,1,0,0,0,1,1,0,0,0,0,0,0,0,0,0,0,0,1,5,,4814.66,TRUE
35-44,Under 15K,198,0,0,0,0,0,0,0,1,0,0,0,1,1,1,0,0,0,1,1,1,0,1,0,1,1,0,0,0,0,0,10,,8659.17,FALSE
45-54,15-24K,201,0,0,0,0,0,0,0,0,0,0,0,0,0,0,0,0,0,0,0,0,0,0,0,0,0,0,0,0,0,0,,,1435.17,FALSE
45-54,50-74K,208,0,0,0,0,0,0,0,1,0,0,0,0,1,0,0,0,1,1,0,0,0,1,0,0,0,1,0,0,1,1,8,6,4296.33,FALSE
45-54,25-34K,209,0,0,0,0,0,0,0,1,0,0,0,1,1,0,0,0,0,1,0,0,0,1,0,0,0,0,0,0,0,0,5,,6876.56,FALSE
65+,35-49K,211,0,0,0,0,0,0,0,0,0,0,0,0,1,0,0,0,0,1,0,0,0,0,0,0,0,0,0,0,0,0,2,,2244.06,FALSE
35-44,Under 15K,212,0,0,0,0,0,0,0,1,0,0,0,0,0,1,0,0,0,1,0,0,0,0,0,0,0,1,0,0,0,1,5,,3052.66,TRUE
55-64,Under 15K,214,0,0,0,0,0,0,0,1,0,0,0,0,1,0,0,0,0,1,0,0,0,0,0,0,0,0,0,0,1,0,4,1,2657.91,FALSE
35-44,50-74K,216,0,0,0,0,0,0,0,1,0,0,0,0,1,0,0,0,0,0,0,0,0,0,0,0,0,0,0,0,0,0,2,,2624.5,FALSE
45-54,15-24K,218,0,0,0,0,0,0,0,1,0,0,0,0,1,0,0,0,1,1,0,0,0,0,0,0,0,0,0,0,0,0,4,,9211.72,FALSE
55-64,150-174K,219,0,0,0,0,0,0,0,1,0,0,0,1,1,0,0,0,0,1,0,0,0,0,1,0,0,1,0,0,0,1,7,,11884.79,FALSE
45-54,35-49K,220,0,0,0,0,0,0,0,0,1,0,0,0,1,0,0,0,0,1,0,0,0,0,0,0,0,0,0,0,0,0,3,,2525.24,TRUE
65+,15-24K,221,0,0,0,0,0,0,0,1,0,0,0,0,1,0,0,0,0,1,0,0,0,0,0,0,0,0,0,0,0,0,3,,2879.29,TRUE
35-44,35-49K,222,0,0,0,0,0,0,0,1,0,0,0,0,1,0,0,0,0,1,0,0,0,0,0,0,0,0,0,0,0,0,3,1,5897.9,FALSE
25-34,25-34K,230,0,0,0,0,0,0,0,1,0,0,0,0,1,0,0,0,0,1,0,0,0,0,0,0,1,0,0,0,0,0,4,,4521.01,FALSE
35-44,35-49K,232,0,0,0,0,0,0,0,1,0,0,1,0,1,0,0,1,0,1,0,0,0,0,0,1,1,0,0,0,0,0,7,1,12695.57,TRUE
35-44,250K+,235,0,0,0,0,0,0,0,1,1,0,0,0,1,1,0,0,0,1,0,0,0,0,0,0,0,1,0,0,0,1,7,,12156.64,FALSE
45-54,50-74K,239,0,1,0,0,0,0,0,1,0,0,0,0,1,1,0,0,0,1,0,1,0,1,0,0,0,1,0,0,0,1,9,14,4671.2,FALSE
45-54,75-99K,242,0,0,0,0,0,0,0,1,0,0,0,0,1,0,0,0,0,1,1,0,0,0,0,0,1,0,0,0,0,0,5,,5231.8,FALSE
65+,50-74K,243,0,0,0,0,0,0,1,1,1,0,0,0,1,0,0,0,0,1,0,0,1,0,1,0,0,0,0,0,0,0,7,4,8074.12,FALSE
35-44,125-149K,248,0,0,0,0,0,0,0,0,0,0,0,0,0,0,0,0,0,0,0,0,0,1,0,0,1,1,0,0,0,0,3,6,6039.01,FALSE
35-44,Under 15K,249,0,0,0,0,0,0,0,1,0,0,0,0,1,0,0,0,0,1,0,0,0,0,0,0,0,0,0,0,0,0,3,1,2823.23,FALSE
45-54,75-99K,250,0,0,0,0,0,0,0,0,0,0,0,0,0,0,0,0,0,0,0,0,0,0,0,0,0,0,0,0,0,0,,,5991.84,FALSE
45-54,Under 15K,253,0,0,0,0,0,0,0,1,0,0,1,0,1,1,0,0,0,1,0,1,0,0,0,0,1,0,0,0,0,0,7,,10993.71,FALSE
25-34,50-74K,256,0,0,0,0,0,0,1,1,0,0,0,0,1,1,0,1,1,1,0,1,0,1,0,0,1,1,0,0,0,1,12,33,9850.35,FALSE
25-34,25-34K,257,0,0,0,0,0,0,0,1,0,0,0,0,1,0,0,0,0,0,0,0,0,0,0,0,0,1,0,0,0,0,3,,2689.99,TRUE
45-54,35-49K,263,0,0,0,0,0,0,0,1,0,0,0,1,1,0,0,1,0,1,0,0,0,0,1,0,0,0,0,0,0,0,6,,5870.33,FALSE
45-54,75-99K,264,0,0,0,0,0,0,0,0,0,0,0,0,0,0,0,0,0,1,0,0,0,0,0,0,0,0,0,0,0,0,1,,1783.07,TRUE
35-44,35-49K,276,0,0,0,0,0,0,0,1,0,0,0,0,1,1,0,0,0,1,0,1,0,1,0,0,0,0,0,0,0,0,6,1,5758.71,FALSE
35-44,50-74K,281,0,0,0,0,0,0,0,1,0,0,0,0,1,0,1,0,0,0,0,0,0,0,0,0,0,1,0,0,0,1,5,,1495.08,FALSE
45-54,35-49K,282,0,0,0,0,0,0,1,1,1,0,0,0,1,0,0,0,0,1,0,0,0,0,0,0,0,0,0,0,0,0,5,6,4162.56,FALSE
25-34,50-74K,283,0,0,0,0,0,0,1,0,0,0,0,0,0,0,0,1,1,1,1,0,0,0,1,0,1,0,0,0,0,0,7,3,6023.37,FALSE
45-54,100-124K,289,0,0,0,1,0,0,1,1,0,0,0,0,1,0,0,0,0,1,0,0,0,0,0,0,0,0,0,0,0,0,5,,5970.47,TRUE
25-34,35-49K,290,0,0,0,0,1,0,1,1,0,1,1,0,1,0,0,0,0,1,0,1,0,0,0,0,0,0,0,0,0,0,8,,5524.34,FALSE
25-34,50-74K,294,0,0,0,0,0,0,0,1,1,0,1,0,1,0,0,0,0,1,0,0,0,1,0,0,0,1,0,1,1,1,10,10,5411.36,FALSE
55-64,Under 15K,300,0,0,0,0,0,0,0,1,0,0,1,0,1,0,0,0,0,1,0,0,0,0,0,0,0,1,0,0,0,1,6,,4974.31,TRUE
35-44,35-49K,301,0,0,0,0,0,0,0,0,1,0,1,0,0,1,0,0,1,1,0,1,0,0,1,0,1,0,0,0,0,0,8,,7211.68,FALSE
45-54,35-49K,302,0,0,0,0,0,0,0,1,0,0,0,0,0,0,0,0,0,0,0,0,0,0,0,0,0,0,0,0,0,0,1,,1797.53,TRUE
25-34,50-74K,304,0,0,0,0,1,0,0,1,0,0,1,0,1,0,0,0,0,1,1,0,0,0,0,0,1,0,1,0,0,1,9,,8586.28,FALSE
19-24,35-49K,306,0,0,0,0,0,0,0,1,0,0,0,0,1,1,0,0,0,1,0,0,0,0,0,0,0,0,0,0,0,0,4,4,5716.73,FALSE
25-34,75-99K,309,0,0,0,0,0,0,0,0,0,0,0,0,0,0,0,0,0,0,0,0,0,0,0,0,0,0,0,0,0,0,,,2325.59,TRUE
45-54,75-99K,314,0,0,0,0,0,0,0,0,0,0,0,0,0,0,0,0,0,0,1,0,0,0,0,0,0,0,0,0,0,0,1,,3004.01,FALSE
45-54,75-99K,317,0,0,0,0,0,0,0,1,0,0,0,1,1,0,0,0,0,1,0,0,1,0,0,0,0,0,0,0,0,1,6,,6083.3,FALSE
45-54,35-49K,319,0,0,0,0,0,0,0,1,0,0,0,0,1,0,0,0,0,1,0,0,0,0,0,0,0,1,0,0,0,1,5,,3758.5,TRUE
45-54,100-124K,321,0,0,0,1,1,0,0,1,1,0,0,0,1,0,0,0,0,1,0,0,0,1,0,0,0,0,0,0,0,0,7,2,5935.66,TRUE
45-54,50-74K,324,0,0,0,0,0,0,0,1,0,0,0,0,1,0,0,0,0,0,0,0,1,0,1,0,0,1,0,0,1,1,7,1,8554.87,FALSE
35-44,75-99K,325,0,0,0,0,0,0,0,0,0,0,0,0,0,0,0,0,0,0,0,0,0,0,0,0,0,0,0,0,0,0,,,2850.58,TRUE
25-34,75-99K,329,0,0,0,1,0,0,1,1,0,0,0,0,1,0,0,0,0,1,0,1,0,0,0,0,0,0,0,0,0,0,6,,3026.71,FALSE
35-44,125-149K,332,0,0,0,0,0,0,0,1,0,0,1,0,1,0,0,0,0,1,0,1,0,0,0,1,0,1,0,0,0,0,7,,5519.02,FALSE
45-54,Under 15K,334,0,0,0,0,0,1,0,1,0,0,0,0,1,0,1,0,1,1,0,0,0,0,1,0,0,1,0,0,0,0,8,6,4827.8,FALSE
65+,50-74K,346,0,0,0,0,0,0,0,1,0,0,0,0,1,0,0,0,0,1,0,0,0,0,0,0,0,0,0,0,0,0,3,1,5351.41,FALSE
45-54,50-74K,350,0,0,0,0,0,0,0,1,0,0,0,0,0,0,0,1,0,1,0,0,0,0,0,0,0,1,0,0,0,1,5,,3083.25,FALSE
45-54,50-74K,351,0,0,0,0,1,0,0,1,0,1,0,0,1,0,0,0,0,1,1,1,0,0,0,0,0,0,0,0,0,0,7,3,7659.67,FALSE
45-54,150-174K,353,0,0,0,0,0,0,0,1,0,0,0,0,1,0,0,0,0,1,0,0,0,0,0,0,0,0,0,0,0,0,3,2,3799.2,FALSE
25-34,35-49K,354,0,0,0,0,0,0,1,1,0,0,1,0,1,0,0,0,0,1,1,0,0,1,0,0,0,0,0,0,0,0,7,3,8729.87,FALSE
35-44,50-74K,358,0,0,0,0,0,0,0,0,0,0,1,0,1,1,0,1,0,1,0,1,0,1,0,0,1,0,0,0,0,0,8,,12729.34,FALSE
45-54,50-74K,361,0,0,0,1,0,0,0,1,0,0,0,0,1,0,0,0,0,1,0,0,0,1,0,1,1,1,0,1,0,1,10,6,8747.1,FALSE
65+,50-74K,362,0,0,0,0,0,0,0,0,0,0,0,0,1,0,0,0,0,1,0,0,0,0,0,0,0,0,0,0,0,1,3,2,2987.49,FALSE
55-64,50-74K,367,0,0,0,0,0,0,0,1,1,0,0,0,1,0,0,0,1,1,0,1,0,0,0,0,1,1,0,0,0,1,9,35,7186.37,FALSE
65+,50-74K,370,0,0,0,0,0,0,0,0,0,0,0,0,0,0,0,0,0,1,0,0,0,0,0,0,0,0,0,0,0,0,1,,3386.78,TRUE
35-44,75-99K,371,0,0,0,0,0,0,0,1,0,0,1,0,1,1,0,1,1,1,0,1,1,0,1,1,1,0,0,0,0,0,12,,15716.54,FALSE
45-54,50-74K,377,0,0,0,1,0,0,0,1,0,0,0,0,1,0,0,0,0,1,0,0,0,1,0,0,0,0,0,0,0,0,5,,3166.45,FALSE
55-64,50-74K,378,0,0,0,0,0,0,0,1,0,0,0,0,1,0,0,1,0,1,0,0,0,0,0,0,0,1,0,0,0,0,5,9,4715.42,FALSE
25-34,35-49K,381,0,0,0,0,0,0,0,0,0,1,0,0,1,1,0,0,0,0,0,0,0,0,0,0,0,1,0,0,0,1,5,,3120.79,FALSE
45-54,50-74K,383,0,0,0,0,0,0,0,1,0,0,0,0,1,0,0,1,0,0,0,0,1,0,0,0,0,0,0,0,0,0,4,1,5763.44,TRUE
25-34,50-74K,385,0,0,0,0,0,0,0,0,0,0,0,0,0,0,0,0,0,0,0,0,0,0,0,0,0,0,0,0,0,0,,,2929.72,FALSE
35-44,25-34K,386,0,0,0,0,0,0,0,1,0,0,0,0,1,0,0,0,1,1,0,0,0,0,0,0,1,0,0,0,0,0,5,,4676.43,FALSE
25-34,50-74K,387,0,0,0,0,0,0,0,1,0,0,0,0,1,0,0,0,0,1,0,0,0,0,0,0,0,0,0,0,0,0,3,1,5697.25,FALSE
35-44,150-174K,389,0,0,0,0,0,0,0,1,1,0,0,1,1,1,0,0,1,1,0,0,0,1,1,0,1,0,0,0,0,0,10,23,14880.92,FALSE
45-54,25-34K,390,0,0,0,0,0,0,0,1,0,0,0,0,1,0,0,0,0,1,0,0,0,0,0,0,0,0,0,0,0,0,3,,1806.02,FALSE
65+,25-34K,391,0,0,0,0,0,0,0,0,0,0,0,0,0,0,0,0,1,1,0,0,0,0,0,0,0,0,0,0,0,0,2,,1412.64,TRUE
35-44,250K+,392,0,0,0,0,0,0,0,1,0,0,1,0,1,0,0,0,0,1,0,1,1,0,1,0,1,0,0,0,0,0,8,,11443.97,FALSE
35-44,25-34K,395,0,0,0,0,0,0,0,0,0,0,0,0,0,0,0,0,0,0,0,0,0,0,0,0,0,0,0,0,0,0,,,872.91,FALSE
35-44,150-174K,400,0,0,0,0,0,0,0,0,0,0,0,0,0,0,0,0,0,0,0,0,0,1,1,0,1,0,0,0,0,0,3,4,18494.14,FALSE
25-34,25-34K,404,0,0,0,0,0,0,0,1,1,0,0,0,1,0,0,1,0,1,0,0,0,0,0,0,0,1,0,0,1,1,8,,6107.18,FALSE
19-24,25-34K,409,0,0,0,1,0,0,1,1,1,0,0,0,1,0,0,0,1,0,0,0,0,1,0,0,0,1,0,0,0,0,8,,4499.85,FALSE
55-64,35-49K,410,0,0,0,0,0,0,0,1,0,0,0,0,0,0,0,0,0,0,0,0,0,0,0,0,0,0,0,0,0,0,1,,1148.42,FALSE
35-44,Under 15K,411,0,0,0,0,0,0,0,1,0,1,0,0,1,0,0,0,0,1,0,1,0,0,0,0,0,0,0,0,0,0,5,,6697.21,FALSE
65+,15-24K,412,0,0,0,0,0,0,0,0,0,0,0,1,1,0,0,0,0,1,0,0,0,0,1,0,0,0,0,0,0,0,4,4,2426.3,FALSE
45-54,100-124K,413,0,0,0,0,0,0,1,1,0,0,0,0,1,0,0,1,0,1,0,1,0,0,0,0,0,1,0,0,0,1,8,2,5963.78,FALSE
45-54,35-49K,417,0,0,0,0,0,0,0,0,0,0,0,0,0,0,0,0,0,0,0,0,0,0,0,0,0,0,0,0,0,0,,,3012.96,FALSE
35-44,35-49K,418,0,0,0,1,0,0,1,1,1,0,0,1,1,0,0,1,1,1,0,0,0,0,1,0,1,0,0,0,0,0,11,,6960.96,FALSE
45-54,50-74K,426,0,0,0,0,0,0,0,1,0,0,0,0,1,0,0,0,0,1,0,0,0,0,0,0,0,0,0,0,0,0,3,11,7860.85,FALSE
19-24,50-74K,428,0,0,0,0,0,0,1,1,0,0,0,0,1,0,0,0,0,1,0,0,0,1,0,0,0,0,0,0,0,0,5,,3361.43,TRUE
19-24,25-34K,432,0,0,0,0,0,0,0,0,0,0,0,0,1,0,0,0,0,0,0,0,0,0,0,0,0,1,0,0,0,0,2,,3486.55,FALSE
35-44,15-24K,434,0,0,0,0,1,0,0,1,0,0,1,0,1,1,0,1,0,1,0,1,0,1,0,0,0,0,0,0,0,0,9,,3778.75,FALSE
25-34,50-74K,437,0,0,0,0,0,0,0,1,0,1,0,1,1,1,0,0,0,0,1,0,0,0,0,0,0,1,0,0,0,1,8,2,5915.73,FALSE
35-44,50-74K,438,0,0,0,0,0,0,0,0,0,0,0,0,0,0,0,0,0,1,0,1,0,0,0,0,0,0,0,0,0,0,2,2,4456.52,FALSE
45-54,50-74K,441,0,0,0,0,0,0,0,0,0,0,0,0,1,0,0,0,0,0,0,0,0,0,0,0,0,0,0,0,0,0,1,,2369.9,FALSE
25-34,15-24K,442,0,0,0,0,0,0,0,1,1,0,0,0,0,0,0,0,0,0,0,0,0,0,0,0,0,0,0,0,0,0,2,,3094.71,FALSE
45-54,25-34K,443,0,0,0,0,0,0,0,1,1,0,0,0,1,0,0,0,0,1,0,0,0,0,0,0,0,0,0,0,0,0,4,2,2644.21,FALSE
25-34,Under 15K,451,0,0,0,0,0,0,0,1,0,0,0,0,1,0,0,0,0,1,0,0,0,0,0,0,0,0,0,0,0,0,3,,2376.28,FALSE
55-64,35-49K,454,0,1,0,0,0,0,0,1,0,0,0,1,1,0,0,0,0,1,0,1,0,0,0,0,0,1,0,0,0,1,8,1,8215.93,FALSE
19-24,50-74K,456,0,0,0,1,0,0,1,1,0,0,0,0,1,1,0,0,0,1,0,1,0,0,0,0,1,1,0,0,0,1,10,,6314.03,FALSE
55-64,35-49K,458,0,0,0,0,0,0,0,1,1,0,0,1,1,0,0,0,0,1,0,0,0,0,0,0,0,0,0,0,0,0,5,4,1685.64,FALSE
65+,25-34K,460,0,0,0,1,0,0,0,1,0,0,0,0,1,0,0,0,0,1,0,0,0,0,0,0,0,0,0,0,0,0,4,1,760.45,FALSE
65+,100-124K,462,0,0,0,0,0,0,0,0,0,0,0,0,1,0,0,0,0,0,0,0,0,0,0,0,0,0,0,0,0,0,1,,1510.63,FALSE
65+,50-74K,464,0,0,0,1,0,0,0,1,0,0,0,0,1,1,0,1,0,1,0,1,0,1,0,0,1,1,0,0,0,0,10,10,3590.49,FALSE
45-54,75-99K,469,0,0,0,0,0,0,0,1,0,0,0,0,1,0,0,0,0,1,0,0,0,1,1,0,0,1,0,0,0,0,6,5,7748.49,TRUE
45-54,50-74K,473,0,0,0,0,0,0,0,1,0,0,0,0,0,0,0,0,0,1,0,0,0,0,0,0,0,0,0,0,0,0,2,3,3208.71,FALSE
45-54,35-49K,483,0,0,0,0,0,0,0,0,0,0,0,0,1,0,0,0,0,1,0,0,0,0,0,0,0,0,0,0,0,1,3,,2718.99,FALSE
25-34,15-24K,484,0,0,0,0,0,0,0,1,0,0,0,0,1,0,0,0,0,1,0,0,0,0,0,0,0,0,0,0,0,0,3,2,2964.51,FALSE
35-44,25-34K,485,0,0,0,0,0,0,0,0,0,0,0,0,0,0,0,0,0,0,0,0,0,1,0,0,1,0,0,0,0,0,2,2,5431.01,FALSE
55-64,150-174K,489,0,0,0,0,0,1,1,1,1,0,0,0,1,0,0,1,0,0,0,0,0,0,0,0,0,0,0,0,0,0,6,,5866.56,FALSE
35-44,75-99K,490,0,0,0,0,0,0,0,1,0,0,0,0,1,0,0,0,0,1,0,0,0,0,0,0,0,1,0,0,0,1,5,7,3886.87,TRUE
45-54,75-99K,491,0,0,0,0,0,0,1,1,0,0,0,0,1,0,0,1,0,1,0,0,0,0,0,0,0,0,0,0,0,0,5,,4835.71,FALSE
45-54,50-74K,492,0,0,0,0,1,1,0,1,0,0,0,0,1,1,0,1,0,1,0,1,0,0,0,0,0,0,0,0,0,0,8,3,7148.28,TRUE
55-64,50-74K,493,0,0,0,0,0,0,1,1,0,0,0,0,1,0,0,0,1,1,0,0,0,0,0,0,0,0,0,0,0,0,5,,4925.56,FALSE
35-44,250K+,510,0,0,0,1,0,1,1,1,1,0,1,0,1,0,0,0,1,1,0,0,0,1,0,0,1,0,0,0,0,0,11,,7903.36,FALSE
45-54,75-99K,513,0,1,0,0,0,0,0,1,0,0,0,0,1,0,0,0,0,1,0,0,1,0,0,0,1,0,0,0,0,0,6,,12130.01,FALSE
45-54,75-99K,518,0,0,0,0,0,0,0,1,0,0,0,0,1,0,0,0,1,1,0,0,0,0,0,1,0,0,0,0,0,0,5,5,4926.37,FALSE
65+,35-49K,523,0,0,0,0,0,0,0,0,0,0,0,0,1,0,0,0,0,1,0,0,0,0,0,0,0,0,0,0,0,0,2,1,5731.87,FALSE
45-54,50-74K,526,0,0,0,0,0,0,1,1,0,0,0,0,1,1,0,0,0,1,0,0,0,1,0,1,0,0,0,0,1,0,8,,4574.92,FALSE
45-54,50-74K,527,0,0,0,0,0,0,0,1,0,0,0,0,0,0,0,0,0,1,0,0,0,1,0,0,0,0,0,0,0,0,3,,3581.52,FALSE
45-54,35-49K,534,0,0,0,0,0,0,1,1,0,0,0,0,0,0,0,0,0,1,0,0,0,0,0,0,0,0,0,0,0,0,3,,1315.44,FALSE
25-34,50-74K,540,0,0,0,0,0,0,0,1,0,0,0,0,0,0,0,0,0,0,0,0,0,0,1,0,0,0,0,0,0,0,2,,3280.73,FALSE
25-34,35-49K,542,0,0,0,0,0,0,0,0,0,0,0,0,1,0,0,0,0,1,0,0,0,0,0,0,0,0,0,0,0,0,2,,2313.52,TRUE
35-44,35-49K,543,0,0,0,0,0,0,0,1,0,0,0,0,1,0,1,0,0,1,0,0,0,0,0,0,0,0,0,0,0,0,4,,3697.55,FALSE
45-54,50-74K,546,0,0,0,0,0,0,0,1,0,0,0,0,1,0,0,0,0,1,0,0,0,0,0,0,0,0,0,0,0,0,3,2,3339,TRUE
35-44,75-99K,548,0,0,0,0,0,0,0,1,0,0,0,0,1,0,0,1,0,1,0,0,0,1,0,0,0,0,0,0,0,0,5,,4255.83,TRUE
45-54,75-99K,553,0,0,0,0,0,0,1,1,0,0,1,0,0,1,0,1,0,1,0,1,0,0,0,1,0,0,0,0,0,0,8,,7259.09,FALSE
19-24,35-49K,560,0,0,0,0,0,0,0,1,0,0,0,0,1,1,0,0,0,1,0,1,0,1,0,0,0,1,0,0,0,1,8,3,7290.9,FALSE
19-24,25-34K,567,0,0,0,0,0,0,0,1,0,0,0,0,1,0,0,0,0,0,0,0,0,0,0,0,1,1,0,0,0,0,4,,3134.9,FALSE
35-44,250K+,569,0,0,0,0,0,0,1,1,0,1,0,0,1,0,0,0,0,1,0,0,0,1,0,0,0,0,0,0,1,0,7,,6749.19,FALSE
35-44,75-99K,574,0,0,0,0,1,0,0,1,0,1,0,0,1,1,0,0,1,1,1,0,0,0,0,0,1,0,0,0,0,0,9,25,6753.54,FALSE
35-44,50-74K,575,0,0,0,0,0,0,0,1,1,0,0,0,1,0,0,0,0,1,0,0,0,0,0,1,1,1,0,0,1,1,9,,11771.13,FALSE
55-64,35-49K,576,0,0,0,0,0,1,1,1,1,0,0,0,1,0,0,1,0,1,0,0,0,0,0,0,0,1,0,0,0,1,9,,3750.12,TRUE
25-34,50-74K,578,0,0,0,0,0,0,0,0,0,0,0,0,0,0,0,0,0,1,0,0,0,0,1,0,0,0,0,0,0,1,3,,2996.69,FALSE
45-54,125-149K,582,0,0,0,0,0,0,0,1,0,0,0,0,1,0,0,0,0,1,0,0,0,0,0,0,0,0,0,0,0,0,3,,5137.74,FALSE
35-44,15-24K,583,0,1,0,0,1,0,0,1,0,0,0,0,1,0,0,0,0,1,0,0,0,0,0,0,0,1,0,0,0,0,6,,3063.34,TRUE
19-24,35-49K,586,0,0,0,0,1,0,0,1,0,1,1,0,1,1,0,0,0,1,1,0,0,0,0,0,0,0,0,0,0,0,8,,5822.64,FALSE
35-44,50-74K,588,0,0,0,0,1,0,0,1,0,1,1,0,1,1,0,0,0,1,1,0,0,1,0,0,0,0,0,0,0,1,10,22,9540.54,FALSE
35-44,35-49K,593,0,0,0,0,0,0,0,0,0,0,0,0,0,0,0,0,0,0,0,0,0,0,0,0,0,0,0,0,0,0,,,646.4,TRUE
25-34,35-49K,595,0,0,0,0,1,0,0,1,0,0,1,0,1,0,0,0,0,1,0,0,0,0,0,0,0,0,0,0,0,0,5,,2373.74,FALSE
45-54,15-24K,596,0,0,0,0,0,0,0,1,0,0,1,0,1,0,0,0,0,1,0,0,0,0,0,0,0,0,0,0,0,0,4,1,2996.37,FALSE
19-24,Under 15K,597,0,0,0,0,0,0,0,1,0,0,0,0,1,1,0,0,0,0,0,0,0,0,0,0,0,0,0,0,0,0,3,,3826.25,FALSE
35-44,25-34K,598,0,1,0,0,0,0,0,1,1,0,0,0,0,0,0,0,0,1,0,0,0,0,1,0,0,1,0,0,0,1,7,,3354.9,FALSE
35-44,100-124K,601,0,0,0,0,0,0,0,1,0,0,0,1,1,0,0,0,0,1,0,0,0,0,1,0,0,0,0,0,1,0,6,,5241.27,FALSE
25-34,75-99K,605,0,0,0,0,1,0,0,1,0,1,0,0,1,0,0,0,0,1,1,0,0,0,0,0,0,0,0,0,0,0,6,8,5856.38,FALSE
45-54,35-49K,606,0,0,0,0,0,0,0,1,0,0,0,0,1,0,0,1,0,0,0,0,0,0,0,0,0,0,0,0,0,0,3,,3323.12,FALSE
45-54,125-149K,607,0,0,0,0,0,0,0,1,0,0,0,0,1,0,0,0,0,1,0,0,0,0,0,0,0,0,0,0,0,0,3,,3203.01,FALSE
25-34,25-34K,608,0,0,0,0,1,0,0,1,0,1,1,0,1,0,0,0,1,1,0,0,0,0,0,0,0,0,0,0,0,0,7,,5148.98,FALSE
45-54,50-74K,609,0,0,0,0,0,0,0,0,0,0,0,0,1,0,0,0,0,1,0,0,0,0,0,0,0,1,0,0,0,1,4,,1665.89,FALSE
35-44,15-24K,614,0,0,0,0,0,0,0,1,0,0,1,0,1,0,0,0,0,1,0,0,0,1,0,0,1,0,0,0,0,0,6,,2757.24,FALSE
45-54,35-49K,621,0,0,0,0,0,0,0,0,0,0,0,0,1,0,0,0,0,1,0,0,0,0,0,0,0,0,0,0,0,0,2,,3179.15,FALSE
35-44,15-24K,622,0,0,0,0,0,0,1,1,0,0,0,0,1,0,0,0,0,1,0,0,0,0,0,0,0,0,0,0,1,0,5,,2384.37,FALSE
45-54,35-49K,623,0,0,0,0,0,1,0,1,0,0,0,0,1,1,0,0,0,1,0,0,0,0,0,0,0,0,0,0,0,0,5,,3899.16,FALSE
45-54,50-74K,624,0,0,0,0,0,0,0,1,0,0,0,0,1,0,0,0,0,1,0,0,0,0,0,0,0,1,0,0,0,1,5,,6003.47,FALSE
35-44,35-49K,630,1,0,0,0,0,0,0,1,0,0,0,0,1,0,0,0,0,1,0,0,0,0,0,0,0,0,0,1,0,1,6,7,7746.27,FALSE
65+,100-124K,631,0,0,0,0,0,0,0,1,0,0,0,0,1,0,0,0,0,1,0,0,0,0,0,0,0,1,0,0,0,1,5,1,9277.72,FALSE
65+,75-99K,644,0,0,0,0,1,0,1,1,0,0,0,0,1,0,0,0,0,1,0,0,0,1,0,1,0,0,0,0,0,0,7,,3772.03,FALSE
35-44,50-74K,647,0,1,0,1,0,0,0,1,0,0,0,1,1,1,0,1,0,1,0,1,0,0,0,0,1,0,0,0,0,0,10,4,6326.74,FALSE
55-64,50-74K,660,0,0,0,0,0,0,1,1,0,0,1,0,1,1,0,0,1,1,0,1,0,1,0,0,0,0,0,0,0,0,9,,7954.28,FALSE
45-54,50-74K,661,0,0,0,0,0,0,1,1,0,0,0,0,1,0,0,1,0,1,0,0,0,0,0,1,0,0,0,0,0,0,6,,8271.31,FALSE
55-64,35-49K,670,0,0,0,0,0,0,0,0,0,0,0,0,1,0,0,0,0,0,0,0,1,0,0,1,0,1,0,0,0,1,5,,5685.67,FALSE
35-44,35-49K,671,0,0,0,0,0,0,0,1,0,0,0,0,1,0,0,0,0,1,0,0,0,0,0,0,0,0,0,0,0,0,3,,5089.66,TRUE
35-44,25-34K,672,0,0,0,0,0,0,0,0,0,0,0,0,1,0,0,0,0,0,0,0,0,0,0,0,0,0,0,0,0,0,1,,2731.15,FALSE
35-44,50-74K,675,0,0,0,0,0,0,0,1,0,0,1,0,1,0,0,0,0,0,0,0,0,0,0,0,1,0,0,0,0,0,4,,4832.38,FALSE
45-54,50-74K,680,0,0,0,0,0,0,0,1,0,0,0,0,1,0,0,0,0,1,0,0,0,0,0,0,0,0,0,0,0,0,3,2,3513.02,FALSE
65+,125-149K,682,0,0,0,0,0,0,0,0,0,0,0,0,0,0,0,0,0,1,0,0,0,0,0,0,0,1,0,0,0,1,3,,4438.29,TRUE
35-44,Under 15K,685,0,0,0,0,0,0,0,0,0,0,0,0,1,0,0,0,0,1,0,0,0,0,0,0,0,0,0,0,0,0,2,,6019.77,FALSE
35-44,125-149K,688,0,0,0,0,0,0,0,0,1,0,1,0,1,0,0,0,0,0,0,0,0,0,0,0,0,0,0,0,0,0,3,,3207.61,TRUE
65+,15-24K,690,0,0,0,0,0,0,1,1,0,0,0,0,1,0,0,0,0,1,0,0,0,0,0,1,0,0,0,0,0,0,5,,4963.14,FALSE
65+,35-49K,692,0,0,0,0,0,0,0,1,1,0,0,0,1,0,0,0,0,1,0,0,0,0,0,0,0,0,0,0,0,0,4,3,3891.14,FALSE
45-54,15-24K,693,0,0,1,0,0,0,0,1,0,0,0,0,1,0,0,1,0,1,0,1,0,1,1,0,0,1,0,0,0,0,9,,6378.8,TRUE
35-44,35-49K,695,0,0,0,0,0,0,1,1,0,0,1,0,1,1,0,0,1,1,0,1,0,0,0,0,0,0,0,0,0,0,8,,8523.93,FALSE
35-44,50-74K,696,0,0,0,0,0,0,0,0,0,0,0,0,1,0,0,0,0,1,0,0,0,0,0,0,0,0,0,0,0,0,2,4,14715.53,FALSE
45-54,50-74K,699,0,0,0,0,0,0,0,1,0,0,0,0,1,0,0,0,0,1,0,1,0,1,0,0,1,0,0,0,0,1,7,1,10353,FALSE
45-54,50-74K,706,0,0,0,0,0,0,0,0,1,0,0,0,1,0,0,0,0,1,0,0,1,0,0,1,0,1,0,0,0,1,7,,4024.6,FALSE
25-34,100-124K,707,0,0,0,0,0,0,0,1,0,0,1,0,1,1,0,0,1,1,0,0,1,0,1,0,1,0,0,0,0,0,9,,19194.42,FALSE
35-44,100-124K,708,0,0,0,0,0,0,0,1,1,0,0,0,0,0,0,0,0,1,0,0,0,0,0,0,0,1,0,0,0,0,4,,2828.06,FALSE
65+,50-74K,712,0,0,0,0,0,0,0,1,0,0,0,1,1,1,0,0,0,1,0,1,1,0,0,0,1,1,0,0,1,1,11,10,11711.02,FALSE
55-64,15-24K,714,0,0,0,0,0,0,0,1,0,1,0,0,1,0,0,0,0,1,0,0,0,0,0,0,0,0,0,0,0,1,5,,4117.34,FALSE
55-64,15-24K,715,0,0,0,0,0,0,0,1,0,0,0,0,1,0,0,0,0,1,0,0,0,0,0,0,0,0,0,0,0,0,3,1,3712.14,FALSE
45-54,75-99K,716,0,0,0,0,0,0,0,0,0,0,0,0,1,0,0,0,0,0,0,0,0,0,0,0,0,0,0,0,0,0,1,2,1290.68,FALSE
45-54,25-34K,718,0,0,1,0,1,0,0,0,0,1,1,0,1,0,0,1,1,1,1,0,0,1,1,0,1,1,1,0,0,1,15,5,19299.86,FALSE
35-44,50-74K,722,0,0,0,0,1,0,0,1,1,0,0,0,0,0,0,0,0,1,0,0,0,0,1,0,0,0,0,0,0,0,5,,6437.62,FALSE
45-54,25-34K,725,0,0,0,0,0,0,0,1,1,0,0,1,1,0,0,0,0,1,0,0,0,0,0,0,1,0,0,0,0,0,6,5,4828.58,FALSE
45-54,35-49K,731,0,0,0,0,0,0,1,1,0,0,0,0,1,0,0,0,0,1,0,0,0,0,0,0,0,0,0,0,0,0,4,,3151.31,FALSE
55-64,75-99K,732,0,0,0,1,0,0,0,1,1,0,1,0,1,0,0,0,0,1,0,0,0,1,0,0,0,0,0,0,1,0,8,,3967.82,FALSE
45-54,75-99K,733,0,0,0,0,0,0,0,0,0,0,0,0,1,0,0,0,0,1,0,0,0,0,0,0,0,0,0,0,0,0,2,,2678.56,FALSE
45-54,175-199K,740,0,0,0,0,0,0,1,1,1,0,0,0,0,0,0,0,0,1,0,0,0,1,0,0,0,0,0,0,1,0,6,2,6644.85,FALSE
65+,50-74K,741,0,0,0,0,0,0,0,1,1,0,0,0,0,0,0,0,0,0,0,0,0,0,0,0,0,0,0,0,0,0,2,,3414.6,FALSE
35-44,15-24K,742,0,0,0,0,0,0,1,1,0,0,1,0,1,1,0,0,1,1,0,1,0,0,0,0,1,0,0,0,0,0,9,,3950.96,FALSE
45-54,Under 15K,748,0,0,0,0,0,0,0,0,0,0,0,0,0,0,0,0,1,1,1,0,0,0,0,0,0,0,0,0,0,0,3,,2709.18,FALSE
35-44,75-99K,752,0,0,0,0,0,0,0,1,0,0,0,0,1,0,0,0,0,1,0,0,0,0,0,0,0,0,0,0,0,0,3,,3792.56,FALSE
45-54,75-99K,753,0,0,0,0,0,0,0,0,0,0,0,0,0,0,0,0,0,0,0,0,0,0,0,0,0,0,0,0,0,0,,,2177.13,FALSE
35-44,50-74K,755,0,0,0,0,0,0,0,1,0,0,0,0,1,0,0,0,0,1,0,0,0,0,1,0,0,1,0,0,1,1,7,12,10617.05,FALSE
25-34,125-149K,761,0,0,0,0,0,0,1,0,0,1,1,0,1,0,0,0,0,0,0,0,0,1,0,0,1,0,0,0,0,0,6,11,9036.01,FALSE
35-44,125-149K,762,0,0,0,0,0,0,1,1,1,0,0,1,1,0,0,1,0,1,0,0,0,1,1,0,1,0,0,0,1,0,11,,8982.79,FALSE
35-44,50-74K,764,0,0,0,0,0,0,0,0,0,0,0,0,1,0,0,0,0,0,0,0,0,0,0,0,0,0,0,0,0,0,1,3,3196.78,FALSE
45-54,150-174K,766,0,0,0,1,0,1,0,1,0,0,0,0,1,1,0,1,1,1,0,0,0,0,0,1,0,0,0,0,1,0,10,1,8350.09,FALSE
35-44,50-74K,768,0,0,0,0,0,0,1,0,0,0,0,1,1,0,0,0,0,1,0,0,0,0,0,0,0,0,0,0,0,0,4,3,6681.35,FALSE
25-34,50-74K,770,0,0,0,0,0,0,0,0,0,0,0,0,0,0,0,0,0,0,0,0,0,0,0,0,0,0,0,0,0,0,,,2246.36,TRUE
45-54,50-74K,771,0,0,0,0,0,0,0,1,0,0,0,0,1,1,0,1,0,1,0,1,0,1,0,0,1,0,0,0,1,0,9,3,7990.97,FALSE
65+,125-149K,779,0,0,0,0,0,0,0,1,0,0,0,0,0,0,0,0,0,0,0,0,0,1,0,0,0,0,0,0,0,0,2,,3918.28,FALSE
45-54,100-124K,784,0,0,0,0,0,0,0,1,0,0,0,0,1,0,0,0,0,1,0,0,0,0,0,0,0,1,0,0,0,0,4,,3117.66,FALSE
65+,75-99K,785,0,0,0,0,0,0,0,0,0,0,0,0,0,0,0,0,0,0,0,0,0,0,0,0,0,1,0,0,0,0,1,,2089.8,FALSE
19-24,75-99K,786,0,0,0,0,0,0,0,1,0,0,0,1,1,1,0,0,0,1,0,1,0,0,0,0,1,0,0,0,0,0,7,,7434.07,FALSE
25-34,25-34K,787,0,0,0,0,0,0,0,1,0,0,0,0,1,0,0,0,0,1,0,0,0,0,0,0,0,0,0,0,0,0,3,,2504.59,FALSE
25-34,Under 15K,788,0,0,0,0,0,0,0,1,0,1,1,0,1,1,0,0,0,1,1,1,0,1,0,0,1,1,0,0,0,1,12,10,7514.2,FALSE
45-54,50-74K,790,0,0,0,0,0,0,0,0,0,0,0,0,0,0,0,0,1,1,0,0,0,0,0,0,0,0,0,0,0,0,2,,2842.63,FALSE
25-34,75-99K,797,0,0,0,1,0,0,0,1,0,0,1,0,1,0,0,0,0,1,0,0,0,0,0,0,0,0,0,0,0,0,5,,3059.57,FALSE
25-34,35-49K,800,0,0,0,0,1,0,0,1,0,1,1,0,1,1,0,0,1,1,1,0,0,1,1,0,1,0,0,0,0,0,12,,10426.58,FALSE
65+,35-49K,802,0,0,0,0,0,0,0,1,0,0,0,0,1,0,0,0,0,1,0,0,0,0,0,0,0,0,0,0,0,0,3,,2154.43,FALSE
25-34,75-99K,803,0,0,0,0,0,0,0,0,0,0,0,0,0,0,0,0,1,1,0,0,0,0,0,0,0,0,0,0,0,1,3,,2036.84,FALSE
35-44,75-99K,806,0,0,0,0,0,0,0,1,0,1,0,1,1,0,0,0,1,1,1,1,0,0,0,0,0,0,0,0,0,1,9,,5875.35,FALSE
45-54,75-99K,808,0,0,0,0,0,0,0,1,0,0,0,0,0,0,0,0,0,1,0,0,0,0,0,0,0,0,0,0,0,0,2,,2317.9,FALSE
25-34,50-74K,816,0,0,0,0,0,1,0,1,0,0,0,0,1,1,0,0,0,1,0,0,0,0,1,1,0,1,0,0,0,1,9,,3468.66,TRUE
35-44,150-174K,817,0,0,0,0,0,0,1,1,1,0,0,0,1,0,0,0,0,1,0,0,0,0,0,0,0,0,0,0,1,0,6,,4801.85,FALSE
35-44,50-74K,823,0,0,0,0,0,0,0,0,0,0,0,0,1,0,0,0,0,1,0,0,0,0,0,0,0,0,0,0,0,0,2,,2590.15,FALSE
45-54,175-199K,825,0,0,0,0,0,1,0,1,1,0,0,1,1,0,0,0,0,1,0,0,1,0,0,0,1,0,0,0,0,0,8,13,11835.02,FALSE
45-54,50-74K,831,0,0,0,0,0,0,0,0,0,0,0,0,0,0,0,0,0,0,0,0,0,0,0,1,0,0,0,0,0,0,1,,8831.35,FALSE
35-44,75-99K,840,0,0,0,0,0,0,0,0,0,0,1,0,1,1,0,0,0,1,0,0,0,0,0,1,0,0,0,0,0,0,5,1,11944.57,FALSE
45-54,200-249K,844,0,0,0,0,0,0,0,1,0,0,0,1,1,0,0,0,0,1,0,0,0,0,0,0,0,0,0,0,0,0,4,,5399.64,FALSE
19-24,50-74K,845,0,0,0,1,0,0,0,1,1,0,0,1,1,1,0,1,0,1,0,1,0,0,1,0,1,0,0,0,0,0,11,3,5097.28,FALSE
25-34,35-49K,852,0,0,0,0,0,0,0,0,0,0,0,0,0,0,0,0,0,1,0,0,0,0,0,0,0,0,0,0,0,0,1,,1943.73,FALSE
25-34,175-199K,853,0,0,0,0,0,0,0,1,0,0,0,0,1,0,0,0,0,1,0,0,0,1,1,0,0,0,0,0,0,0,5,,13497.29,FALSE
55-64,35-49K,856,0,0,0,1,0,1,0,1,0,0,0,0,1,0,0,0,0,1,0,0,0,1,0,0,0,0,0,0,0,0,6,,5080.04,FALSE
65+,35-49K,857,0,0,0,0,0,0,0,1,0,0,0,1,1,0,0,0,0,1,0,0,0,0,1,0,0,0,0,0,0,0,5,,4040.81,FALSE
25-34,50-74K,859,0,0,0,0,0,0,0,0,0,0,0,0,1,1,0,1,0,1,0,0,0,1,1,1,0,0,0,0,0,0,7,,7074.2,FALSE
45-54,15-24K,863,0,0,0,0,0,0,0,1,0,0,0,0,0,0,0,0,1,0,1,0,0,0,0,0,0,0,0,0,0,0,3,,2183.53,FALSE
35-44,15-24K,864,0,0,0,0,0,0,1,1,0,0,0,0,1,0,0,0,0,1,0,0,0,0,0,0,1,1,0,0,0,1,7,12,7892.97,FALSE
35-44,75-99K,865,0,0,0,0,0,0,0,0,0,0,0,0,0,0,0,0,0,0,0,0,0,0,0,0,0,0,0,0,0,0,,,1887.73,TRUE
45-54,15-24K,866,0,0,0,0,0,0,0,0,0,0,0,0,0,0,0,0,0,0,0,0,0,0,0,0,0,0,0,0,0,0,,,5519.35,TRUE
45-54,75-99K,867,0,0,0,0,0,0,0,1,0,0,0,0,1,0,0,0,0,1,0,0,0,0,0,0,0,0,0,0,0,0,3,6,6088.84,FALSE
65+,35-49K,868,0,0,0,0,0,0,0,1,0,0,0,1,1,0,0,0,0,1,0,1,0,0,1,0,0,0,0,0,0,0,6,,6836.65,FALSE
35-44,200-249K,871,0,0,0,0,0,0,1,1,1,0,0,1,1,0,0,0,0,1,0,0,0,0,0,0,0,0,0,0,0,0,6,,10435.96,FALSE
25-34,25-34K,875,0,0,0,0,0,0,0,0,0,0,0,0,0,0,0,0,0,0,0,0,0,0,0,0,0,0,0,0,0,0,,,1473.27,TRUE
25-34,35-49K,878,0,0,0,0,1,0,0,1,0,0,1,0,1,1,0,0,1,1,0,0,0,1,0,0,1,0,0,0,0,0,9,2,5980.72,FALSE
35-44,50-74K,879,0,0,0,0,0,0,0,0,0,0,0,0,0,0,0,0,0,1,0,0,0,0,1,0,0,0,0,0,0,0,2,,2448.6,FALSE
45-54,50-74K,882,0,0,0,0,0,0,0,1,0,0,0,0,1,0,0,0,0,1,0,0,0,0,0,0,0,0,0,0,0,0,3,,4609.8,FALSE
35-44,35-49K,883,0,0,0,0,0,0,1,1,1,0,0,0,1,0,0,0,0,1,0,0,0,0,0,1,0,1,0,0,0,1,8,4,10165.13,FALSE
35-44,100-124K,886,0,1,0,0,0,0,0,0,0,0,0,0,1,0,0,0,0,1,0,0,0,0,0,0,0,0,0,0,0,0,3,,4890.11,FALSE
25-34,150-174K,888,0,0,0,0,1,0,0,1,0,1,1,0,1,1,0,0,0,1,0,1,0,1,1,0,1,0,0,0,0,1,12,12,8689.01,FALSE
25-34,50-74K,889,0,0,0,0,1,1,0,0,0,1,0,0,1,1,0,1,0,1,0,1,0,1,1,0,0,1,0,0,0,1,12,23,12983.01,FALSE
45-54,150-174K,895,0,0,0,0,1,0,0,1,1,0,0,1,1,0,0,0,0,1,0,0,0,1,0,0,0,1,0,0,1,1,10,3,8700.15,FALSE
55-64,125-149K,898,0,0,0,1,0,0,0,1,0,0,0,0,1,0,0,0,0,1,0,0,1,0,0,0,0,0,0,0,0,0,5,,8355.23,FALSE
35-44,35-49K,900,0,0,0,0,1,0,1,1,0,0,0,0,1,0,0,1,0,1,0,0,0,1,0,1,0,0,0,0,0,0,8,,16450.53,FALSE
35-44,35-49K,903,0,0,0,0,0,0,0,1,0,0,0,0,1,0,0,0,0,0,0,0,0,0,0,0,0,0,0,0,0,1,3,,2949.56,FALSE
55-64,Under 15K,906,0,0,0,0,0,0,1,1,1,0,0,0,1,0,0,0,0,0,0,0,0,0,1,0,0,0,0,0,1,0,6,1,7048.71,FALSE
45-54,100-124K,908,0,0,0,0,0,0,0,1,0,0,0,0,1,0,0,0,0,1,0,0,0,1,0,0,0,0,0,0,0,0,4,2,6097.47,FALSE
25-34,125-149K,911,0,0,0,0,0,0,0,1,0,0,0,0,1,0,0,0,0,1,0,0,0,0,0,0,0,0,0,0,0,0,3,2,3696.76,TRUE
45-54,15-24K,914,0,0,0,0,0,0,0,0,0,0,0,0,0,0,0,0,0,0,0,0,0,0,0,0,0,0,0,0,0,0,,,1834.08,FALSE
45-54,15-24K,915,0,0,0,0,0,0,0,0,0,0,0,0,1,0,0,0,0,1,0,0,0,0,0,0,0,0,0,0,0,0,2,,970.11,FALSE
45-54,35-49K,920,0,0,0,1,1,1,0,0,0,0,0,0,1,0,0,0,0,1,0,0,0,1,0,0,0,0,0,0,0,0,6,4,5887.36,FALSE
45-54,35-49K,922,0,0,0,0,0,0,0,1,0,0,0,0,1,0,0,0,0,0,0,0,0,0,0,0,0,0,0,0,1,1,4,,3336.99,TRUE
35-44,Under 15K,926,0,0,1,0,0,0,0,1,1,0,0,0,1,0,0,0,0,1,0,0,0,0,0,0,0,1,0,1,1,1,9,,7274.1,FALSE
45-54,25-34K,929,0,0,0,0,0,0,0,1,0,0,0,0,1,0,0,0,1,1,0,0,0,0,1,0,0,0,0,0,0,0,5,4,5342.55,FALSE
19-24,15-24K,932,1,0,0,0,1,0,0,1,0,0,1,0,1,0,0,0,0,1,1,0,0,1,0,1,1,1,0,0,0,1,12,,5845.96,TRUE
45-54,Under 15K,934,0,0,0,0,0,1,0,0,0,0,1,0,1,0,0,0,1,1,0,0,0,1,0,1,0,1,0,0,0,1,9,1,10709.38,FALSE
45-54,75-99K,939,0,0,0,0,0,0,0,0,0,0,0,0,1,0,0,0,0,1,0,0,0,0,0,0,0,0,0,0,0,0,2,,5254.66,FALSE
19-24,200-249K,941,0,0,0,0,0,0,1,1,1,0,0,0,1,0,0,0,0,1,0,0,0,0,0,0,0,0,0,0,0,0,5,,2206.06,FALSE
19-24,Under 15K,946,0,0,0,0,0,0,0,0,0,0,0,0,0,0,0,0,1,1,0,0,0,0,0,0,0,1,0,0,0,0,3,,2530.45,FALSE
65+,35-49K,947,0,1,0,0,0,0,1,1,0,0,0,0,1,0,0,0,0,1,0,0,0,0,0,0,0,1,0,0,0,1,7,4,2305.51,FALSE
25-34,50-74K,949,0,0,0,0,0,0,0,1,1,0,0,0,1,1,0,0,1,1,0,1,0,1,0,0,0,0,0,0,0,0,8,3,5799.97,FALSE
19-24,Under 15K,955,0,0,0,0,0,0,0,1,0,1,1,0,1,0,0,0,0,0,1,0,0,1,0,0,1,0,0,0,0,0,7,,4053.69,FALSE
45-54,50-74K,956,0,0,0,0,0,0,0,1,0,0,0,0,1,0,0,0,0,1,0,0,0,1,0,0,0,0,0,0,0,0,4,1,10231.93,FALSE
35-44,125-149K,960,0,0,0,0,0,0,0,1,0,0,0,0,1,0,0,0,0,1,0,0,0,0,0,0,0,1,0,0,0,1,5,,2447.49,FALSE
35-44,35-49K,968,0,1,0,0,0,0,1,1,0,0,0,0,1,0,0,0,1,1,0,0,0,1,0,1,0,1,0,0,0,1,10,1,9805.11,FALSE
25-34,35-49K,971,0,0,0,0,0,0,0,0,0,0,0,0,1,0,0,0,1,1,0,0,0,0,0,0,0,0,0,0,0,0,3,,3676.15,FALSE
35-44,50-74K,973,0,0,0,0,0,1,0,1,0,0,0,0,1,1,0,1,0,1,0,1,0,0,1,0,1,0,0,0,0,0,9,,13486.32,FALSE
25-34,200-249K,976,0,0,0,0,0,0,0,1,0,0,0,0,0,0,0,0,0,1,0,0,0,1,0,0,0,0,0,0,0,0,3,,6190.51,FALSE
35-44,35-49K,979,0,0,0,0,1,1,1,0,0,0,0,0,1,0,0,1,1,1,1,0,0,1,1,0,1,1,0,0,0,1,13,28,12854.66,FALSE
45-54,25-34K,981,0,0,0,0,0,0,0,0,0,0,0,0,0,0,0,0,0,0,0,0,0,0,0,0,0,0,0,0,0,0,,,1394.11,TRUE
45-54,35-49K,982,0,0,0,0,1,0,0,1,0,1,1,0,1,1,0,1,1,1,0,1,0,1,1,1,1,0,0,0,0,0,14,19,18790.34,FALSE
45-54,35-49K,983,0,0,0,0,0,1,0,1,0,0,0,0,1,0,0,1,0,1,0,1,0,0,0,0,0,0,0,0,0,0,6,2,3807.15,FALSE
25-34,35-49K,986,0,0,0,0,0,0,0,0,0,0,0,0,1,0,0,0,0,0,0,0,0,0,0,0,0,1,0,0,0,0,2,,1827.87,TRUE
45-54,35-49K,992,0,0,0,0,0,0,0,0,0,0,0,0,0,0,0,0,0,0,0,0,0,0,0,0,0,0,0,0,0,0,,,823.35,FALSE
55-64,50-74K,993,0,0,0,0,0,1,0,1,1,0,0,1,1,0,0,0,0,1,0,0,0,0,1,0,0,0,0,0,1,0,8,6,3064.87,FALSE
55-64,25-34K,996,0,1,0,0,0,0,0,1,0,0,0,0,1,0,0,0,0,0,0,0,0,0,0,0,0,1,0,0,0,1,5,,2220.85,FALSE
45-54,75-99K,997,0,0,0,0,0,1,1,1,1,0,0,1,0,1,0,0,0,1,0,1,0,0,0,0,0,0,0,0,1,1,10,,4646.81,FALSE
45-54,50-74K,1001,0,0,0,0,0,0,0,0,0,0,0,0,0,0,0,0,1,1,0,0,0,0,0,0,0,0,0,0,0,1,3,,4082,FALSE
35-44,25-34K,1003,0,0,0,0,0,0,0,0,0,0,0,0,0,0,0,0,0,0,0,0,0,0,0,0,0,1,0,0,0,1,2,,2588.73,TRUE
25-34,15-24K,1004,0,0,0,0,0,0,1,1,1,0,0,0,1,0,0,0,0,1,0,0,0,0,0,0,0,0,0,0,0,0,5,,3708.72,FALSE
35-44,35-49K,1012,0,0,0,0,0,0,0,1,0,0,0,0,1,0,0,0,0,0,0,0,0,0,0,0,0,1,0,0,0,1,4,1,2342.51,TRUE
45-54,15-24K,1014,0,0,0,0,0,0,0,1,0,0,0,1,1,0,0,0,0,1,0,1,0,1,0,0,1,0,0,0,0,0,7,,4199.76,FALSE
45-54,50-74K,1015,0,0,0,0,0,1,0,1,0,0,0,0,1,0,0,0,0,1,0,0,0,0,0,0,0,0,0,0,0,1,5,4,3807.72,FALSE
45-54,35-49K,1018,0,0,0,0,0,0,0,1,0,0,0,0,1,0,0,0,0,1,0,0,0,0,0,0,0,1,0,0,0,1,5,,2138.59,FALSE
45-54,25-34K,1020,0,0,0,0,0,0,0,1,0,0,0,1,1,0,0,0,0,1,0,0,0,1,0,0,0,0,0,0,0,0,5,1,9561.46,FALSE
35-44,50-74K,1021,0,0,0,0,0,0,0,0,0,0,0,0,0,0,0,0,0,0,0,0,0,0,0,0,0,0,0,0,1,0,1,,2086.12,FALSE
25-34,Under 15K,1024,0,0,0,0,0,0,0,1,0,0,0,0,1,1,0,0,0,1,0,1,0,1,0,0,1,0,0,0,0,0,7,1,9448.75,FALSE
35-44,75-99K,1031,0,0,0,0,0,0,0,0,0,0,0,0,1,0,0,0,0,1,0,0,0,0,0,0,0,0,0,0,0,0,2,,4232.12,TRUE
55-64,Under 15K,1038,0,0,0,0,0,0,0,0,0,0,0,0,1,0,0,0,0,1,0,0,0,0,0,0,0,0,0,0,0,0,2,,1602,FALSE
25-34,100-124K,1040,0,0,0,0,0,0,1,1,1,0,0,0,1,0,0,0,0,1,0,0,0,0,1,0,1,0,0,0,0,0,7,1,5664.74,FALSE
25-34,35-49K,1041,0,0,0,0,0,0,0,1,0,1,1,0,1,0,0,0,1,1,1,0,0,1,0,0,0,0,0,0,0,0,8,,7156.7,FALSE
25-34,75-99K,1042,0,0,0,0,0,0,0,1,0,0,0,0,1,1,0,0,0,0,0,1,0,0,1,0,0,1,0,0,0,1,7,,5284.12,FALSE
25-34,Under 15K,1045,0,0,0,0,0,0,0,1,0,0,1,0,1,0,0,0,1,1,0,0,0,0,0,0,0,0,0,0,0,0,5,,4893.11,FALSE
55-64,100-124K,1053,0,0,0,0,0,0,1,1,1,0,0,0,1,0,0,0,0,1,0,0,0,0,0,0,0,0,0,0,0,0,5,,4616.42,FALSE
35-44,50-74K,1057,0,0,0,0,0,0,1,1,1,0,0,0,1,0,0,0,0,0,0,0,1,0,1,0,0,0,0,0,1,0,7,,8219.34,FALSE
35-44,35-49K,1060,0,1,0,0,0,0,1,1,0,0,0,0,1,0,0,0,1,1,0,0,0,0,1,0,0,1,0,0,0,1,9,,6096.93,TRUE
65+,15-24K,1062,0,0,0,0,0,0,0,0,0,0,0,0,1,0,0,0,0,1,0,0,0,0,0,0,0,0,0,0,0,0,2,,1495.76,FALSE
35-44,25-34K,1066,0,0,0,0,0,0,1,1,0,0,0,0,1,0,0,0,1,1,0,0,0,1,0,0,1,0,0,0,0,0,7,4,3114.34,FALSE
25-34,35-49K,1069,0,0,0,0,1,0,0,1,1,1,0,1,1,0,0,0,0,0,0,1,0,0,0,0,0,0,0,0,0,0,7,,3433.27,TRUE
35-44,50-74K,1070,0,0,0,0,0,1,0,1,0,0,0,0,1,0,0,1,0,1,0,0,0,1,0,0,0,1,0,0,0,1,8,,5187.13,FALSE
45-54,35-49K,1074,0,0,0,0,0,0,0,1,0,0,1,0,1,0,0,0,0,1,0,0,0,1,0,0,1,0,0,0,0,0,6,4,7769.22,FALSE
25-34,35-49K,1076,0,0,0,0,0,0,0,0,0,0,0,0,0,0,0,0,0,1,0,0,0,0,0,0,0,0,0,0,0,0,1,,2241.01,FALSE
55-64,75-99K,1081,0,0,0,1,0,0,1,1,0,0,0,0,1,1,0,0,0,1,0,1,0,1,0,0,0,0,0,0,0,0,8,2,10201.55,FALSE
45-54,35-49K,1082,0,0,0,0,0,0,0,1,0,0,0,0,1,0,1,0,1,1,0,0,0,0,0,0,0,1,0,0,0,0,6,,2032.54,FALSE
25-34,35-49K,1084,0,0,0,0,1,0,1,1,0,0,0,0,1,0,0,0,0,1,0,0,0,0,0,0,0,0,0,0,0,1,6,,2363.16,FALSE
45-54,75-99K,1091,0,0,0,0,0,0,0,1,0,0,1,0,1,0,0,1,0,1,0,0,0,0,0,0,0,0,0,0,0,0,5,,5617.4,TRUE
45-54,75-99K,1094,0,0,0,1,0,0,0,1,0,0,0,1,1,1,0,0,0,1,0,1,0,1,0,0,0,0,0,0,0,0,8,,5935.57,FALSE
35-44,50-74K,1103,0,0,0,0,0,0,0,1,0,0,0,0,1,0,1,1,0,1,0,0,0,0,1,0,0,0,0,0,0,0,6,,6104.19,FALSE
45-54,50-74K,1113,0,0,0,0,0,0,0,1,1,1,0,0,1,0,0,0,0,1,0,0,0,1,0,0,0,1,0,0,0,0,7,5,4391.3,FALSE
35-44,Under 15K,1120,0,0,0,0,0,0,0,1,0,0,0,0,0,0,0,0,0,0,0,0,0,0,0,0,0,0,0,0,0,0,1,,1737.84,FALSE
55-64,15-24K,1123,0,0,0,0,0,0,0,1,0,0,0,0,1,0,0,0,0,1,0,0,0,0,0,0,0,1,0,0,0,0,4,,3915.81,TRUE
25-34,75-99K,1128,0,0,0,0,0,0,0,1,0,1,1,0,1,1,0,0,0,1,0,0,0,0,0,0,0,0,0,0,0,1,7,,3027,FALSE
55-64,25-34K,1130,0,0,1,0,0,0,0,1,0,0,0,0,1,0,0,0,0,1,0,0,0,0,0,0,0,1,0,0,0,1,6,1,6563.15,FALSE
45-54,50-74K,1131,0,0,0,0,0,0,0,0,0,1,1,0,1,0,0,0,0,0,0,1,0,0,0,0,0,0,0,0,0,0,4,,3034.77,FALSE
45-54,50-74K,1135,0,0,0,0,0,0,0,0,0,0,0,0,0,0,0,0,0,0,0,0,0,0,0,0,0,0,0,0,0,0,,,748.88,FALSE
65+,35-49K,1137,0,0,0,0,0,0,0,1,0,0,0,1,1,0,0,0,0,1,0,0,0,0,0,0,0,0,0,0,0,0,4,,2121.89,FALSE
35-44,15-24K,1138,0,0,0,0,0,0,1,1,0,0,0,0,1,0,0,0,0,1,0,0,0,0,0,0,0,1,0,0,0,1,6,,4546.37,FALSE
45-54,50-74K,1142,0,0,0,0,1,0,0,1,0,0,0,0,1,1,0,1,1,1,0,1,0,1,1,0,0,0,0,0,0,0,10,1,15178.96,FALSE
35-44,35-49K,1146,0,0,0,0,1,0,0,1,0,1,0,1,1,0,0,0,1,1,1,1,0,0,0,0,0,0,0,0,0,0,9,12,8854.64,FALSE
19-24,25-34K,1147,0,0,0,0,0,0,0,0,0,0,0,0,0,0,0,0,0,0,0,0,0,0,0,0,0,0,0,0,0,0,,,3779.36,FALSE
45-54,Under 15K,1151,0,0,0,0,0,0,0,0,0,0,0,0,0,0,0,0,0,1,1,0,0,0,0,0,0,0,0,0,0,0,2,,2808.91,FALSE
45-54,35-49K,1154,0,0,0,0,0,0,0,1,1,1,0,0,1,0,0,0,0,1,0,0,0,0,0,0,0,0,0,0,0,0,5,,3803.55,FALSE
45-54,15-24K,1158,0,0,0,1,0,0,0,1,0,0,0,0,1,0,0,0,0,1,0,0,0,1,0,0,0,0,0,0,0,0,5,,2903.2,FALSE
45-54,15-24K,1159,0,0,0,1,0,0,0,1,0,1,0,0,1,0,0,0,0,0,0,0,0,0,0,0,0,0,0,0,0,0,4,,4468.63,FALSE
65+,35-49K,1160,0,0,0,0,0,0,0,1,0,0,0,0,1,0,0,0,0,1,0,1,0,0,0,0,0,0,0,0,0,0,4,,4377.96,FALSE
35-44,Under 15K,1163,0,0,0,0,0,0,0,1,0,0,1,0,1,0,0,0,0,1,0,1,0,0,0,0,0,0,0,0,0,1,6,,4808.01,TRUE
25-34,15-24K,1164,0,0,0,0,0,0,0,1,0,0,0,0,1,0,0,0,0,1,0,0,0,0,0,0,0,0,0,0,0,0,3,,4689.35,FALSE
45-54,125-149K,1166,0,0,0,1,0,1,1,1,0,0,0,0,1,1,0,1,1,1,0,1,0,1,0,0,0,0,0,0,0,0,11,11,12300.62,FALSE
35-44,50-74K,1167,0,0,0,0,1,0,0,1,1,0,1,0,1,1,0,0,1,1,0,1,0,0,0,0,0,0,0,0,0,0,9,2,6798.79,FALSE
19-24,15-24K,1169,0,0,0,0,0,0,0,1,0,0,1,0,0,0,0,0,1,1,0,0,0,0,0,0,0,0,0,0,0,0,4,,5159.4,FALSE
25-34,50-74K,1172,0,0,0,0,0,0,0,1,0,0,0,0,0,0,0,0,1,1,0,0,0,0,0,0,0,1,0,0,0,0,4,,4569.24,FALSE
25-34,Under 15K,1174,0,0,0,0,0,0,0,1,0,0,0,0,1,0,0,0,0,0,0,0,0,0,0,0,0,0,0,0,0,0,2,,2156.65,FALSE
25-34,50-74K,1175,0,0,0,0,0,0,0,1,1,0,0,0,1,0,0,0,0,1,0,0,1,0,0,0,0,0,0,0,0,0,5,5,7403.51,FALSE
45-54,15-24K,1178,0,0,0,1,1,0,0,1,0,0,0,0,1,0,0,0,0,1,0,0,0,1,0,0,0,1,0,0,0,1,8,,5022.28,FALSE
35-44,50-74K,1179,0,0,0,0,0,0,0,1,1,0,1,0,0,0,0,0,0,1,0,0,0,1,1,0,1,0,0,0,0,0,7,,9428.4,FALSE
45-54,50-74K,1186,0,0,0,0,0,0,1,1,1,0,0,0,1,0,0,0,0,1,0,0,0,0,0,0,0,0,0,0,0,0,5,,6060.38,FALSE
45-54,35-49K,1188,0,0,0,0,0,0,0,1,0,0,0,0,1,0,0,0,0,0,0,0,0,0,0,0,1,0,0,0,0,0,3,,3722.22,FALSE
25-34,35-49K,1190,0,0,0,0,1,0,0,1,0,0,1,0,1,0,0,0,0,1,0,1,1,0,0,0,0,0,0,0,0,0,7,,3327.02,FALSE
35-44,150-174K,1197,0,0,0,0,0,0,0,0,0,0,1,0,1,0,0,0,0,1,0,0,0,0,1,0,0,1,0,0,0,1,6,21,7988.73,FALSE
45-54,35-49K,1218,0,0,0,0,0,0,0,0,0,0,0,0,0,0,0,0,0,1,0,0,0,0,0,0,0,0,0,0,0,0,1,,3093.53,FALSE
19-24,15-24K,1219,0,0,0,0,0,0,0,1,0,0,0,0,0,0,0,0,0,1,0,0,0,0,0,0,0,0,0,0,0,0,2,,823.08,FALSE
45-54,15-24K,1222,0,0,0,0,0,0,0,1,0,0,1,0,1,0,0,0,0,1,0,0,0,1,0,0,1,0,0,0,0,1,7,,5833.39,FALSE
25-34,35-49K,1226,0,0,0,0,0,0,0,1,0,0,0,0,1,1,0,0,0,1,0,1,0,1,0,0,1,0,0,0,0,0,7,,6237.46,FALSE
45-54,100-124K,1228,0,0,0,0,0,0,0,1,0,0,0,0,1,0,0,1,0,1,0,0,0,1,0,0,0,0,0,0,0,1,6,6,14503.89,FALSE
55-64,150-174K,1229,0,0,0,0,1,0,0,0,0,1,0,1,1,1,0,0,0,1,1,0,0,0,0,0,1,1,0,0,0,0,9,6,18304.31,FALSE
45-54,35-49K,1234,0,0,0,1,0,0,0,1,0,0,0,0,0,1,0,0,0,1,0,1,0,0,0,0,0,0,0,0,1,0,6,,5547.83,FALSE
35-44,50-74K,1236,0,0,0,0,0,0,0,1,0,0,0,0,0,1,0,0,0,1,0,0,0,0,0,0,0,0,0,0,0,0,3,,3993.01,FALSE
45-54,Under 15K,1240,0,0,0,0,0,0,0,1,0,0,0,1,1,0,0,1,0,1,0,0,0,0,0,0,0,0,0,0,0,0,5,,11250.07,FALSE
35-44,35-49K,1247,0,0,0,0,0,1,0,1,0,0,0,0,1,0,0,0,0,1,0,0,0,0,0,0,0,0,0,0,1,0,5,4,6639.95,FALSE
45-54,50-74K,1248,0,0,0,0,1,0,1,1,0,1,1,0,1,0,0,0,0,1,0,0,0,0,0,0,0,0,0,0,0,0,7,1,9091.29,FALSE
45-54,50-74K,1256,0,0,0,0,1,0,1,1,0,0,0,0,1,0,0,0,0,1,1,0,1,0,0,0,0,1,0,0,1,1,10,6,5274.32,FALSE
45-54,50-74K,1257,0,0,0,0,0,0,0,0,0,0,0,0,0,0,0,0,0,0,0,0,0,0,1,0,0,0,0,0,0,0,1,,1389.12,FALSE
45-54,75-99K,1258,1,0,0,0,0,0,0,1,1,0,0,0,0,0,0,0,0,1,0,0,0,0,0,0,0,1,0,0,0,1,6,,3502.45,FALSE
65+,50-74K,1260,0,0,0,0,0,0,0,0,0,0,0,0,1,0,0,0,0,1,0,0,0,0,0,0,0,1,0,0,0,0,3,,11200.8,FALSE
45-54,25-34K,1261,0,0,0,0,0,0,0,1,0,0,0,0,1,0,0,1,0,1,1,0,0,0,0,1,0,0,0,0,0,0,6,1,3777.98,FALSE
25-34,15-24K,1263,0,0,0,0,0,0,0,1,0,0,0,0,1,0,0,1,0,1,0,0,0,1,0,1,0,1,0,0,0,1,8,,5257.44,TRUE
45-54,15-24K,1264,0,0,0,0,1,0,1,1,0,0,0,0,1,0,0,0,0,1,0,1,0,0,0,1,0,1,0,0,0,0,8,,6458.78,FALSE
25-34,75-99K,1267,0,0,0,0,0,0,0,0,0,0,0,0,0,0,0,0,0,0,0,0,0,0,0,0,0,0,0,0,0,0,,,1689.84,FALSE
35-44,Under 15K,1268,0,0,0,0,0,0,0,0,0,0,0,0,0,0,0,0,0,0,0,0,0,0,0,0,0,0,0,0,0,0,,,3013.56,FALSE
45-54,15-24K,1270,0,0,0,0,1,0,0,1,0,0,0,0,0,0,0,0,0,1,1,0,0,0,0,0,0,0,0,0,0,0,4,,3455.32,FALSE
65+,35-49K,1272,0,0,0,1,0,1,0,1,0,0,0,0,1,1,0,0,0,1,1,0,0,1,1,1,0,0,0,0,0,0,10,,10019.45,FALSE
25-34,25-34K,1285,0,0,0,0,0,0,0,1,0,0,0,0,0,0,0,0,0,1,0,0,0,0,0,0,0,0,0,0,0,0,2,1,5048.59,FALSE
55-64,35-49K,1291,0,0,0,0,0,0,0,1,0,0,0,0,1,0,0,0,1,1,0,0,0,1,0,0,0,0,0,0,0,0,5,,3290.01,FALSE
65+,25-34K,1296,0,0,0,0,0,0,0,1,0,0,0,1,1,0,0,0,0,1,0,0,0,0,0,0,0,0,0,0,0,0,4,,2124.43,FALSE
35-44,75-99K,1297,0,0,0,0,0,0,1,1,1,0,0,0,1,0,0,0,0,0,0,0,0,0,0,0,0,0,0,0,0,0,4,,2733.28,FALSE
35-44,15-24K,1299,0,1,0,0,1,0,0,1,0,0,0,0,1,0,0,0,0,1,0,1,0,1,1,0,0,1,0,0,0,1,10,6,5959.57,FALSE
45-54,50-74K,1300,0,0,0,0,0,0,0,1,0,0,0,0,0,0,0,0,0,0,0,0,0,0,0,0,0,0,0,0,0,0,1,,2959.65,FALSE
19-24,Under 15K,1305,0,0,0,0,1,0,0,1,0,1,0,1,1,0,0,0,0,1,1,0,0,0,0,0,0,0,0,0,0,0,7,2,7552.93,TRUE
45-54,Under 15K,1306,0,0,0,0,1,0,0,1,0,0,1,0,1,1,0,0,0,1,0,0,0,0,0,0,0,0,0,0,0,0,6,,3041.69,FALSE
55-64,35-49K,1316,0,1,0,0,0,0,0,0,0,0,0,1,1,0,0,0,0,1,0,1,0,0,0,0,0,0,0,0,0,1,6,,3736.48,TRUE
65+,50-74K,1318,0,0,0,0,0,0,0,1,0,0,0,0,1,0,0,0,0,1,0,0,0,0,0,0,0,0,0,0,0,0,3,6,5583.96,TRUE
19-24,35-49K,1321,0,0,0,0,0,0,0,1,0,0,1,0,1,0,0,0,0,1,0,0,0,0,0,0,0,0,0,0,0,0,4,,1888.13,FALSE
45-54,Under 15K,1326,0,0,0,0,0,0,0,1,0,1,1,0,1,1,0,0,0,0,0,1,0,0,1,0,1,0,0,0,0,0,8,1,8831.21,FALSE
45-54,125-149K,1333,0,0,0,0,0,0,0,0,0,0,0,0,0,0,0,0,1,1,1,1,1,0,1,0,0,0,0,0,0,0,6,8,7709.85,FALSE
45-54,50-74K,1337,0,0,0,0,1,0,0,1,0,1,1,0,1,0,0,1,1,1,0,1,0,1,1,0,0,0,0,0,0,0,11,4,11500.76,FALSE
35-44,75-99K,1352,0,0,0,0,0,0,1,1,0,0,0,0,1,0,0,0,1,1,0,0,0,0,1,0,0,0,0,0,0,0,6,,5398.95,FALSE
65+,15-24K,1354,0,0,0,0,0,0,0,0,0,0,0,0,0,0,0,0,0,1,0,0,0,0,0,0,1,0,0,0,0,0,2,,2534.76,FALSE
55-64,25-34K,1357,0,0,0,0,0,0,0,1,0,0,0,0,1,0,0,0,0,1,0,0,0,0,0,0,0,0,0,0,1,0,4,3,3061.9,FALSE
25-34,15-24K,1363,0,0,0,0,0,0,0,0,0,0,0,0,0,0,0,0,0,1,1,0,0,0,0,1,0,0,0,0,0,0,3,,4075.4,FALSE
65+,100-124K,1364,0,0,0,0,0,0,0,0,0,0,0,0,1,0,0,1,0,1,0,0,0,0,0,0,0,1,0,0,0,1,5,1,2466.05,FALSE
35-44,75-99K,1367,0,0,0,0,0,0,0,1,0,0,0,1,1,0,0,0,0,0,0,0,0,1,1,0,1,0,0,0,0,1,7,1,12125.48,FALSE
25-34,Under 15K,1369,0,0,0,0,0,0,0,1,0,0,0,0,1,0,0,0,0,0,0,0,0,0,0,0,0,0,0,0,0,0,2,,3105.71,FALSE
65+,25-34K,1370,0,0,0,0,0,0,0,1,1,0,0,1,1,0,0,0,0,1,0,0,0,1,0,0,0,0,0,0,0,0,6,,8531.89,FALSE
55-64,50-74K,1376,0,0,0,0,0,0,0,0,0,0,0,0,1,0,0,1,0,1,0,1,0,1,1,0,0,0,0,0,0,0,6,10,11041.41,FALSE
25-34,100-124K,1378,0,0,0,0,0,1,1,1,1,0,0,0,1,0,0,1,1,1,0,1,0,0,0,0,0,1,0,0,1,1,12,,6933.72,FALSE
45-54,50-74K,1382,0,0,0,0,0,0,0,1,0,0,0,0,1,0,0,0,0,1,0,0,0,0,0,0,0,1,0,0,0,1,5,,3082.47,FALSE
35-44,100-124K,1388,0,0,0,0,0,0,1,1,0,0,0,0,1,0,0,1,1,1,0,0,0,1,0,0,1,1,0,0,0,1,10,,6949.16,FALSE
65+,100-124K,1389,0,0,0,0,0,0,0,0,0,0,0,0,1,0,0,0,0,0,0,0,0,0,0,0,0,0,0,0,0,0,1,,2841.16,FALSE
45-54,50-74K,1391,0,0,0,0,0,0,0,1,0,0,0,0,1,0,0,0,0,1,0,0,0,1,0,1,0,1,0,0,1,1,8,1,8105.74,FALSE
35-44,150-174K,1393,0,0,0,0,0,0,0,1,0,0,0,0,1,0,0,1,0,1,0,0,0,1,0,0,0,1,0,0,1,1,8,6,5950.89,FALSE
45-54,50-74K,1394,0,0,0,0,0,0,1,1,1,0,0,0,1,0,0,0,0,1,0,0,0,0,0,0,0,0,0,0,0,0,5,3,4391.58,FALSE
65+,125-149K,1396,0,0,0,0,0,0,0,1,0,0,0,0,1,0,0,0,0,1,0,0,0,1,0,0,1,0,0,0,0,0,5,1,7177.06,TRUE
45-54,35-49K,1397,0,0,0,0,0,0,0,1,1,0,0,1,1,0,0,0,1,1,0,0,0,1,0,0,0,0,0,0,0,0,7,1,5707.6,FALSE
55-64,15-24K,1402,0,0,0,0,0,0,0,0,0,0,0,0,1,0,0,0,0,1,0,0,0,0,0,0,0,0,0,0,0,0,2,,2245.76,FALSE
45-54,50-74K,1412,0,1,0,0,0,0,0,1,0,0,0,0,1,0,0,0,0,1,0,1,0,0,0,0,1,0,0,0,0,0,6,3,4053.15,FALSE
25-34,35-49K,1418,0,0,0,0,0,0,0,1,0,0,0,0,1,0,0,0,0,1,1,0,0,0,0,0,0,0,0,0,0,0,4,,2735.2,FALSE
35-44,35-49K,1419,0,0,0,0,0,0,0,0,0,0,0,0,0,0,0,0,1,1,0,1,0,1,0,0,0,0,0,0,0,0,4,8,7634.57,FALSE
35-44,50-74K,1421,0,0,0,1,0,0,0,1,0,0,0,0,1,0,0,0,0,1,0,0,0,1,0,0,1,1,0,0,0,1,8,14,5535.2,FALSE
45-54,15-24K,1423,0,0,0,0,0,0,0,1,0,0,0,0,1,0,0,0,0,1,0,0,0,0,0,0,0,0,0,0,0,0,3,2,1695.76,TRUE
19-24,50-74K,1425,0,0,0,0,0,0,0,1,1,0,0,0,1,0,0,0,0,1,0,0,0,0,1,0,0,0,0,0,0,0,5,,3828.6,FALSE
55-64,35-49K,1428,0,0,0,0,0,0,0,0,0,0,0,0,0,0,0,1,0,1,1,1,0,0,0,0,0,0,0,0,0,0,4,1,4911.53,FALSE
45-54,35-49K,1429,0,0,0,0,0,0,0,0,1,0,0,0,0,0,0,0,0,0,0,0,0,0,0,0,0,0,0,0,0,0,1,1,818.56,FALSE
35-44,35-49K,1430,0,0,0,0,0,1,1,1,1,0,0,1,0,1,0,1,0,1,0,1,0,0,1,0,1,0,0,0,0,0,11,1,20352.99,FALSE
25-34,15-24K,1437,0,0,0,0,0,0,0,1,0,0,1,0,0,1,0,0,1,1,0,0,0,1,0,0,0,0,0,0,0,0,6,6,4775.56,TRUE
45-54,Under 15K,1438,0,0,0,0,0,0,0,0,1,0,0,0,0,0,0,0,0,0,0,0,0,0,0,0,0,0,0,0,0,0,1,,2130.77,FALSE
35-44,150-174K,1443,0,0,0,0,0,0,0,1,0,0,0,0,0,0,0,0,0,1,0,0,0,0,0,0,0,0,0,0,0,0,2,,2221.48,FALSE
35-44,Under 15K,1445,0,0,0,0,0,0,1,1,0,0,0,1,1,1,0,1,1,1,0,0,0,0,1,0,0,0,0,0,0,0,9,1,5130.59,FALSE
45-54,125-149K,1451,0,0,0,1,0,0,0,1,0,1,1,0,0,0,0,0,0,1,0,1,0,1,0,0,0,0,0,0,0,0,7,12,6700.05,FALSE
45-54,25-34K,1452,0,0,0,0,0,0,1,1,0,0,0,0,1,0,0,0,0,1,0,0,0,0,0,0,0,1,0,0,0,1,6,,1884.05,FALSE
45-54,125-149K,1453,0,0,0,0,0,1,0,1,0,0,0,1,1,1,0,0,1,1,0,1,0,1,1,1,1,0,0,0,1,0,13,21,21661.29,FALSE
65+,75-99K,1454,0,0,0,0,0,0,0,0,1,0,0,0,1,0,0,0,0,1,0,0,0,0,0,0,0,0,0,0,0,0,3,,4934,FALSE
35-44,25-34K,1461,0,0,0,0,0,0,1,1,0,0,0,0,1,0,0,0,0,1,0,0,0,0,0,0,0,0,0,0,0,0,4,,7246.2,FALSE
25-34,50-74K,1462,0,0,0,0,0,0,0,1,0,0,1,0,1,0,0,0,1,1,0,0,1,0,0,0,0,0,0,0,0,0,6,1,4830,FALSE
35-44,50-74K,1467,0,0,0,0,0,0,0,0,0,0,0,0,1,0,0,0,0,1,0,0,0,0,0,0,0,0,0,0,0,0,2,,2957.82,FALSE
65+,75-99K,1468,0,0,0,0,0,0,0,0,0,0,0,0,0,0,0,0,0,1,0,0,1,0,0,0,0,0,0,0,0,1,3,,4131.73,TRUE
45-54,35-49K,1470,0,0,0,0,1,0,0,1,0,0,1,0,1,0,0,0,0,1,0,0,0,0,0,0,0,0,0,0,1,0,6,,1991.33,FALSE
35-44,50-74K,1474,0,0,0,0,0,0,0,0,0,0,0,0,0,0,0,0,0,1,0,0,0,0,0,0,0,0,0,0,0,0,1,,2445.87,FALSE
25-34,50-74K,1475,0,0,0,0,0,0,1,1,0,0,0,1,1,0,0,0,0,1,1,0,0,0,0,0,0,0,0,0,0,0,6,13,14855.21,FALSE
45-54,15-24K,1479,0,0,0,0,0,0,0,0,0,0,0,0,0,0,0,0,0,0,1,0,0,0,0,1,0,0,0,0,0,0,2,,9129.23,FALSE
19-24,35-49K,1481,0,0,0,0,0,0,0,0,0,0,1,0,1,0,0,0,0,1,0,1,0,0,0,0,0,0,0,0,0,0,4,,3298.77,FALSE
19-24,Under 15K,1483,1,0,0,0,0,0,0,1,0,0,0,0,1,0,0,0,0,1,0,0,0,0,0,0,0,0,0,0,0,0,4,2,4725.27,FALSE
19-24,35-49K,1484,0,0,0,0,0,0,0,0,0,0,0,0,0,0,0,0,0,1,0,0,0,0,0,0,0,0,0,0,0,0,1,,3209.39,FALSE
35-44,50-74K,1485,0,0,0,0,0,0,0,1,0,0,0,0,1,0,0,0,0,0,0,0,0,0,0,0,0,1,0,0,0,0,3,3,2187.88,TRUE
25-34,50-74K,1488,0,0,0,0,0,0,0,1,0,0,0,0,1,0,0,1,0,1,0,0,0,0,0,0,0,0,0,0,0,0,4,6,3246.92,TRUE
65+,35-49K,1491,0,0,0,1,0,1,0,1,0,0,0,0,1,0,0,1,0,1,0,0,0,0,0,0,0,0,0,0,0,0,6,1,5635.97,FALSE
65+,15-24K,1492,0,0,0,0,0,0,0,1,0,0,0,0,1,0,0,0,0,0,0,0,0,0,0,0,0,0,0,0,0,1,3,,1226.29,FALSE
65+,25-34K,1494,0,0,0,0,0,0,0,1,0,0,0,1,1,0,0,0,0,1,0,0,0,0,0,0,0,0,0,0,0,0,4,2,2595.09,FALSE
55-64,15-24K,1499,0,0,0,0,0,0,0,1,0,0,0,0,0,0,0,0,0,0,0,0,0,0,0,0,0,0,0,0,0,0,1,,2106.09,FALSE
45-54,25-34K,1505,0,0,0,0,0,0,0,1,0,0,0,0,1,0,0,1,0,1,0,0,0,1,0,0,0,0,0,0,0,0,5,3,4053.23,TRUE
45-54,50-74K,1509,0,0,0,0,0,0,0,0,0,0,0,0,1,0,0,0,0,1,0,0,1,0,1,1,0,0,0,0,0,0,5,1,6452.83,FALSE
45-54,50-74K,1517,0,0,0,0,0,0,0,1,0,0,1,0,1,1,0,0,0,1,0,0,0,0,0,0,0,0,0,0,0,0,5,,3871.04,FALSE
45-54,35-49K,1524,0,0,0,0,0,0,0,0,1,0,0,0,0,0,0,0,0,0,0,0,0,0,0,0,0,0,0,0,0,0,1,,2800.81,FALSE
25-34,50-74K,1527,0,0,0,1,1,1,1,1,0,1,1,0,1,1,0,0,0,1,0,0,0,0,1,1,1,1,0,0,0,1,15,,17295.18,FALSE
35-44,125-149K,1528,0,0,0,0,1,0,0,1,0,0,1,0,1,0,0,0,0,1,0,1,0,1,0,0,0,1,0,0,0,1,9,1,8086.55,FALSE
45-54,50-74K,1529,0,0,0,0,1,0,0,1,0,0,1,0,1,1,0,1,0,1,0,1,0,0,0,0,0,0,0,0,0,0,8,19,9025.51,FALSE
25-34,75-99K,1534,0,0,0,0,0,1,0,1,1,0,1,0,1,0,0,0,0,1,1,0,0,1,1,1,1,0,0,0,1,0,12,15,8449.68,FALSE
45-54,50-74K,1536,0,0,0,0,0,0,0,1,0,0,1,0,1,1,0,1,0,1,0,0,0,1,1,0,1,1,0,0,0,0,10,,6960.19,FALSE
19-24,35-49K,1537,0,0,0,0,0,0,0,1,0,0,0,0,1,0,0,0,0,1,1,0,0,0,0,0,0,0,0,0,0,0,4,,2878.58,TRUE
45-54,15-24K,1540,0,0,0,0,0,0,0,1,0,0,1,0,1,0,0,0,0,1,0,1,0,0,0,0,0,0,0,0,0,0,5,,3598.69,FALSE
35-44,50-74K,1541,0,0,0,0,1,0,0,1,0,1,1,0,1,1,0,1,0,1,0,0,0,1,0,0,1,0,0,0,0,0,10,6,7743.35,FALSE
45-54,35-49K,1545,0,0,0,0,0,0,0,1,0,0,0,0,1,0,0,0,0,1,0,1,0,0,0,1,0,0,0,0,0,0,5,,3948.53,FALSE
45-54,15-24K,1549,0,0,0,0,0,0,0,1,0,0,0,0,1,0,0,0,0,1,0,0,0,0,0,0,0,1,0,0,0,1,5,,1988.91,FALSE
45-54,35-49K,1556,0,0,0,0,0,0,0,1,0,0,0,0,1,1,0,0,0,1,0,0,0,1,0,0,0,0,0,0,0,0,5,,3799.8,FALSE
25-34,100-124K,1557,0,0,0,0,1,1,0,1,0,1,1,0,1,0,0,0,0,1,0,0,0,0,0,0,0,0,0,0,0,0,7,,6528.36,FALSE
45-54,75-99K,1563,0,0,0,0,0,0,0,1,0,0,0,0,1,0,0,0,0,1,0,0,0,0,0,0,0,0,0,0,0,0,3,,4754.88,TRUE
35-44,75-99K,1566,0,0,0,0,0,0,0,0,0,0,0,0,0,0,0,1,1,1,0,1,0,0,0,0,0,0,0,0,0,0,4,4,10567.71,FALSE
45-54,15-24K,1567,0,0,0,0,0,0,0,1,0,0,0,0,1,0,0,0,0,0,0,0,0,0,0,0,0,0,0,0,0,0,2,,2124.23,FALSE
55-64,35-49K,1568,0,0,0,1,0,0,0,1,0,0,0,0,1,0,0,1,0,1,0,0,0,0,0,0,0,0,0,0,0,0,5,2,4575.94,FALSE
35-44,75-99K,1572,0,0,0,0,0,0,0,0,0,0,0,0,0,0,0,0,0,1,0,0,0,0,0,0,0,0,0,0,0,0,1,,2544.41,FALSE
45-54,15-24K,1578,0,0,0,0,0,0,0,0,0,0,0,0,1,0,0,0,0,1,0,0,0,0,0,0,0,0,0,0,0,0,2,,2846.81,TRUE
19-24,50-74K,1580,0,0,0,0,0,0,0,0,0,0,0,0,0,0,0,1,1,0,0,0,0,0,0,0,0,0,0,0,0,0,2,,1771.02,FALSE
45-54,150-174K,1585,0,0,0,0,0,0,0,1,0,0,0,0,1,0,0,1,1,1,1,0,0,1,0,0,0,0,0,0,0,0,7,,9353.85,FALSE
35-44,50-74K,1588,0,0,0,0,0,0,0,1,0,1,0,0,1,0,0,0,0,1,0,0,0,0,0,0,0,0,0,0,0,0,4,1,5199.98,FALSE
25-34,25-34K,1591,0,0,0,0,0,0,0,1,1,0,0,0,0,0,0,0,0,1,0,0,0,0,1,0,0,0,0,0,0,0,4,28,4844.96,FALSE
45-54,50-74K,1595,0,0,0,0,0,0,0,1,0,0,0,0,1,0,0,0,0,1,0,0,0,0,0,0,0,0,0,0,0,0,3,,5644.07,FALSE
35-44,35-49K,1604,0,0,0,0,0,0,0,1,0,0,0,0,1,0,0,0,0,1,0,0,0,0,0,0,0,0,0,0,0,0,3,,818.41,FALSE
45-54,125-149K,1609,0,0,0,0,0,0,0,0,0,0,1,0,1,0,0,0,0,1,0,0,0,0,0,0,0,0,0,0,0,0,3,4,27859.68,FALSE
35-44,75-99K,1618,0,0,0,0,0,0,0,1,1,0,0,0,1,0,0,1,0,1,0,0,0,0,0,0,0,0,0,0,0,0,5,8,4562.48,FALSE
25-34,35-49K,1627,0,0,0,0,0,0,0,0,0,0,0,0,0,0,0,0,0,1,0,0,0,0,0,1,0,0,0,0,0,0,2,1,3484.02,FALSE
19-24,Under 15K,1631,0,0,0,0,0,0,0,1,0,0,1,0,1,1,0,0,1,1,0,0,0,0,0,0,1,0,0,0,0,0,7,,10427.21,FALSE
45-54,50-74K,1633,0,0,1,0,0,0,0,1,0,0,0,1,1,1,0,1,1,1,0,0,0,0,1,0,1,1,0,1,0,0,12,11,10162.78,FALSE
25-34,35-49K,1634,0,0,0,0,0,0,0,1,0,0,0,1,0,0,0,0,0,0,0,0,0,0,0,0,0,1,0,0,0,1,4,2,4616.14,FALSE
35-44,15-24K,1648,0,0,0,0,0,0,0,1,0,0,1,0,1,0,0,0,1,1,0,1,0,0,0,1,0,0,0,0,0,0,7,5,5250.36,TRUE
35-44,150-174K,1649,0,0,0,0,0,0,0,0,0,0,0,0,0,0,0,0,0,0,0,0,0,0,0,0,0,0,0,0,0,0,,,1132.4,FALSE
45-54,75-99K,1650,0,0,0,0,0,0,0,0,0,0,0,0,0,0,0,0,0,0,0,0,0,0,0,0,0,0,0,0,0,0,,,2259.16,FALSE
35-44,Under 15K,1653,0,0,0,0,0,0,0,1,0,0,0,1,1,1,0,0,1,1,0,1,0,1,1,1,0,0,0,0,0,0,10,1,19153.75,FALSE
35-44,150-174K,1662,0,0,0,0,0,0,1,1,1,0,0,1,1,0,0,1,0,1,0,0,1,0,1,1,0,0,0,0,1,0,11,,8617.94,FALSE
35-44,75-99K,1676,0,0,0,0,0,0,0,1,0,0,0,0,1,0,0,0,0,1,1,0,0,0,1,0,0,0,0,0,1,0,6,2,5203.43,FALSE
45-54,75-99K,1677,0,0,0,0,1,0,1,1,0,0,1,0,1,0,0,0,1,0,0,1,0,1,1,0,1,1,0,0,0,1,12,5,12559.61,FALSE
45-54,75-99K,1678,0,0,0,0,1,0,0,1,0,0,0,0,1,0,0,0,0,1,0,0,0,0,0,0,0,0,0,0,0,0,4,,2613.99,FALSE
25-34,15-24K,1680,0,0,0,0,0,0,0,0,0,0,0,0,0,0,0,0,0,0,0,0,0,0,0,0,0,0,0,0,0,0,,,2039.68,TRUE
45-54,15-24K,1686,0,0,0,0,0,0,0,1,0,0,0,0,0,0,0,0,0,0,0,0,0,0,0,0,0,0,0,0,0,0,1,,1313.76,FALSE
45-54,50-74K,1689,0,0,0,0,0,0,0,0,0,0,0,0,1,0,0,0,0,1,0,0,0,0,0,0,0,0,0,0,0,0,2,,2711.79,FALSE
35-44,50-74K,1692,0,0,0,0,0,0,0,1,0,0,0,0,1,0,0,0,0,1,0,0,0,0,0,0,0,0,0,0,0,0,3,,2017.18,FALSE
25-34,35-49K,1693,0,0,0,0,0,0,0,1,0,0,0,0,1,0,0,1,0,1,0,1,0,0,1,0,0,0,0,0,1,0,7,2,8354.55,FALSE
35-44,15-24K,1694,0,0,0,0,0,0,1,1,0,0,1,0,1,0,0,0,1,1,0,1,0,1,0,0,1,0,0,0,0,0,9,7,8055.47,FALSE
35-44,25-34K,1695,0,0,0,0,0,0,0,0,0,0,0,0,1,0,0,0,0,0,0,0,0,0,0,0,0,0,0,0,0,0,1,,1174.56,FALSE
45-54,50-74K,1696,0,0,0,0,0,0,0,1,0,0,1,0,1,0,0,0,0,1,0,0,1,0,0,0,0,0,0,0,0,0,5,,2640.01,FALSE
35-44,25-34K,1707,0,0,0,0,0,0,0,0,0,0,1,0,1,0,0,0,0,1,0,0,0,1,0,1,1,1,0,0,0,1,8,1,6580.49,FALSE
45-54,25-34K,1708,0,0,0,0,0,0,0,1,0,0,0,0,1,0,0,0,0,1,0,0,0,0,0,0,0,0,0,0,0,0,3,3,3571.6,FALSE
25-34,35-49K,1709,0,0,0,0,0,0,0,0,0,0,0,0,1,0,0,0,0,0,0,0,0,0,0,0,0,0,0,0,0,0,1,,2141.64,FALSE
35-44,150-174K,1710,0,0,0,0,1,0,0,1,0,1,0,0,1,0,0,0,0,1,1,0,1,0,1,0,0,1,0,0,0,1,10,4,11984.59,FALSE
45-54,50-74K,1720,0,0,0,0,0,0,0,1,0,0,1,0,1,1,0,0,0,1,0,1,0,1,0,0,1,0,0,0,0,0,8,,5755.69,FALSE
45-54,15-24K,1722,0,0,0,0,0,0,0,1,1,0,0,0,1,0,0,0,1,1,0,0,0,0,0,0,0,1,0,0,0,0,6,1,11229.71,FALSE
55-64,75-99K,1726,0,0,0,0,0,0,1,1,0,0,0,0,1,0,0,1,0,1,0,0,1,0,1,0,0,1,0,0,0,0,8,27,8131.91,FALSE
19-24,250K+,1740,0,0,0,0,0,0,0,1,0,0,0,0,1,0,0,0,0,1,0,1,0,0,0,0,0,0,0,0,0,0,4,,11938.2,FALSE
45-54,Under 15K,1745,0,1,0,0,0,0,0,1,0,0,0,0,1,0,0,0,0,1,0,0,0,0,0,0,0,1,0,0,0,1,6,,2591.48,FALSE
45-54,35-49K,1748,0,0,0,0,0,0,0,0,0,0,0,0,0,0,0,0,0,0,0,0,0,0,0,0,0,0,0,0,0,0,,,5161.78,FALSE
55-64,35-49K,1749,0,0,0,0,0,0,0,1,1,0,0,0,1,0,0,0,0,1,0,1,0,1,0,0,0,0,0,0,0,0,6,,4209.35,FALSE
25-34,15-24K,1751,0,0,0,0,0,0,0,0,0,1,0,1,1,0,0,0,0,1,1,0,0,0,0,0,0,0,0,0,0,0,5,1,4142.87,FALSE
45-54,35-49K,1753,0,0,0,0,0,0,1,1,0,0,0,0,1,0,0,0,0,1,1,0,0,0,0,0,1,0,0,0,0,0,6,2,2964.05,FALSE
35-44,35-49K,1759,0,0,0,0,0,0,0,1,1,0,1,0,1,0,0,0,0,1,0,1,0,0,0,0,0,0,0,0,0,0,6,1,4009.62,FALSE
45-54,125-149K,1762,0,0,0,0,1,0,0,1,0,0,1,0,1,1,0,0,0,1,0,1,0,0,0,0,1,0,0,0,0,0,8,5,15360.14,FALSE
45-54,75-99K,1764,0,0,0,0,1,0,1,1,0,1,0,1,1,1,0,1,0,0,1,1,0,1,1,0,1,0,0,0,0,0,13,9,11412.2,FALSE
45-54,35-49K,1765,0,0,0,0,0,0,0,0,0,0,0,0,0,0,0,0,0,0,0,1,0,0,0,0,0,0,0,0,0,0,1,,2949.01,TRUE
45-54,75-99K,1775,0,0,0,0,0,0,0,0,0,0,0,0,0,0,0,0,0,0,0,0,0,0,0,0,0,0,0,0,0,0,,,9485.14,FALSE
25-34,35-49K,1778,0,0,0,0,1,1,0,1,0,0,1,0,1,1,0,0,0,1,0,0,0,1,0,0,0,0,0,0,0,0,8,11,9336.3,FALSE
65+,75-99K,1779,0,0,0,0,0,0,0,1,0,0,0,0,1,0,0,0,1,1,0,0,0,0,0,0,0,1,0,0,0,1,6,,3508.58,FALSE
25-34,35-49K,1785,0,0,0,0,0,0,0,0,0,0,0,0,0,0,0,0,0,0,0,0,0,1,0,0,0,0,0,0,0,0,1,,1555.7,FALSE
35-44,75-99K,1788,0,0,0,0,0,1,1,1,0,0,0,0,1,0,0,0,0,1,0,0,1,0,0,0,0,0,0,0,0,0,6,3,9072.28,FALSE
45-54,100-124K,1791,0,0,0,0,0,0,0,1,0,0,0,0,1,0,0,0,0,1,0,0,0,0,0,0,0,0,0,0,0,0,3,3,2970.1,FALSE
45-54,25-34K,1795,0,0,0,0,0,0,0,1,0,0,1,0,1,0,0,0,1,1,0,0,0,1,0,0,1,0,0,0,1,0,8,14,9751.73,FALSE
19-24,35-49K,1796,0,0,0,0,0,0,0,0,0,0,0,0,0,0,0,0,1,1,0,0,0,0,0,0,0,0,0,0,0,0,2,,2601.06,FALSE
65+,Under 15K,1797,0,0,0,0,0,0,0,1,0,0,0,0,1,1,0,0,0,1,0,1,0,0,0,0,0,0,0,0,0,0,5,5,5551.49,FALSE
35-44,175-199K,1800,0,0,0,0,0,0,0,1,0,0,0,0,0,0,0,0,0,0,0,0,0,0,0,0,0,0,0,0,0,0,1,,3667.31,FALSE
45-54,150-174K,1802,0,0,0,0,1,0,0,0,0,0,0,0,1,0,0,0,0,0,0,0,1,0,0,0,0,0,0,0,0,0,3,1,4835.44,TRUE
19-24,50-74K,1803,0,0,0,0,1,0,0,1,0,1,0,0,1,1,1,0,0,1,1,1,0,1,0,1,0,1,0,0,0,1,13,,14420.9,FALSE
65+,35-49K,1804,0,0,0,0,1,0,0,1,0,0,0,1,1,0,0,0,0,1,1,0,0,1,0,0,1,0,0,0,0,0,8,6,10251.19,FALSE
45-54,50-74K,1812,0,0,0,0,0,0,0,1,0,0,0,0,0,0,0,0,0,1,0,0,0,0,0,0,0,0,0,0,0,0,2,,1948.99,FALSE
65+,150-174K,1814,0,0,0,0,0,0,0,1,0,0,0,0,0,0,0,0,0,1,0,0,0,0,0,1,0,0,0,0,0,0,3,,4107.85,FALSE
45-54,25-34K,1815,0,0,0,0,0,0,0,0,0,0,0,0,0,0,0,0,0,0,0,0,0,0,0,1,0,0,0,0,0,0,1,,4405.47,FALSE
19-24,Under 15K,1816,0,0,0,0,0,0,0,1,0,0,1,0,1,0,0,0,0,1,0,0,0,0,0,1,0,0,0,0,0,0,5,,3869.51,FALSE
45-54,150-174K,1820,0,0,0,0,0,0,0,0,0,0,0,0,1,0,1,0,0,1,0,0,0,0,1,1,1,0,0,0,0,0,6,1,4208.08,TRUE
55-64,35-49K,1822,0,0,0,0,0,0,0,1,0,0,0,0,1,0,0,0,0,0,0,0,0,1,0,0,0,0,0,0,0,0,3,,3516.44,FALSE
45-54,75-99K,1823,0,0,0,0,0,1,0,1,0,0,0,0,1,1,0,0,0,1,0,1,0,0,1,1,0,0,0,0,0,0,8,30,12268.85,FALSE
65+,75-99K,1829,0,0,0,0,0,0,0,1,0,0,0,0,1,0,0,0,0,1,0,0,0,0,0,0,0,0,0,0,0,0,3,,6618.55,FALSE
55-64,75-99K,1831,0,0,0,0,1,0,0,1,1,0,0,0,1,0,0,0,0,1,0,0,0,0,1,0,0,0,0,0,1,0,7,9,5562.06,FALSE
25-34,25-34K,1833,0,0,0,0,0,0,0,1,0,0,1,0,1,0,0,0,1,1,0,0,0,1,0,0,0,0,0,0,0,1,7,,2991.81,FALSE
45-54,125-149K,1834,0,0,0,0,1,0,0,1,0,0,0,0,1,0,0,0,0,1,0,0,0,1,0,0,0,0,0,0,0,0,5,,3769.5,TRUE
45-54,35-49K,1841,0,0,0,0,0,0,0,0,0,0,0,0,0,0,0,0,0,1,0,0,0,0,0,0,0,0,0,0,0,0,1,,2401.78,FALSE
45-54,250K+,1844,0,0,0,0,0,0,0,0,0,0,0,0,0,0,0,0,0,0,0,0,0,0,0,0,0,0,0,0,0,0,,,1523.8,FALSE
45-54,175-199K,1845,0,0,0,0,1,0,1,1,0,1,1,0,1,1,0,0,0,1,1,0,0,0,0,1,0,0,0,0,0,0,10,2,12647.61,FALSE
45-54,175-199K,1847,0,0,0,0,0,0,0,1,0,0,0,0,0,0,0,0,0,1,0,0,0,0,0,0,0,0,0,0,0,0,2,,2678.71,FALSE
45-54,75-99K,1848,0,0,0,0,0,0,0,1,0,0,0,0,1,0,0,0,0,1,0,0,1,0,0,0,0,0,0,0,0,0,4,,10848.11,FALSE
65+,75-99K,1850,0,0,0,0,0,0,0,0,0,0,0,0,0,0,0,1,0,1,0,0,0,0,1,0,0,0,0,0,0,0,3,2,6882.11,FALSE
25-34,150-174K,1858,0,0,0,0,0,0,0,1,0,0,0,0,0,0,0,0,0,1,0,0,0,0,0,0,0,0,0,0,0,0,2,,2860.07,FALSE
25-34,15-24K,1861,0,0,0,0,0,0,1,1,0,0,0,0,1,0,0,0,0,0,0,0,0,0,0,0,0,1,0,0,0,1,5,,1868.45,FALSE
45-54,125-149K,1864,0,0,0,0,0,0,0,1,0,0,0,1,1,0,0,0,0,1,0,0,1,0,0,0,0,0,0,0,0,0,5,4,16941.58,FALSE
45-54,50-74K,1865,0,0,0,0,1,0,0,1,0,0,0,1,1,0,0,0,0,1,0,0,0,0,0,0,0,1,0,0,1,1,8,,6651.93,FALSE
19-24,35-49K,1869,0,0,0,0,0,0,0,1,0,0,0,0,1,1,0,1,0,1,1,1,0,0,0,0,0,0,0,0,0,0,7,5,3630.62,FALSE
35-44,15-24K,1873,0,0,0,0,1,0,0,1,0,0,0,0,1,0,0,0,1,1,1,0,0,0,1,0,0,1,0,0,0,1,9,,5686.82,FALSE
65+,35-49K,1879,0,0,0,0,0,0,0,1,0,0,0,0,1,0,0,0,0,1,0,0,0,0,0,0,0,0,0,0,0,0,3,,4861.95,FALSE
35-44,35-49K,1892,0,0,0,0,0,0,0,1,0,0,1,0,1,1,0,0,0,1,0,1,0,1,0,0,0,0,0,0,0,0,7,,5532.21,FALSE
35-44,100-124K,1894,0,0,0,0,0,0,0,0,0,0,0,0,0,1,0,0,0,1,0,0,0,0,0,0,0,0,0,0,0,0,2,,2335.47,TRUE
45-54,50-74K,1896,0,0,0,0,0,0,0,0,0,0,0,0,0,0,0,0,0,1,0,0,0,0,0,0,0,0,0,0,0,0,1,,3378.34,FALSE
25-34,25-34K,1899,0,0,0,0,1,0,0,1,0,1,0,1,0,1,0,1,1,1,1,1,0,0,1,0,0,1,0,0,0,0,12,10,11276.8,FALSE
45-54,35-49K,1901,0,0,0,0,0,0,0,1,0,0,1,0,1,1,0,1,1,1,1,0,0,0,1,0,1,0,0,0,0,0,10,,11462.24,FALSE
25-34,50-74K,1907,0,0,0,1,0,0,1,1,0,0,0,1,1,1,0,1,0,1,0,1,0,0,0,0,0,0,0,0,0,0,9,3,8939.5,FALSE
35-44,50-74K,1911,0,0,0,0,0,0,0,1,0,0,0,0,1,0,0,0,0,1,0,0,0,0,0,0,0,0,0,0,0,0,3,,1601.27,FALSE
55-64,75-99K,1914,0,0,0,0,0,0,0,0,0,0,0,0,1,0,1,1,0,1,0,0,0,0,0,1,0,1,0,0,0,1,7,,4075.95,FALSE
65+,15-24K,1917,0,0,1,0,1,1,1,0,0,0,0,1,1,1,0,0,0,1,0,0,0,1,1,0,1,1,1,0,0,1,14,7,6788,FALSE
35-44,35-49K,1919,0,0,0,0,1,0,1,1,0,0,0,0,0,0,0,0,1,1,0,1,0,0,0,0,0,0,0,0,0,1,7,,4154.95,FALSE
55-64,50-74K,1920,0,0,0,0,0,0,0,1,0,0,0,0,1,0,0,0,0,1,0,0,0,0,0,0,0,0,0,0,1,0,4,,1927.74,FALSE
35-44,35-49K,1921,0,0,0,1,0,0,0,0,0,0,0,0,0,0,0,0,0,1,0,0,0,0,0,0,0,0,0,0,0,0,2,3,1460.12,TRUE
19-24,35-49K,1923,0,0,0,0,0,0,0,1,1,0,0,0,1,0,0,0,0,1,0,0,0,0,0,0,0,1,0,0,1,0,6,7,4870.31,FALSE
25-34,35-49K,1926,0,0,0,0,0,0,0,0,0,0,0,0,0,0,0,0,0,0,0,0,0,0,0,0,0,0,0,0,0,0,,,2145.71,FALSE
19-24,Under 15K,1927,0,0,0,0,0,0,0,1,0,0,0,0,1,1,0,0,0,1,0,0,0,0,0,0,0,0,0,0,0,0,4,,5097.28,TRUE
35-44,75-99K,1928,0,0,0,0,0,0,0,1,1,0,0,0,1,0,0,0,0,1,0,0,0,0,0,0,0,1,0,0,0,0,5,1,2328.37,FALSE
35-44,25-34K,1929,0,0,0,0,0,0,0,1,0,0,0,0,0,1,0,0,0,1,0,0,0,0,0,0,0,1,0,0,0,1,5,,4395.83,FALSE
45-54,50-74K,1931,0,0,0,0,0,0,0,0,0,0,0,1,1,0,0,0,0,1,0,0,0,0,0,0,0,0,0,0,0,0,3,,2211.08,TRUE
55-64,150-174K,1935,0,0,0,0,0,0,1,1,0,0,0,0,1,0,0,0,0,1,0,0,1,0,0,1,0,0,0,0,0,0,6,9,12371.26,FALSE
45-54,50-74K,1937,0,0,0,0,0,0,0,1,0,0,0,0,1,0,0,0,0,1,0,0,0,0,1,1,0,1,0,0,0,0,6,17,6742.44,FALSE
35-44,50-74K,1939,0,0,0,0,0,0,0,1,0,0,0,0,0,0,0,0,0,1,0,0,0,0,0,1,0,1,0,0,0,0,4,,3784.62,FALSE
25-34,125-149K,1944,0,0,0,1,1,0,0,1,1,1,1,0,1,0,0,0,0,1,1,0,0,0,1,0,1,0,0,0,1,0,12,10,10942.88,FALSE
25-34,75-99K,1946,0,0,0,0,0,0,0,0,0,0,0,0,0,0,0,0,0,1,0,1,0,0,0,0,0,0,0,0,0,0,2,,3312.46,FALSE
35-44,50-74K,1948,0,0,0,0,0,0,0,0,0,0,0,0,0,0,0,0,0,1,0,0,0,0,0,0,0,0,0,0,0,0,1,,1602.32,FALSE
45-54,Under 15K,1949,0,0,0,0,0,0,0,0,0,0,0,0,0,0,0,0,0,1,0,0,0,0,0,0,0,0,0,0,0,0,1,,1658.96,FALSE
45-54,50-74K,1953,0,0,0,0,0,0,0,0,0,0,0,0,1,0,0,0,0,1,0,0,0,0,0,0,0,0,0,0,0,0,2,,2722.81,FALSE
25-34,35-49K,1955,0,0,0,0,1,0,0,0,0,1,1,0,1,1,0,0,0,0,1,0,0,1,1,0,1,1,0,0,0,1,11,,7634.5,FALSE
65+,25-34K,1962,0,0,0,0,0,0,0,0,0,0,0,0,0,0,0,1,0,0,0,0,0,0,1,0,0,0,0,0,0,0,2,,3512.55,FALSE
65+,Under 15K,1964,0,0,0,0,0,0,0,0,0,0,0,0,0,0,0,0,0,1,0,0,0,0,0,0,0,0,0,0,0,0,1,,1990.12,FALSE
25-34,50-74K,1965,0,0,0,1,1,0,0,1,0,1,0,0,1,0,0,0,0,1,1,0,0,0,0,0,0,0,0,0,0,0,7,4,4142.69,FALSE
35-44,75-99K,1975,0,0,0,0,1,0,1,1,1,0,1,0,1,1,0,0,1,1,0,1,1,0,1,0,1,1,0,0,0,0,14,6,17548.27,FALSE
25-34,50-74K,1976,0,0,0,0,0,0,0,1,0,0,1,0,1,1,0,0,1,1,0,1,0,0,0,0,0,0,0,0,0,0,7,,3546.81,FALSE
45-54,150-174K,1979,0,0,0,0,0,0,0,0,0,0,0,0,1,0,0,0,0,1,0,0,0,0,0,0,0,0,0,0,1,0,3,,1146.67,FALSE
55-64,50-74K,1980,0,0,0,0,0,0,0,0,0,0,0,0,0,0,0,0,0,1,0,0,0,0,0,0,0,0,0,0,0,0,1,,4443.15,TRUE
25-34,100-124K,1982,0,0,0,0,0,0,0,1,0,0,0,0,1,0,0,0,0,0,0,0,0,0,0,0,0,0,0,0,0,0,2,,4213.85,FALSE
25-34,50-74K,1985,0,0,0,0,1,0,0,1,0,1,1,0,1,0,0,1,1,1,1,0,0,1,1,0,0,0,0,0,0,1,12,3,8605.36,FALSE
65+,15-24K,1989,0,0,0,0,0,0,0,1,0,0,0,0,0,0,0,1,0,1,0,0,0,0,0,0,0,0,0,0,0,0,3,8,3052.87,FALSE
35-44,125-149K,1990,0,0,0,0,0,0,0,1,0,0,0,0,1,0,0,0,0,1,0,0,0,0,0,0,0,0,0,0,0,0,3,10,4593.26,FALSE
25-34,25-34K,1995,0,0,0,0,1,0,1,1,1,0,0,0,1,0,0,0,1,1,0,1,1,0,0,0,1,0,0,0,1,0,11,7,15332.43,FALSE
25-34,50-74K,1997,0,0,0,0,0,0,0,0,0,0,0,0,1,0,0,1,0,1,0,0,0,1,0,0,0,0,0,0,0,0,4,,4295.68,FALSE
35-44,35-49K,2002,0,0,0,0,0,0,0,0,0,0,0,0,0,0,0,0,0,0,0,0,0,0,0,0,0,0,0,0,0,1,1,,2465.12,TRUE
45-54,50-74K,2004,0,0,0,0,0,0,0,1,0,0,0,1,1,1,0,0,1,1,0,1,0,1,1,1,0,0,0,0,0,0,10,16,10053.87,FALSE
45-54,Under 15K,2006,0,0,0,0,0,0,0,1,0,0,0,0,1,0,0,0,0,0,0,0,0,1,0,0,0,1,0,0,0,1,5,1,4873.24,FALSE
45-54,50-74K,2007,0,0,0,0,1,0,0,1,0,1,1,0,1,0,0,0,0,1,1,1,0,0,0,0,1,0,0,0,0,1,10,23,8887.75,FALSE
45-54,75-99K,2011,0,0,0,0,0,0,0,1,0,0,0,0,1,0,0,0,0,1,0,0,0,0,0,0,0,0,0,0,0,0,3,2,1367.34,FALSE
45-54,25-34K,2012,0,0,0,0,1,0,0,1,0,1,0,0,1,0,0,0,0,1,1,0,0,0,0,0,0,0,0,0,0,0,6,,8535.06,FALSE
19-24,25-34K,2013,0,0,0,0,0,0,0,1,1,0,0,0,0,0,0,0,0,0,0,0,0,0,0,0,0,0,0,0,0,0,2,,1182.47,TRUE
45-54,75-99K,2017,0,0,0,0,0,0,0,1,0,0,0,0,1,1,0,1,0,1,0,1,0,0,0,0,1,0,0,0,0,0,7,,7106.62,FALSE
45-54,50-74K,2018,0,0,0,0,0,0,1,1,0,0,0,0,0,0,0,0,0,1,0,0,0,0,0,0,0,0,0,0,0,0,3,,4038.15,FALSE
35-44,100-124K,2020,0,0,0,0,0,0,0,1,0,0,0,0,1,0,0,1,0,1,0,1,0,1,0,0,0,0,0,0,0,0,6,,8458.21,FALSE
45-54,35-49K,2023,0,0,0,0,0,0,0,0,0,0,0,0,0,0,0,0,0,0,0,0,0,0,0,0,0,0,0,0,0,0,,,1805.63,FALSE
25-34,125-149K,2024,0,0,0,0,1,1,0,1,1,0,0,0,0,0,0,0,0,1,0,0,0,0,0,0,0,0,0,0,0,0,5,1,4956.99,FALSE
35-44,75-99K,2030,0,0,0,0,0,0,0,1,1,0,0,0,0,0,0,0,0,0,0,0,0,1,0,1,0,0,0,0,1,0,5,,2628.1,FALSE
25-34,25-34K,2040,0,0,0,0,0,0,0,0,0,0,0,0,0,0,0,0,0,0,0,0,0,0,0,0,0,0,0,0,0,0,,,2968.51,FALSE
35-44,35-49K,2041,0,0,0,0,0,0,0,1,0,0,0,0,1,0,0,0,0,1,0,0,0,0,0,0,0,0,0,0,0,0,3,1,6406.99,FALSE
35-44,25-34K,2050,0,0,0,0,0,0,0,1,0,0,0,0,1,0,0,0,0,1,0,0,0,0,0,0,0,1,0,0,0,1,5,,5193.22,FALSE
45-54,15-24K,2053,0,0,0,0,0,0,0,1,0,0,0,0,1,0,0,0,1,1,0,0,0,0,0,1,0,0,0,0,0,0,5,,3351.34,FALSE
35-44,35-49K,2057,0,0,0,0,0,0,0,1,0,0,0,0,1,0,0,0,0,0,0,0,0,0,0,0,0,0,0,0,0,0,2,1,3150.45,FALSE
25-34,125-149K,2058,0,0,0,0,0,0,0,1,0,0,0,0,1,0,0,1,0,1,0,0,0,0,0,0,0,1,0,0,1,1,7,,5970.57,FALSE
25-34,25-34K,2062,0,0,0,0,0,0,0,0,0,0,0,1,1,1,0,0,0,1,0,0,0,0,0,0,0,1,0,0,0,1,6,7,5357.62,FALSE
55-64,75-99K,2063,0,0,0,0,0,0,0,0,0,0,0,0,0,0,0,0,0,0,0,0,0,0,0,0,0,1,0,0,0,1,2,,2591.43,FALSE
19-24,50-74K,2064,0,0,0,0,0,0,0,1,0,0,0,0,1,0,0,0,0,1,0,0,0,0,0,0,0,0,0,0,0,0,3,2,5424.85,FALSE
55-64,50-74K,2068,0,0,0,0,0,0,0,0,1,0,0,0,1,0,0,0,1,1,0,0,0,0,0,0,0,0,0,0,0,0,4,,2561.4,TRUE
35-44,15-24K,2069,0,0,0,0,0,0,0,1,0,0,0,0,1,0,0,0,0,0,0,0,0,0,0,0,0,1,0,0,0,0,3,,2068.17,TRUE
45-54,50-74K,2070,0,0,0,0,0,0,0,1,0,1,0,0,1,0,0,0,0,1,1,1,0,0,1,0,0,0,0,0,0,0,7,,9210.42,FALSE
25-34,100-124K,2076,0,0,0,0,1,1,0,1,0,1,0,0,1,0,0,1,0,1,0,0,0,0,0,0,0,1,0,0,1,1,10,,8297.94,FALSE
45-54,Under 15K,2082,0,0,0,1,0,0,0,1,0,0,0,0,1,0,0,0,0,1,0,0,0,1,0,0,0,0,0,0,0,0,5,3,5082.41,FALSE
55-64,125-149K,2084,0,0,0,0,0,0,0,1,0,0,0,0,1,0,0,0,0,1,0,0,0,0,0,0,0,0,0,0,0,0,3,2,2937.95,FALSE
35-44,35-49K,2085,0,0,0,0,0,0,0,1,0,1,0,0,1,1,0,1,0,1,0,1,0,0,1,0,0,0,0,0,0,0,8,8,12894.57,FALSE
45-54,25-34K,2086,0,0,0,0,0,0,0,0,1,0,0,1,1,0,0,1,0,1,0,0,0,0,1,0,0,0,0,0,0,0,6,,6269.54,FALSE
45-54,100-124K,2087,0,0,0,0,0,0,0,1,1,0,0,1,1,0,0,0,0,1,0,0,0,1,0,0,1,0,0,0,0,0,7,6,7832.74,FALSE
25-34,35-49K,2088,0,0,0,0,0,0,1,1,0,0,0,0,1,0,0,1,0,1,0,1,0,1,0,1,0,1,0,0,0,1,10,2,4905.71,FALSE
35-44,Under 15K,2092,0,0,0,0,0,0,0,1,0,0,0,0,1,0,0,0,0,1,0,0,0,0,0,0,0,0,0,0,0,0,3,,2290.54,TRUE
45-54,50-74K,2094,0,0,0,0,0,0,0,0,0,0,0,0,0,0,0,0,0,1,0,0,0,0,0,1,0,0,0,0,0,0,2,3,3055.52,FALSE
35-44,15-24K,2097,0,0,0,0,0,0,0,1,0,0,1,0,1,0,0,0,0,1,0,0,0,0,0,0,0,0,0,0,1,1,6,,8823.83,TRUE
65+,35-49K,2100,0,0,0,0,0,0,0,1,0,0,0,0,1,0,0,0,0,1,0,0,0,1,0,0,0,0,0,0,0,0,4,15,3185.31,FALSE
55-64,175-199K,2102,0,0,0,0,0,0,0,0,0,0,0,0,0,0,0,0,1,1,0,0,0,0,0,0,0,0,0,0,0,1,3,,3619.76,FALSE
35-44,75-99K,2107,0,0,0,0,0,0,0,0,1,0,0,0,1,0,0,0,0,1,0,0,0,0,0,0,0,0,0,0,1,0,4,,3409.06,TRUE
35-44,125-149K,2110,0,0,0,0,1,0,1,0,1,0,1,0,1,0,0,1,0,1,0,0,0,0,1,0,0,1,0,1,0,1,11,,12470.03,FALSE
45-54,75-99K,2111,0,0,0,0,0,0,1,0,1,0,0,0,1,0,0,0,0,0,0,0,0,0,0,0,0,1,0,0,0,1,5,1,2590.37,TRUE
45-54,35-49K,2112,0,0,0,0,1,0,0,1,0,1,0,0,1,0,0,0,0,1,0,0,0,1,1,0,0,0,0,0,0,0,7,4,5116.15,FALSE
35-44,150-174K,2115,0,0,0,0,0,1,0,1,0,0,1,0,1,1,0,1,1,1,0,0,0,0,0,0,1,0,0,0,0,0,9,2,14774.86,FALSE
35-44,75-99K,2116,0,0,0,0,0,1,0,0,0,0,0,1,0,0,0,0,0,0,0,0,0,0,1,0,1,1,0,1,0,1,7,,12228.09,FALSE
25-34,50-74K,2119,0,0,0,0,0,0,0,0,0,0,0,0,0,0,0,0,0,0,0,0,0,0,0,0,0,0,0,0,0,0,,,2295.16,FALSE
55-64,35-49K,2121,0,0,0,0,0,0,0,1,1,0,0,0,1,0,0,0,0,0,0,0,0,0,0,0,0,0,0,0,1,0,4,,5582.79,FALSE
45-54,75-99K,2123,0,0,0,0,0,0,0,1,0,0,0,0,1,0,0,0,0,1,0,0,0,0,0,0,0,0,0,0,0,0,3,10,4332.45,FALSE
25-34,50-74K,2124,0,0,0,0,0,0,1,1,0,1,0,1,1,0,0,0,0,1,1,0,0,0,0,0,0,0,0,0,0,1,8,20,7859.41,FALSE
25-34,35-49K,2129,0,0,0,1,1,0,0,1,0,0,1,0,1,0,0,0,0,1,1,0,0,1,0,0,0,0,0,0,0,0,8,,7164.99,FALSE
25-34,50-74K,2130,0,0,0,0,0,0,0,1,0,0,0,0,1,0,0,0,0,1,0,0,0,0,0,0,0,0,0,0,0,0,3,15,6060.39,FALSE
55-64,100-124K,2133,0,0,0,0,1,0,0,1,0,0,0,0,1,1,0,0,0,1,0,0,0,1,1,0,0,0,0,0,0,0,7,,6759.92,FALSE
35-44,35-49K,2134,0,0,0,0,0,0,0,1,0,0,0,1,1,0,1,1,0,1,0,0,0,0,0,1,0,1,0,0,0,1,9,1,9129.83,FALSE
65+,15-24K,2140,0,0,0,0,0,0,0,0,0,0,0,0,0,0,0,0,0,0,0,0,0,0,0,0,0,0,0,0,0,0,,,1567.89,TRUE
25-34,75-99K,2147,0,0,0,0,0,0,0,1,0,0,0,1,1,0,0,0,0,1,0,0,0,0,0,0,0,0,0,0,0,0,4,9,5706.01,FALSE
55-64,35-49K,2148,0,0,0,0,0,0,0,1,0,0,0,0,1,0,0,0,0,1,0,0,0,0,0,0,0,1,0,0,0,1,5,2,3263.92,FALSE
45-54,35-49K,2154,0,0,0,0,0,0,0,0,0,0,1,0,1,0,0,0,0,1,0,0,0,0,0,0,0,0,0,0,0,0,3,,2523.34,FALSE
45-54,50-74K,2156,0,0,0,0,0,0,0,1,0,0,0,1,1,0,0,0,1,1,0,0,0,0,1,0,0,0,0,0,0,0,6,1,5874.46,FALSE
25-34,50-74K,2158,0,0,0,0,0,0,0,0,0,0,0,0,0,0,0,0,0,1,0,0,0,0,0,0,0,0,0,0,0,0,1,6,3194.17,FALSE
45-54,75-99K,2162,0,0,0,0,0,1,1,1,0,1,0,0,1,0,0,0,0,1,1,0,0,0,0,0,0,0,0,0,0,0,7,1,13923.45,FALSE
35-44,50-74K,2168,0,0,0,0,0,0,0,1,0,0,0,0,1,0,0,0,0,1,0,0,0,1,0,0,1,1,0,0,0,1,7,5,5666.66,FALSE
25-34,100-124K,2172,0,0,0,0,0,0,0,0,0,0,0,0,0,0,0,0,0,0,0,0,0,0,0,0,0,0,0,0,0,0,,,2408.11,FALSE
25-34,35-49K,2173,0,0,0,0,0,0,0,0,0,0,0,0,0,0,0,0,0,1,0,0,0,0,0,0,0,0,0,0,0,0,1,,2177.52,FALSE
45-54,35-49K,2179,0,0,0,0,0,0,0,1,0,0,0,0,0,0,0,0,0,0,0,0,0,0,0,0,0,0,0,0,0,0,1,,1452.29,FALSE
55-64,100-124K,2181,0,0,0,0,0,0,0,1,0,0,0,0,0,0,0,0,0,0,0,0,0,0,0,0,0,0,0,0,0,0,1,,3074.45,FALSE
45-54,75-99K,2182,0,0,0,0,0,0,0,1,0,0,0,0,1,0,0,0,0,0,0,0,0,0,0,0,0,1,0,0,0,1,4,,1530.52,FALSE
65+,25-34K,2183,0,0,0,0,0,0,0,1,0,0,0,0,1,0,0,0,1,1,0,0,0,0,0,0,0,0,0,0,0,1,5,,4093.12,FALSE
25-34,50-74K,2184,0,0,0,0,0,0,0,0,0,0,0,0,1,1,0,1,0,1,0,0,0,1,0,0,0,0,0,0,0,0,5,,5094.8,FALSE
25-34,125-149K,2185,0,0,0,0,1,0,1,1,0,1,0,0,1,0,0,0,0,1,0,0,0,1,1,0,0,1,1,1,0,1,12,3,8550.73,FALSE
35-44,25-34K,2186,0,0,0,0,0,0,0,0,0,0,0,0,0,0,0,0,1,1,0,0,0,0,0,1,1,0,0,0,0,1,5,,5469.53,FALSE
65+,35-49K,2188,0,0,0,0,1,0,0,1,0,0,1,0,1,0,0,0,0,1,0,0,0,0,0,0,0,0,0,0,0,0,5,,3917.34,FALSE
35-44,50-74K,2190,0,0,0,0,0,0,0,1,0,0,0,1,1,1,0,1,0,1,0,0,0,1,0,0,1,0,0,0,0,0,8,,9520.85,FALSE
25-34,50-74K,2193,0,0,0,0,0,0,0,1,0,0,0,1,1,0,0,1,0,1,0,0,1,0,1,0,1,1,0,0,0,1,10,,9155.01,FALSE
55-64,25-34K,2194,0,0,0,0,1,0,1,1,1,0,0,0,1,0,1,0,0,1,0,0,0,1,0,0,1,1,0,0,1,1,12,,7169.78,FALSE
35-44,25-34K,2198,0,0,0,0,0,0,0,0,0,0,0,0,1,0,0,0,1,1,0,0,0,0,1,0,0,0,0,0,0,0,4,,7205.88,FALSE
19-24,50-74K,2199,0,0,0,0,0,1,0,1,1,0,1,0,1,0,0,0,0,1,0,0,0,1,1,0,0,0,0,0,0,0,8,13,5639.17,FALSE
45-54,Under 15K,2200,1,0,0,0,0,0,0,1,0,0,0,1,1,0,0,0,1,1,0,0,0,1,0,0,0,1,1,1,0,1,11,20,8673.11,FALSE
45-54,50-74K,2203,0,0,0,0,0,0,0,1,0,0,0,1,1,0,0,0,0,1,0,0,0,0,0,0,0,1,0,0,0,0,5,,5239.09,FALSE
35-44,50-74K,2208,0,0,0,0,0,0,0,1,0,0,1,0,1,1,0,0,1,1,0,1,0,1,0,0,0,1,0,0,0,1,10,,9456.83,TRUE
25-34,35-49K,2209,0,0,0,0,1,0,0,0,1,0,0,0,1,0,0,0,0,1,0,1,0,1,0,0,0,0,0,0,0,0,6,,6996.68,FALSE
35-44,15-24K,2217,0,0,0,1,0,0,0,1,1,0,0,0,1,0,0,1,0,1,0,0,0,0,0,0,0,0,0,0,1,0,7,2,4430.01,FALSE
65+,35-49K,2221,0,0,0,0,0,0,0,1,0,0,0,0,1,0,0,0,1,1,0,0,0,0,0,0,0,0,0,0,0,0,4,,2301.4,FALSE
19-24,250K+,2224,0,1,0,0,0,0,0,0,0,0,0,1,1,0,0,0,0,1,0,1,0,0,0,0,1,1,0,0,0,1,8,,3984.1,FALSE
35-44,200-249K,2231,0,0,0,0,0,0,0,0,0,0,0,0,1,0,0,0,0,1,1,0,0,0,0,0,0,0,0,0,0,0,3,4,4400.26,FALSE
25-34,150-174K,2233,0,0,0,1,1,0,0,1,0,0,0,1,1,1,0,1,0,1,0,0,0,1,1,0,0,0,0,0,0,1,11,11,8440.77,FALSE
65+,Under 15K,2234,0,0,0,0,0,0,0,0,0,0,0,0,1,1,0,0,0,1,0,0,1,0,0,0,0,0,0,0,0,0,4,3,7971.57,FALSE
45-54,175-199K,2235,0,0,0,0,0,0,0,1,1,0,0,0,1,1,0,0,0,0,0,0,1,0,0,0,0,0,0,0,0,0,5,,3824.87,FALSE
45-54,50-74K,2237,0,0,0,0,0,0,0,1,1,0,0,1,1,0,0,0,0,1,0,0,0,1,0,0,0,0,0,0,0,0,6,9,4941.52,FALSE
45-54,50-74K,2243,0,0,0,0,0,0,0,0,1,0,0,0,0,1,0,0,0,0,0,0,0,0,0,0,0,0,0,0,0,0,2,,4019.71,FALSE
35-44,75-99K,2250,0,0,0,0,0,0,0,0,0,0,0,0,0,0,0,0,0,1,0,0,0,0,0,0,0,0,0,0,0,0,1,,2333.16,FALSE
45-54,50-74K,2252,0,0,0,0,0,0,0,0,0,0,0,0,0,0,0,0,0,0,0,0,0,0,0,1,0,0,0,0,0,0,1,,9489.82,FALSE
19-24,35-49K,2254,0,0,0,0,0,0,0,0,0,0,0,0,0,0,0,1,0,1,0,0,0,0,0,0,0,0,0,0,0,0,2,,1270.35,TRUE
45-54,25-34K,2260,0,0,0,0,0,0,0,1,0,0,0,0,1,0,0,0,0,1,0,0,0,1,0,0,0,0,0,0,0,0,4,4,7456.64,FALSE
45-54,250K+,2264,0,0,0,0,0,0,0,1,0,0,1,0,1,1,0,0,1,1,0,1,0,1,0,0,1,0,0,0,0,0,9,1,16960.59,FALSE
25-34,35-49K,2266,0,0,0,0,0,0,0,1,0,0,0,0,1,0,0,0,0,1,0,0,1,0,1,1,0,0,0,0,1,0,7,,8754.12,FALSE
55-64,35-49K,2269,0,0,0,0,0,0,0,1,0,0,0,0,1,0,0,0,0,1,0,0,0,1,0,0,0,0,0,0,0,0,4,,3273.95,FALSE
65+,25-34K,2272,0,0,0,0,0,0,0,0,0,0,0,0,0,0,0,0,0,0,0,0,0,0,0,0,0,0,0,0,0,0,,,2244.17,FALSE
25-34,50-74K,2279,0,0,0,0,0,0,0,0,0,0,0,0,0,0,0,1,0,0,0,1,0,0,0,0,0,0,0,0,0,0,2,,972.47,FALSE
35-44,15-24K,2280,0,0,0,0,0,1,0,1,0,1,0,1,1,0,0,1,0,1,1,0,0,1,1,0,1,1,0,0,0,1,13,13,12332.91,FALSE
55-64,175-199K,2282,0,0,0,0,0,0,0,0,0,0,0,0,0,0,0,0,0,1,0,0,0,0,0,0,0,0,0,0,1,0,2,1,1103.88,FALSE
45-54,250K+,2284,0,0,0,0,0,0,0,1,0,0,0,1,1,1,0,1,1,1,0,0,0,0,1,0,1,0,0,0,1,0,10,2,17152.63,FALSE
45-54,35-49K,2292,0,0,0,0,0,0,0,0,0,0,0,0,0,0,0,0,0,0,0,0,0,0,0,0,0,0,0,0,0,0,,,1336.14,FALSE
45-54,25-34K,2294,0,1,0,0,1,0,0,1,0,0,0,0,1,0,0,0,0,1,0,0,0,0,0,0,0,0,0,0,0,1,6,,8381.66,TRUE
35-44,35-49K,2295,0,1,0,0,0,0,0,1,0,0,1,0,1,1,0,0,0,1,0,1,0,1,0,0,0,1,0,0,0,0,9,,8003.99,TRUE
35-44,125-149K,2296,0,0,0,0,0,0,1,1,0,0,1,0,1,1,0,0,0,1,0,1,0,0,0,0,1,0,0,0,0,0,8,,13404.83,FALSE
65+,50-74K,2298,0,0,0,0,0,0,0,0,0,0,0,0,1,0,0,0,0,1,0,0,0,0,0,0,0,0,0,0,0,0,2,,2709.53,FALSE
45-54,50-74K,2300,0,0,0,0,0,0,0,1,0,0,0,0,1,1,0,1,0,1,0,0,0,1,1,0,0,0,0,0,0,0,7,,4615.35,FALSE
35-44,35-49K,2302,0,0,0,0,0,0,0,1,0,0,0,0,1,0,0,0,0,0,0,0,0,0,0,0,0,0,0,0,0,0,2,,1960.24,TRUE
45-54,50-74K,2305,0,0,1,0,0,0,1,1,0,0,0,1,1,0,0,0,0,1,0,1,0,0,0,0,0,1,0,0,0,1,9,15,6320.64,FALSE
45-54,75-99K,2307,0,0,0,0,0,0,1,1,0,0,0,0,1,1,0,0,0,1,0,1,0,0,1,0,0,1,0,0,0,1,9,,6009.24,FALSE
45-54,250K+,2312,0,0,0,1,0,0,0,1,1,0,1,0,1,0,0,0,0,1,0,0,0,1,1,0,0,0,0,0,0,0,8,,14682.81,FALSE
45-54,125-149K,2314,0,0,0,0,0,0,0,1,0,0,0,0,1,0,0,0,0,1,0,0,0,1,0,0,0,0,0,0,0,0,4,3,5078.05,TRUE
35-44,50-74K,2317,0,0,0,0,1,0,1,1,1,1,1,0,1,1,0,1,0,1,0,1,0,0,1,0,1,1,1,1,0,1,17,10,13967.37,FALSE
19-24,Under 15K,2318,0,0,0,0,1,1,1,1,0,0,1,0,1,1,0,0,0,1,0,1,0,1,0,0,1,1,0,0,0,1,13,,10685.72,TRUE
45-54,175-199K,2322,0,0,0,0,1,1,0,1,0,1,0,0,1,0,0,1,1,0,1,0,0,1,0,0,1,0,0,0,0,0,10,3,23646.92,FALSE
35-44,50-74K,2324,0,0,0,0,0,0,0,1,1,0,0,0,1,0,1,1,0,1,0,0,0,0,0,0,0,1,0,0,1,1,9,5,2671.77,FALSE
45-54,250K+,2328,0,0,0,0,0,0,0,1,0,0,1,0,1,1,0,0,0,1,0,1,0,0,0,1,1,1,1,0,0,1,11,,14193.61,FALSE
45-54,50-74K,2330,0,0,0,0,0,0,0,1,1,1,0,0,1,1,0,0,0,1,0,0,0,0,0,0,0,0,0,0,0,0,6,3,5683.36,FALSE
35-44,35-49K,2331,0,0,0,0,1,0,1,1,0,0,0,0,1,0,0,0,1,1,0,0,0,0,0,0,0,1,0,0,0,1,8,3,5903.55,TRUE
35-44,50-74K,2334,0,0,0,0,0,0,0,1,0,0,0,1,1,1,0,0,1,1,0,1,0,0,1,1,1,1,0,0,0,1,12,2,11955.38,FALSE
65+,Under 15K,2337,0,0,0,0,0,0,1,1,0,0,0,0,1,1,0,0,1,0,0,1,0,1,0,1,1,0,0,0,0,0,9,,11703.97,FALSE
45-54,50-74K,2341,0,0,0,0,0,0,1,1,0,1,1,0,1,1,1,0,0,1,0,1,0,1,0,1,0,0,0,0,0,1,12,2,5698.38,TRUE
55-64,100-124K,2342,0,0,0,0,0,0,0,0,0,0,0,0,0,0,0,0,0,1,0,0,0,1,0,0,0,0,0,0,0,0,2,2,5934.36,FALSE
19-24,50-74K,2343,0,0,0,1,0,0,0,1,0,0,0,0,1,0,0,1,0,1,0,0,0,0,0,0,0,0,0,0,0,0,5,,4627.48,FALSE
45-54,35-49K,2347,0,0,0,0,0,0,0,0,0,0,0,0,0,0,0,0,0,1,0,0,0,0,0,0,0,0,0,0,0,0,1,1,3232.55,FALSE
45-54,75-99K,2351,0,0,0,0,0,0,0,1,0,0,0,1,1,1,0,1,0,1,0,1,1,0,1,0,0,0,0,0,1,0,10,12,16616.78,FALSE
45-54,25-34K,2359,0,0,0,0,0,0,0,1,0,0,1,0,1,0,0,0,0,1,0,0,0,0,0,0,0,0,0,0,0,0,4,,2806.27,TRUE
25-34,50-74K,2360,0,0,0,0,1,0,1,1,0,1,1,0,1,1,0,0,0,0,0,1,0,0,1,0,1,0,0,0,0,0,10,,9394.58,FALSE
25-34,35-49K,2361,0,0,0,0,1,0,1,0,0,0,0,1,1,1,0,0,0,1,0,1,0,0,0,0,0,0,0,0,0,0,7,,4528.71,TRUE
45-54,25-34K,2364,0,0,0,0,0,0,0,0,0,0,0,0,1,0,0,0,0,1,0,1,0,0,0,0,0,0,0,0,0,0,3,2,7414.1,FALSE
45-54,Under 15K,2367,0,0,0,0,0,0,1,1,0,1,0,0,1,0,0,0,0,1,1,0,0,0,1,0,0,0,0,0,0,0,7,,4495.53,FALSE
25-34,Under 15K,2370,0,0,0,0,0,0,0,1,0,0,0,0,1,0,0,1,0,1,0,0,0,1,0,0,0,0,0,0,0,0,5,8,5307.52,FALSE
45-54,150-174K,2374,0,0,0,0,0,0,0,0,1,0,0,1,1,0,0,0,0,1,0,0,0,1,1,0,0,0,0,0,0,0,6,7,6249.35,TRUE
45-54,35-49K,2376,0,0,0,0,0,0,0,0,0,0,1,0,1,0,0,0,0,1,0,0,0,0,0,0,0,0,0,0,0,0,3,,3925.49,FALSE
25-34,50-74K,2378,0,0,0,0,0,0,0,0,0,0,1,0,1,1,0,1,1,1,0,1,0,0,1,0,1,0,0,0,0,0,9,3,8311.08,FALSE
45-54,50-74K,2380,0,0,0,0,1,0,0,1,0,0,1,0,1,0,0,0,0,1,1,0,0,0,0,0,0,0,0,0,0,0,6,19,5018.78,FALSE
25-34,50-74K,2390,0,0,0,0,0,0,1,1,0,0,0,0,0,0,0,0,0,0,0,0,0,0,0,0,0,0,0,0,0,0,2,,1046.59,TRUE
35-44,75-99K,2393,0,0,0,0,0,0,0,1,0,0,0,0,0,0,0,0,0,1,0,0,0,0,1,0,0,0,0,0,0,0,3,,4048.29,FALSE
65+,125-149K,2397,0,0,0,0,0,0,0,0,0,0,0,0,0,0,0,0,0,0,0,0,0,0,0,0,0,0,0,0,0,0,,,1095.1,FALSE
35-44,25-34K,2400,0,0,0,0,0,0,0,0,0,0,0,0,0,0,0,1,0,1,1,1,0,1,0,0,1,0,0,0,0,0,6,23,14681.32,FALSE
25-34,15-24K,2405,0,0,0,0,0,0,0,1,0,0,0,0,1,0,0,0,0,1,0,0,0,0,0,0,0,0,0,0,0,0,3,,3425.7,FALSE
25-34,125-149K,2406,0,0,0,0,0,0,0,1,1,0,1,0,1,0,0,0,0,1,0,0,0,0,0,0,0,0,0,0,0,1,6,2,4860.81,TRUE
45-54,100-124K,2407,0,0,0,0,0,0,0,1,0,0,0,0,1,0,0,0,0,1,0,0,0,0,1,0,0,1,0,0,0,1,6,9,6665.22,FALSE
65+,Under 15K,2411,0,0,0,0,0,0,0,1,0,0,0,0,1,0,0,0,0,0,0,0,0,0,0,0,0,0,0,0,0,0,2,,2019.25,FALSE
45-54,15-24K,2420,0,0,0,0,0,0,0,1,0,0,0,0,1,0,0,0,0,1,0,0,0,0,0,0,0,1,0,0,0,1,5,1,4583.46,TRUE
45-54,150-174K,2421,0,0,0,0,0,0,0,1,1,1,0,1,1,0,0,0,0,1,0,0,0,1,1,0,1,0,0,0,0,0,9,7,8749.76,FALSE
19-24,Under 15K,2426,0,0,0,0,0,0,0,1,0,0,0,0,1,0,0,0,0,1,0,0,0,0,0,0,0,0,0,0,0,0,3,,2437.06,FALSE
35-44,50-74K,2427,0,0,1,0,0,0,0,1,0,0,1,0,1,1,0,0,0,1,0,1,1,0,1,0,1,1,0,0,0,1,12,8,8725.94,FALSE
19-24,35-49K,2432,0,0,0,0,0,0,1,1,0,0,1,0,1,1,0,1,1,1,0,1,0,1,0,0,1,0,0,0,0,0,11,,4948.11,FALSE
45-54,50-74K,2435,0,0,0,0,0,0,0,0,0,0,0,0,0,0,0,0,0,0,0,0,0,0,0,0,0,0,0,0,0,0,,,3303.85,FALSE
35-44,125-149K,2437,0,0,0,0,0,0,0,1,0,0,0,0,1,0,0,0,0,1,0,0,0,0,0,0,1,0,0,0,0,0,4,,4841.94,FALSE
45-54,35-49K,2445,0,0,0,0,1,0,0,1,0,0,0,0,1,0,0,0,1,1,0,1,0,0,0,1,0,1,0,0,0,1,9,,6546.05,FALSE
35-44,125-149K,2446,0,0,0,1,0,0,0,1,0,0,0,0,1,0,0,0,0,1,0,0,0,0,0,0,1,0,0,0,0,0,5,,6455.78,FALSE
35-44,25-34K,2447,0,0,0,0,0,0,0,1,0,0,0,0,1,0,0,0,0,1,0,0,0,0,0,0,0,0,0,0,0,0,3,,7520.94,FALSE
45-54,50-74K,2448,0,0,0,0,0,0,0,1,0,0,0,0,0,1,0,0,1,1,0,1,0,1,0,1,0,1,0,1,0,1,10,10,9300.73,FALSE
35-44,175-199K,2449,0,0,0,0,0,0,0,0,0,0,0,0,0,0,0,0,0,0,0,0,0,0,0,0,0,0,0,0,0,0,,,10866.87,FALSE
45-54,50-74K,2453,0,0,0,1,1,0,0,1,0,0,0,0,1,0,0,0,0,1,0,0,0,0,0,0,0,0,0,0,0,0,5,,4551.68,FALSE
45-54,25-34K,2455,0,0,0,0,0,0,0,1,0,0,0,0,1,0,0,1,1,1,1,0,0,1,0,0,0,0,0,0,0,0,7,2,5339.03,FALSE
65+,15-24K,2465,0,0,0,0,0,0,0,0,0,0,0,0,0,0,0,0,0,0,0,0,0,0,0,0,0,0,0,0,0,0,,,2089.29,TRUE
35-44,75-99K,2467,0,0,0,0,0,0,0,1,1,0,1,0,1,1,0,1,1,1,0,1,0,1,0,1,1,0,0,0,0,0,12,5,12850.56,FALSE
25-34,150-174K,2479,0,0,0,0,0,1,1,0,0,1,1,0,1,0,0,1,0,1,1,1,0,0,1,0,1,0,0,0,0,0,11,,14279.7,FALSE
45-54,75-99K,2483,0,0,0,0,0,0,0,0,0,0,0,0,0,0,0,0,0,1,0,0,0,0,0,0,0,0,0,0,0,0,1,,1770.91,FALSE
35-44,25-34K,2486,0,0,0,0,0,0,0,0,0,0,0,0,0,0,0,0,1,1,0,0,0,1,0,0,1,0,0,0,0,0,4,,3265.52,FALSE
45-54,35-49K,2488,0,0,0,0,0,0,1,1,1,0,0,0,1,1,0,1,0,1,0,0,0,1,0,0,0,0,0,0,1,0,9,11,6327.51,FALSE
35-44,50-74K,2489,0,0,0,1,1,1,0,1,0,1,1,0,1,1,0,1,0,1,0,1,1,0,1,1,1,0,0,0,0,1,16,28,9403.42,FALSE
35-44,50-74K,2494,0,0,0,0,0,0,0,0,0,0,0,0,0,0,0,0,1,1,0,0,0,0,0,0,0,0,0,0,0,0,2,5,2120.93,FALSE
45-54,75-99K,2496,0,0,0,0,0,0,0,1,0,0,0,0,1,1,0,0,1,1,0,0,0,0,0,0,0,0,0,0,0,0,5,11,4339.66,TRUE
45-54,35-49K,2497,0,0,0,0,0,0,0,1,0,0,0,0,1,0,0,0,0,1,0,0,0,0,0,0,0,0,0,0,0,0,3,,7111.98,FALSE
25-34,50-74K,2498,0,0,0,0,0,1,0,1,0,0,0,0,1,0,0,1,1,1,0,0,0,0,0,0,0,0,0,0,0,0,6,,2601.6,FALSE
25-34,Under 15K,2499,0,0,0,0,0,0,0,1,0,0,0,0,0,0,0,0,0,1,0,0,0,0,0,0,0,0,0,0,0,0,2,,3394.07,FALSE
