,0,1,2,3,4,5,6,7,8,9,10
0,6621993_1.jpg,5531218_0.jpg,5076193_0.jpg,3592570_1.jpg,5237851_0.jpg,1360443_1.jpg,2795694_0.jpg,1211240_0.jpg,5962041_0.jpg,1422091_0.jpg,1576123_1.jpg
1,598876_0.jpg,3779080_2.jpg,5057350_0.jpg,3518216_0.jpg,5430819_0.jpg,5805839_1.jpg,3766409_1.jpg,5299557_1.jpg,598876_1.jpg,3779080_0.jpg,5057350_2.jpg
2,3169236_0.jpg,3169236_1.jpg,3945315_0.jpg,263977_1.jpg,2070927_0.jpg,2527501_0.jpg,1707110_1.jpg,4285581_0.jpg,4207944_0.jpg,4412540_0.jpg,2755487_0.jpg
3,3391830_3.jpg,3761227_0.jpg,1579564_0.jpg,5076193_0.jpg,2795694_0.jpg,766234_0.jpg,4530827_0.jpg,1211240_0.jpg,217204_0.jpg,2261625_0.jpg,5880137_0.jpg
4,6359436_2.jpg,6359436_1.jpg,1926144_0.jpg,3007801_0.jpg,4418633_0.jpg,2853133_0.jpg,6249716_0.jpg,3061333_1.jpg,6359436_0.jpg,6203447_1.jpg,217204_0.jpg
5,4411723_0.jpg,4411723_1.jpg,734879_0.jpg,734879_1.jpg,5897501_0.jpg,5939231_0.jpg,1864536_0.jpg,5939231_1.jpg,3061333_0.jpg,510802_0.jpg,1707110_0.jpg
6,3080655_0.jpg,5651469_0.jpg,5651469_1.jpg,1794510_0.jpg,684408_2.jpg,2524410_1.jpg,684408_1.jpg,6249716_0.jpg,1527720_2.jpg,2249413_0.jpg,1579564_0.jpg
7,2614187_2.jpg,6652881_0.jpg,263977_2.jpg,5880137_0.jpg,4985872_0.jpg,6460827_0.jpg,5755533_0.jpg,451241_0.jpg,1370619_0.jpg,4768716_0.jpg,2396442_0.jpg
8,1211240_0.jpg,1579564_0.jpg,5880137_0.jpg,217204_0.jpg,3761227_0.jpg,5939231_1.jpg,4418633_0.jpg,2853133_0.jpg,5533514_0.jpg,6621993_1.jpg,3391830_3.jpg
9,5326936_3.jpg,506662_3.jpg,4386407_2.jpg,4905153_3.jpg,5880137_1.jpg,4905153_1.jpg,2393473_0.jpg,2524410_0.jpg,1527720_1.jpg,958266_0.jpg,2641262_1.jpg
10,2795694_0.jpg,3761227_0.jpg,3391830_3.jpg,6621993_1.jpg,2565742_1.jpg,5076193_0.jpg,5237851_0.jpg,5586792_0.jpg,1422091_0.jpg,1576123_1.jpg,4063433_1.jpg
11,1926144_1.jpg,3007801_1.jpg,2165012_1.jpg,6700634_0.jpg,2396442_0.jpg,1527720_0.jpg,5755533_1.jpg,1370619_0.jpg,3017986_0.jpg,5399576_0.jpg,5277036_0.jpg
12,598876_0.jpg,3779080_2.jpg,5057350_0.jpg,3518216_0.jpg,5430819_0.jpg,5805839_1.jpg,3766409_1.jpg,5299557_1.jpg,598876_1.jpg,3779080_0.jpg,5057350_2.jpg
13,5219922_2.jpg,698940_0.jpg,6007737_0.jpg,698940_1.jpg,3240637_0.jpg,130374_0.jpg,3240637_1.jpg,2641262_0.jpg,553331_0.jpg,2771913_0.jpg,2503614_0.jpg
14,5219922_3.jpg,3548744_0.jpg,3825793_0.jpg,2728604_0.jpg,698940_1.jpg,1111645_0.jpg,2527501_0.jpg,2539075_0.jpg,3323925_1.jpg,3432903_0.jpg,1794510_0.jpg
15,5076193_0.jpg,5531218_0.jpg,6621993_1.jpg,2261625_0.jpg,1579564_0.jpg,5586792_0.jpg,3761227_0.jpg,5962041_0.jpg,3391830_3.jpg,3592570_1.jpg,1360443_1.jpg
16,3560786_0.jpg,6007737_0.jpg,917099_0.jpg,2503614_0.jpg,3240637_0.jpg,1082183_0.jpg,5101613_0.jpg,698940_0.jpg,2755487_0.jpg,4936800_3.jpg,4936800_1.jpg
17,1926144_0.jpg,3007801_0.jpg,2165012_0.jpg,4418633_0.jpg,2853133_0.jpg,6460827_0.jpg,5755533_0.jpg,6359436_2.jpg,4768716_0.jpg,567729_0.jpg,4209522_0.jpg
18,4209522_0.jpg,3728824_0.jpg,1416105_0.jpg,3001626_0.jpg,4418633_0.jpg,2853133_0.jpg,1926144_0.jpg,3007801_0.jpg,1692871_0.jpg,4768716_0.jpg,2165012_0.jpg
19,5326936_2.jpg,4221663_2.jpg,3243359_1.jpg,4221663_3.jpg,2539075_0.jpg,263977_2.jpg,1370619_0.jpg,6652881_0.jpg,2614187_2.jpg,1111645_0.jpg,1613848_0.jpg
20,1211240_1.jpg,3761227_1.jpg,5048970_1.jpg,510802_0.jpg,2641262_1.jpg,217204_0.jpg,5880137_0.jpg,2283033_1.jpg,1679426_1.jpg,4530827_0.jpg,5880137_1.jpg
21,199060_0.jpg,5326936_1.jpg,506662_2.jpg,4221663_1.jpg,3243359_2.jpg,4386407_3.jpg,4905153_2.jpg,6298920_1.jpg,3391830_1.jpg,1238122_1.jpg,5765859_1.jpg
22,2721276_0.jpg,4207789_0.jpg,1864536_0.jpg,5897501_0.jpg,3391830_2.jpg,4411723_0.jpg,6203447_0.jpg,4411723_1.jpg,1420572_0.jpg,5939231_0.jpg,3391830_0.jpg
23,2110425_0.jpg,1951631_0.jpg,2904649_0.jpg,6676540_0.jpg,1129805_0.jpg,2774373_0.jpg,5165978_0.jpg,3702548_0.jpg,2894006_0.jpg,868312_0.jpg,2292197_1.jpg
24,1478575_0.jpg,2396442_0.jpg,3017986_0.jpg,2165012_1.jpg,1527720_0.jpg,958266_0.jpg,2445924_0.jpg,6700634_0.jpg,1370619_0.jpg,1926144_1.jpg,3007801_1.jpg
25,2527501_0.jpg,3945315_0.jpg,263977_1.jpg,3169236_1.jpg,3169236_0.jpg,2771913_1.jpg,1707110_1.jpg,2539075_0.jpg,1111645_0.jpg,5749819_0.jpg,6112991_0.jpg
26,4411723_1.jpg,4411723_0.jpg,5897501_0.jpg,734879_0.jpg,734879_1.jpg,1864536_0.jpg,3061333_0.jpg,5939231_0.jpg,3945315_0.jpg,4285581_0.jpg,1707110_0.jpg
27,4418633_0.jpg,2853133_0.jpg,4768716_0.jpg,1926144_0.jpg,3007801_0.jpg,217204_0.jpg,2165012_0.jpg,4209522_0.jpg,3728824_0.jpg,1416105_0.jpg,6359436_2.jpg
28,3391830_2.jpg,1420572_0.jpg,3391830_3.jpg,5586792_0.jpg,5962041_0.jpg,1422091_0.jpg,2795694_0.jpg,2219063_1.jpg,674194_0.jpg,2721276_0.jpg,2261625_0.jpg
29,3169236_1.jpg,3169236_0.jpg,3945315_0.jpg,2070927_0.jpg,263977_1.jpg,2527501_0.jpg,4412540_0.jpg,2755487_0.jpg,4207944_0.jpg,3123386_0.jpg,4285581_0.jpg
30,6357292_2.jpg,5805839_2.jpg,3766409_2.jpg,948745_2.jpg,417077_2.jpg,598876_1.jpg,3779080_0.jpg,5057350_2.jpg,3518216_2.jpg,5430819_1.jpg,5299557_2.jpg
31,598876_1.jpg,3779080_0.jpg,5057350_2.jpg,3518216_2.jpg,5430819_1.jpg,6357292_2.jpg,5805839_2.jpg,3766409_2.jpg,948745_2.jpg,417077_2.jpg,5299557_2.jpg
32,1422091_0.jpg,5237851_0.jpg,3592570_1.jpg,2795694_0.jpg,5962041_0.jpg,6621993_1.jpg,6203447_1.jpg,5939231_1.jpg,1576123_1.jpg,4063433_1.jpg,6203447_0.jpg
33,684408_2.jpg,684408_1.jpg,261890_0.jpg,5630226_0.jpg,261890_1.jpg,2450505_0.jpg,684408_0.jpg,2524410_1.jpg,194493_0.jpg,194493_1.jpg,436356_0.jpg
34,6621993_0.jpg,3592570_0.jpg,3391830_0.jpg,6581096_0.jpg,6581096_1.jpg,4207789_0.jpg,2775357_1.jpg,2775357_0.jpg,2775357_2.jpg,2775357_3.jpg,5326936_1.jpg
35,684408_0.jpg,5630226_0.jpg,261890_1.jpg,261890_0.jpg,684408_1.jpg,2524410_0.jpg,684408_2.jpg,1527720_1.jpg,451241_0.jpg,2348333_0.jpg,4985872_0.jpg
36,3929938_0.jpg,3929938_1.jpg,2614187_1.jpg,2614187_0.jpg,2601997_0.jpg,1625168_1.jpg,2894006_0.jpg,6007737_0.jpg,2008369_1.jpg,739325_1.jpg,2771913_1.jpg
37,6357292_0.jpg,948745_0.jpg,417077_0.jpg,5805839_0.jpg,3766409_0.jpg,3779080_1.jpg,5057350_1.jpg,3518216_1.jpg,598876_2.jpg,5430819_2.jpg,5299557_0.jpg
38,6359436_1.jpg,6359436_2.jpg,1926144_0.jpg,3007801_0.jpg,4418633_0.jpg,2853133_0.jpg,3061333_1.jpg,567729_0.jpg,4209522_0.jpg,3728824_0.jpg,1416105_0.jpg
39,3391830_0.jpg,5939231_0.jpg,4411723_1.jpg,5962041_0.jpg,4207789_0.jpg,1707110_0.jpg,2721276_0.jpg,3592570_1.jpg,4411723_0.jpg,4285581_0.jpg,3123386_0.jpg
40,6112991_0.jpg,5669633_0.jpg,3996265_0.jpg,1076297_0.jpg,1111645_0.jpg,5794695_2.jpg,868312_0.jpg,3323925_1.jpg,1707110_1.jpg,2527501_0.jpg,263977_1.jpg
41,4719256_1.jpg,3174536_1.jpg,2008369_0.jpg,2008369_1.jpg,619948_1.jpg,868312_0.jpg,6048512_0.jpg,3174536_0.jpg,1625168_1.jpg,619948_0.jpg,4719256_0.jpg
42,2614187_1.jpg,2614187_0.jpg,3929938_0.jpg,3929938_1.jpg,2894006_0.jpg,2601997_0.jpg,6438372_1.jpg,1625168_1.jpg,5237851_0.jpg,2008369_1.jpg,3785080_0.jpg
43,5605151_0.jpg,4530827_0.jpg,2253833_2.jpg,2524410_0.jpg,5276268_0.jpg,5880137_0.jpg,3894379_2.jpg,1527720_1.jpg,5880137_1.jpg,1579564_0.jpg,6700634_0.jpg
44,5326936_0.jpg,4285581_0.jpg,506662_1.jpg,4221663_0.jpg,6438372_0.jpg,4386407_0.jpg,4221663_3.jpg,3243359_0.jpg,3785080_0.jpg,4905153_0.jpg,1864536_0.jpg
45,1088984_0.jpg,4489130_0.jpg,130374_0.jpg,6159559_1.jpg,2728604_0.jpg,2771913_0.jpg,2771913_1.jpg,17126_3.jpg,6112991_0.jpg,4207944_0.jpg,3432903_0.jpg
46,4037153_0.jpg,5533514_0.jpg,4053068_0.jpg,4418633_0.jpg,2853133_0.jpg,5127422_0.jpg,3235516_0.jpg,1360443_1.jpg,3017986_1.jpg,1306638_0.jpg,1306638_1.jpg
47,3779080_1.jpg,5057350_1.jpg,3518216_1.jpg,598876_2.jpg,5430819_2.jpg,5805839_0.jpg,3766409_0.jpg,5299557_0.jpg,417077_0.jpg,6357292_0.jpg,948745_0.jpg
48,5219922_1.jpg,5219922_0.jpg,698940_0.jpg,5749819_0.jpg,130374_2.jpg,698940_1.jpg,2641262_0.jpg,5219922_2.jpg,1046233_0.jpg,553331_0.jpg,130374_0.jpg
49,5219922_0.jpg,5219922_1.jpg,5456115_2.jpg,130374_2.jpg,1323502_2.jpg,5456115_0.jpg,6007737_0.jpg,2780180_1.jpg,238697_0.jpg,3123386_0.jpg,2780180_2.jpg
50,2894006_0.jpg,6505789_0.jpg,868312_0.jpg,2614187_1.jpg,1625168_1.jpg,2008369_0.jpg,6438372_1.jpg,6080959_3.jpg,6080959_1.jpg,2614187_0.jpg,2008369_1.jpg
51,598876_1.jpg,3779080_0.jpg,5057350_2.jpg,3518216_2.jpg,5430819_1.jpg,6357292_2.jpg,5805839_2.jpg,3766409_2.jpg,948745_2.jpg,417077_2.jpg,5299557_2.jpg
52,5326936_1.jpg,506662_2.jpg,4221663_1.jpg,3243359_2.jpg,4386407_3.jpg,4905153_2.jpg,199060_0.jpg,1323502_1.jpg,6581096_0.jpg,6581096_1.jpg,1323502_0.jpg
53,2614187_0.jpg,2614187_1.jpg,3929938_1.jpg,3929938_0.jpg,2894006_0.jpg,2601997_0.jpg,4285581_0.jpg,6505789_0.jpg,3785080_0.jpg,2008369_1.jpg,6438372_1.jpg
54,3154838_0.jpg,3785080_0.jpg,217204_0.jpg,510802_0.jpg,2539075_0.jpg,230100_0.jpg,6438372_0.jpg,6249716_0.jpg,5939231_1.jpg,1111645_0.jpg,4285581_0.jpg
55,4719256_0.jpg,2286552_3.jpg,2286552_2.jpg,2286552_0.jpg,2286552_1.jpg,3174536_0.jpg,619948_0.jpg,6159559_0.jpg,4719256_1.jpg,1456671_0.jpg,2165012_0.jpg
56,3391830_1.jpg,6581096_0.jpg,199060_0.jpg,1576123_0.jpg,4063433_0.jpg,5765859_1.jpg,4397251_1.jpg,4397251_0.jpg,263977_0.jpg,263977_1.jpg,5048970_0.jpg
57,6359436_0.jpg,2253833_2.jpg,5880137_0.jpg,6460827_0.jpg,5755533_0.jpg,6652881_0.jpg,4768716_0.jpg,3445765_0.jpg,6359436_2.jpg,5605151_0.jpg,1926144_0.jpg
58,6357292_1.jpg,417077_1.jpg,948745_1.jpg,5299557_1.jpg,5805839_1.jpg,3766409_1.jpg,598876_0.jpg,3779080_2.jpg,5057350_0.jpg,3518216_0.jpg,5430819_0.jpg
59,598876_2.jpg,5430819_2.jpg,3779080_1.jpg,5057350_1.jpg,3518216_1.jpg,5805839_0.jpg,3766409_0.jpg,5299557_0.jpg,417077_0.jpg,6357292_0.jpg,948745_0.jpg
60,3929938_1.jpg,3929938_0.jpg,2614187_1.jpg,2614187_0.jpg,1625168_1.jpg,2894006_0.jpg,2601997_0.jpg,2008369_0.jpg,3174536_1.jpg,2008369_1.jpg,739325_0.jpg
61,684408_1.jpg,684408_2.jpg,5630226_0.jpg,261890_0.jpg,261890_1.jpg,684408_0.jpg,2450505_0.jpg,2524410_1.jpg,451241_0.jpg,194493_0.jpg,194493_1.jpg
62,917099_0.jpg,6007737_0.jpg,3123386_0.jpg,2503614_0.jpg,3560786_0.jpg,4285581_0.jpg,2755487_0.jpg,5456115_0.jpg,5101613_0.jpg,2614187_0.jpg,4636037_0.jpg
63,1323502_3.jpg,5456115_0.jpg,1238122_1.jpg,1323502_1.jpg,2271854_0.jpg,1323502_0.jpg,5456115_1.jpg,5023985_0.jpg,2780180_2.jpg,5630226_2.jpg,2780180_3.jpg
64,5127422_0.jpg,3235516_0.jpg,4418633_0.jpg,2853133_0.jpg,4768716_0.jpg,5533514_0.jpg,3001626_0.jpg,4209522_0.jpg,3728824_0.jpg,1416105_0.jpg,6460827_0.jpg
65,3820267_0.jpg,5451882_1.jpg,6532298_1.jpg,6532298_0.jpg,6532298_2.jpg,6532298_3.jpg,5451882_0.jpg,6007737_0.jpg,5494334_1.jpg,2614187_0.jpg,5494334_0.jpg
66,1625168_1.jpg,2771913_1.jpg,2008369_0.jpg,2008369_1.jpg,6080959_3.jpg,6080959_1.jpg,739325_1.jpg,3174536_1.jpg,619948_1.jpg,6159559_1.jpg,6048512_0.jpg
67,6266970_0.jpg,35231_1.jpg,35231_0.jpg,5299557_1.jpg,6357292_1.jpg,417077_1.jpg,948745_1.jpg,598876_0.jpg,3779080_2.jpg,5057350_0.jpg,3518216_0.jpg
68,2348333_0.jpg,958266_0.jpg,261890_1.jpg,684408_0.jpg,451241_0.jpg,5630226_0.jpg,261890_0.jpg,1527720_1.jpg,2393473_0.jpg,2524410_0.jpg,684408_1.jpg
69,130374_0.jpg,698940_0.jpg,5101613_0.jpg,2527501_0.jpg,2771913_0.jpg,1088984_0.jpg,5749819_0.jpg,2771913_1.jpg,6159559_1.jpg,4412540_0.jpg,2503614_0.jpg
70,1360443_1.jpg,5531218_0.jpg,6621993_1.jpg,5076193_0.jpg,2219063_2.jpg,5630226_2.jpg,2219063_1.jpg,2219063_3.jpg,5533514_0.jpg,5586792_0.jpg,3592570_1.jpg
71,2641262_0.jpg,2503614_0.jpg,4412540_0.jpg,2755487_0.jpg,4636037_0.jpg,4391117_0.jpg,5749819_0.jpg,5101613_0.jpg,3123386_0.jpg,2771913_0.jpg,698940_0.jpg
72,1170894_0.jpg,2797132_0.jpg,1170894_1.jpg,2797132_1.jpg,6080959_3.jpg,6080959_1.jpg,868312_0.jpg,6080959_2.jpg,6080959_0.jpg,2292197_1.jpg,2292197_3.jpg
73,766234_0.jpg,3391830_3.jpg,6203447_1.jpg,5692853_0.jpg,1707110_1.jpg,2795694_0.jpg,5939231_1.jpg,1579564_0.jpg,5127422_0.jpg,3235516_0.jpg,6203447_0.jpg
74,1370619_0.jpg,1926144_1.jpg,3007801_1.jpg,3017986_0.jpg,2165012_1.jpg,2396442_0.jpg,6700634_0.jpg,1478575_0.jpg,1527720_0.jpg,5755533_1.jpg,3061333_2.jpg
75,4936800_2.jpg,4936800_0.jpg,4936800_3.jpg,4936800_1.jpg,5101613_0.jpg,6159559_1.jpg,130374_0.jpg,6007737_0.jpg,3560786_0.jpg,1082183_0.jpg,739325_1.jpg
76,4936800_3.jpg,4936800_1.jpg,5641105_1.jpg,5641105_0.jpg,5641105_2.jpg,5641105_3.jpg,2775357_1.jpg,2775357_0.jpg,2775357_2.jpg,2775357_3.jpg,4936800_2.jpg
77,1170894_1.jpg,2797132_1.jpg,1170894_0.jpg,6080959_3.jpg,6080959_1.jpg,2797132_0.jpg,6080959_2.jpg,6080959_0.jpg,868312_0.jpg,2008369_1.jpg,217204_0.jpg
78,5879123_0.jpg,1794510_0.jpg,5023985_1.jpg,1238122_0.jpg,5669633_0.jpg,3996265_0.jpg,1076297_0.jpg,3825793_0.jpg,6266112_0.jpg,2728604_0.jpg,1417301_0.jpg
79,2249413_0.jpg,2848048_0.jpg,1579564_0.jpg,1527720_1.jpg,6147917_0.jpg,1527720_2.jpg,5880137_0.jpg,2524410_0.jpg,2393473_0.jpg,436356_0.jpg,4530827_0.jpg
80,2641262_1.jpg,5880137_1.jpg,5326936_3.jpg,506662_3.jpg,4386407_2.jpg,4905153_3.jpg,1211240_1.jpg,3761227_1.jpg,35231_0.jpg,6652881_0.jpg,35231_1.jpg
81,1360443_0.jpg,194493_1.jpg,194493_0.jpg,2450505_0.jpg,4418633_0.jpg,2853133_0.jpg,684408_2.jpg,684408_1.jpg,2165012_0.jpg,261890_0.jpg,1306638_0.jpg
82,130374_1.jpg,698940_0.jpg,130374_0.jpg,553331_0.jpg,3240637_1.jpg,3240637_0.jpg,1046233_0.jpg,698940_1.jpg,1088984_0.jpg,5749819_0.jpg,4022765_1.jpg
83,6460827_0.jpg,5755533_0.jpg,1926144_0.jpg,3007801_0.jpg,5299557_2.jpg,6357292_2.jpg,5805839_2.jpg,3766409_2.jpg,948745_2.jpg,417077_2.jpg,598876_1.jpg
84,1625168_0.jpg,2771913_0.jpg,1625168_1.jpg,2771913_1.jpg,739325_0.jpg,619948_1.jpg,6159559_1.jpg,739325_1.jpg,5101613_0.jpg,4489130_0.jpg,6007737_0.jpg
85,1456671_0.jpg,395560_0.jpg,619948_0.jpg,4719256_0.jpg,3174536_0.jpg,2286552_3.jpg,2286552_2.jpg,2286552_0.jpg,2286552_1.jpg,1396752_0.jpg,3243359_1.jpg
86,1323502_2.jpg,1323502_0.jpg,5456115_0.jpg,2780180_1.jpg,2780180_2.jpg,1323502_3.jpg,2271854_0.jpg,2780180_3.jpg,553331_0.jpg,5219922_0.jpg,3123386_0.jpg
87,553331_0.jpg,698940_0.jpg,698940_1.jpg,130374_1.jpg,1046233_0.jpg,3240637_1.jpg,4022765_1.jpg,130374_3.jpg,5219922_2.jpg,130374_0.jpg,3240637_0.jpg
88,5276268_0.jpg,5399576_0.jpg,6700634_0.jpg,3996629_0.jpg,1926078_0.jpg,402546_0.jpg,2165012_1.jpg,1527720_0.jpg,1926144_1.jpg,3007801_1.jpg,2396442_0.jpg
89,2601997_0.jpg,6438372_1.jpg,6080959_2.jpg,6080959_0.jpg,2614187_1.jpg,2894006_0.jpg,6080959_3.jpg,6080959_1.jpg,2008369_1.jpg,2797132_1.jpg,2614187_0.jpg
90,1323502_0.jpg,1323502_2.jpg,1323502_3.jpg,5456115_0.jpg,1323502_1.jpg,5326936_1.jpg,506662_2.jpg,4221663_1.jpg,3243359_2.jpg,4386407_3.jpg,4905153_2.jpg
91,6143573_0.jpg,6143573_1.jpg,6203447_0.jpg,6203447_1.jpg,5692853_0.jpg,6359436_2.jpg,1864536_0.jpg,3061333_0.jpg,263977_1.jpg,3061333_1.jpg,1707110_1.jpg
92,1951631_0.jpg,2110425_0.jpg,2904649_0.jpg,6676540_0.jpg,1129805_0.jpg,2774373_0.jpg,5165978_0.jpg,3702548_0.jpg,2894006_0.jpg,868312_0.jpg,2292197_1.jpg
93,1238122_1.jpg,5023985_0.jpg,5630226_2.jpg,2219063_3.jpg,1323502_1.jpg,5305904_0.jpg,1323502_3.jpg,1238122_0.jpg,5456115_1.jpg,3834622_0.jpg,2780180_3.jpg
94,130374_3.jpg,1417301_0.jpg,698940_1.jpg,5456115_0.jpg,3825793_0.jpg,2728604_0.jpg,698940_0.jpg,2503614_0.jpg,2780180_2.jpg,553331_0.jpg,1864536_0.jpg
95,1360443_2.jpg,5765859_1.jpg,4397251_1.jpg,4397251_0.jpg,5305904_0.jpg,6581096_0.jpg,3391830_1.jpg,1576123_0.jpg,4063433_0.jpg,199060_0.jpg,5630226_1.jpg
96,161551_0.jpg,5755533_2.jpg,5240612_0.jpg,5277036_0.jpg,821201_0.jpg,2165012_1.jpg,1478575_0.jpg,3017986_0.jpg,2396442_0.jpg,1926078_0.jpg,5755533_1.jpg
97,4936800_3.jpg,4936800_1.jpg,5641105_1.jpg,5641105_0.jpg,5641105_2.jpg,5641105_3.jpg,2775357_1.jpg,2775357_0.jpg,2775357_2.jpg,2775357_3.jpg,4936800_2.jpg
98,4936800_2.jpg,4936800_0.jpg,4936800_3.jpg,4936800_1.jpg,5101613_0.jpg,6159559_1.jpg,130374_0.jpg,6007737_0.jpg,3560786_0.jpg,1082183_0.jpg,739325_1.jpg
99,1360443_3.jpg,5765859_0.jpg,199060_0.jpg,5765859_1.jpg,1360443_2.jpg,1323502_0.jpg,1323502_2.jpg,6298920_1.jpg,1323502_1.jpg,1238122_1.jpg,3894379_0.jpg
100,130374_2.jpg,5456115_2.jpg,5219922_0.jpg,5879123_0.jpg,1238122_0.jpg,4489130_0.jpg,230100_0.jpg,2780180_1.jpg,5326936_0.jpg,3809087_0.jpg,6019869_0.jpg
101,1238122_0.jpg,2780180_2.jpg,2780180_3.jpg,1794510_0.jpg,5586792_0.jpg,5023985_1.jpg,2780180_1.jpg,1417301_0.jpg,2219063_3.jpg,6266112_0.jpg,2219063_1.jpg
102,6143573_1.jpg,6143573_0.jpg,6203447_1.jpg,5692853_0.jpg,6203447_0.jpg,6359436_2.jpg,6249716_0.jpg,3061333_1.jpg,1707110_1.jpg,263977_1.jpg,1111645_0.jpg
103,1420572_0.jpg,674194_0.jpg,2565742_1.jpg,3391830_2.jpg,674194_1.jpg,5962041_0.jpg,5586792_0.jpg,2565742_0.jpg,5794695_1.jpg,2795694_0.jpg,5692853_0.jpg
104,3548744_0.jpg,5219922_3.jpg,2539075_0.jpg,4207944_0.jpg,698940_1.jpg,3315255_0.jpg,3315255_1.jpg,3315255_3.jpg,3315255_2.jpg,4489130_0.jpg,2728604_0.jpg
105,238420_0.jpg,6505789_0.jpg,3945315_0.jpg,2539075_0.jpg,6438372_1.jpg,395560_0.jpg,4207944_0.jpg,2070927_0.jpg,2894006_0.jpg,3061333_1.jpg,2797132_1.jpg
106,958266_0.jpg,2348333_0.jpg,2396442_0.jpg,2524410_0.jpg,1478575_0.jpg,1527720_0.jpg,684408_0.jpg,1527720_1.jpg,261890_1.jpg,2165012_1.jpg,2393473_0.jpg
107,1323502_1.jpg,1238122_1.jpg,1323502_3.jpg,5023985_0.jpg,5630226_2.jpg,5326936_1.jpg,506662_2.jpg,4221663_1.jpg,3243359_2.jpg,4386407_3.jpg,4905153_2.jpg
108,5326936_1.jpg,506662_2.jpg,4221663_1.jpg,3243359_2.jpg,4386407_3.jpg,4905153_2.jpg,199060_0.jpg,1323502_1.jpg,6581096_0.jpg,6581096_1.jpg,1323502_0.jpg
109,2070927_0.jpg,3169236_1.jpg,3169236_0.jpg,4207944_0.jpg,2755487_0.jpg,4412540_0.jpg,263977_1.jpg,395560_0.jpg,3123386_0.jpg,4636037_0.jpg,5749819_0.jpg
110,3123386_0.jpg,2503614_0.jpg,2755487_0.jpg,917099_0.jpg,4391117_0.jpg,4412540_0.jpg,4636037_0.jpg,3169236_1.jpg,3169236_0.jpg,1864536_0.jpg,5456115_0.jpg
111,3315255_0.jpg,3315255_1.jpg,3315255_3.jpg,3315255_2.jpg,6080959_3.jpg,6080959_1.jpg,2797132_1.jpg,1625168_1.jpg,1625168_0.jpg,619948_1.jpg,2797132_0.jpg
112,5277036_0.jpg,5240612_0.jpg,5755533_2.jpg,1926078_0.jpg,5399576_0.jpg,6700634_0.jpg,821201_0.jpg,2165012_1.jpg,2271854_1.jpg,161551_0.jpg,1926144_1.jpg
113,5456115_2.jpg,130374_2.jpg,5219922_0.jpg,3809087_0.jpg,6019869_0.jpg,2780180_1.jpg,1238122_0.jpg,1794510_0.jpg,2780180_2.jpg,2728604_0.jpg,5871960_0.jpg
114,2524410_0.jpg,261890_1.jpg,684408_0.jpg,1527720_1.jpg,5583834_0.jpg,958266_0.jpg,261890_0.jpg,5630226_0.jpg,4530827_0.jpg,402546_0.jpg,2445924_0.jpg
115,1046233_0.jpg,698940_1.jpg,698940_0.jpg,5749819_0.jpg,130374_0.jpg,2771913_0.jpg,2641262_0.jpg,5456115_0.jpg,17126_3.jpg,4412540_0.jpg,1625168_0.jpg
116,2565742_2.jpg,1576123_2.jpg,4063433_2.jpg,5794695_2.jpg,5939231_2.jpg,3323925_1.jpg,1707110_2.jpg,6298920_0.jpg,4418633_0.jpg,2853133_0.jpg,2524410_1.jpg
117,3061333_2.jpg,35231_0.jpg,1926144_1.jpg,3007801_1.jpg,6700634_0.jpg,2165012_1.jpg,5755533_1.jpg,3017986_0.jpg,1370619_0.jpg,2396442_0.jpg,664385_1.jpg
118,6266112_0.jpg,5023985_1.jpg,2848048_0.jpg,3785080_0.jpg,6438372_0.jpg,2008369_1.jpg,2249413_0.jpg,2008369_0.jpg,2795694_0.jpg,1238122_0.jpg,5586792_0.jpg
119,1306638_1.jpg,1306638_0.jpg,2219063_2.jpg,4053068_0.jpg,1360443_0.jpg,451241_1.jpg,194493_1.jpg,1360443_1.jpg,194493_0.jpg,2450505_0.jpg,2524410_1.jpg
120,1396752_1.jpg,4412540_0.jpg,4636037_0.jpg,4391117_0.jpg,130374_0.jpg,2527501_0.jpg,2755487_0.jpg,5101613_0.jpg,6159559_1.jpg,6048512_0.jpg,3169236_1.jpg
121,5326936_1.jpg,506662_2.jpg,4221663_1.jpg,3243359_2.jpg,4386407_3.jpg,4905153_2.jpg,199060_0.jpg,1323502_1.jpg,6581096_0.jpg,6581096_1.jpg,1323502_0.jpg
122,5765859_1.jpg,5765859_0.jpg,1360443_2.jpg,6581096_0.jpg,6581096_1.jpg,199060_0.jpg,3391830_1.jpg,5326936_1.jpg,506662_2.jpg,4221663_1.jpg,3243359_2.jpg
123,2008369_0.jpg,2008369_1.jpg,3174536_1.jpg,4719256_1.jpg,1625168_1.jpg,868312_0.jpg,2797132_0.jpg,6080959_3.jpg,6080959_1.jpg,619948_1.jpg,2797132_1.jpg
124,5765859_0.jpg,5765859_1.jpg,6298920_1.jpg,199060_0.jpg,1418639_1.jpg,5326936_1.jpg,506662_2.jpg,4221663_1.jpg,3243359_2.jpg,4386407_3.jpg,4905153_2.jpg
125,2008369_1.jpg,2008369_0.jpg,4719256_1.jpg,3174536_1.jpg,6438372_0.jpg,1625168_1.jpg,2797132_1.jpg,1170894_1.jpg,6080959_3.jpg,6080959_1.jpg,619948_1.jpg
126,4221663_0.jpg,5326936_0.jpg,3243359_0.jpg,4221663_3.jpg,4386407_0.jpg,4221663_2.jpg,506662_1.jpg,4285581_0.jpg,6505789_0.jpg,4905153_0.jpg,4489130_0.jpg
127,1396752_0.jpg,395560_0.jpg,868312_0.jpg,417077_0.jpg,6357292_0.jpg,948745_0.jpg,1456671_0.jpg,2292197_0.jpg,2292197_2.jpg,567729_0.jpg,619948_0.jpg
128,1306638_0.jpg,1306638_1.jpg,2219063_2.jpg,4053068_0.jpg,1360443_0.jpg,451241_1.jpg,194493_1.jpg,194493_0.jpg,2450505_0.jpg,1360443_1.jpg,684408_2.jpg
129,5531218_0.jpg,5076193_0.jpg,3592570_1.jpg,6621993_1.jpg,5962041_0.jpg,1360443_1.jpg,5586792_0.jpg,5237851_0.jpg,1576123_1.jpg,4063433_1.jpg,2219063_1.jpg
130,2524410_1.jpg,684408_2.jpg,684408_1.jpg,5630226_0.jpg,2450505_0.jpg,261890_0.jpg,2261625_0.jpg,436356_0.jpg,684408_0.jpg,261890_1.jpg,5571423_0.jpg
131,5456115_3.jpg,238697_1.jpg,4221663_3.jpg,6416356_0.jpg,3243359_1.jpg,1527720_2.jpg,3243359_3.jpg,4221663_2.jpg,5326936_3.jpg,506662_3.jpg,4386407_2.jpg
132,3315255_0.jpg,3315255_1.jpg,3315255_3.jpg,3315255_2.jpg,6080959_3.jpg,6080959_1.jpg,2797132_1.jpg,1625168_1.jpg,1625168_0.jpg,619948_1.jpg,2797132_0.jpg
133,5240612_0.jpg,821201_0.jpg,5277036_0.jpg,5755533_2.jpg,161551_0.jpg,1926078_0.jpg,5399576_0.jpg,3996629_0.jpg,2271854_1.jpg,3017986_0.jpg,2165012_1.jpg
134,5583834_0.jpg,2524410_0.jpg,261890_1.jpg,436356_0.jpg,261890_0.jpg,1693803_0.jpg,1527720_1.jpg,684408_0.jpg,684408_2.jpg,684408_1.jpg,2445924_0.jpg
135,1111645_0.jpg,2539075_0.jpg,6249716_0.jpg,1707110_1.jpg,5880137_0.jpg,1579564_0.jpg,230100_0.jpg,6147917_0.jpg,217204_0.jpg,263977_1.jpg,1527720_2.jpg
136,5326936_3.jpg,506662_3.jpg,4386407_2.jpg,4905153_3.jpg,5880137_1.jpg,4905153_1.jpg,2393473_0.jpg,2524410_0.jpg,1527720_1.jpg,958266_0.jpg,2641262_1.jpg
137,3240637_1.jpg,3240637_0.jpg,698940_0.jpg,698940_1.jpg,1082183_0.jpg,5101613_0.jpg,130374_1.jpg,6007737_0.jpg,553331_0.jpg,3560786_0.jpg,5219922_2.jpg
138,506662_1.jpg,4285581_0.jpg,5326936_0.jpg,3154838_0.jpg,6438372_0.jpg,5456115_1.jpg,2219063_3.jpg,5023985_0.jpg,3785080_0.jpg,6505789_0.jpg,3169236_0.jpg
139,3315255_0.jpg,3315255_1.jpg,3315255_3.jpg,3315255_2.jpg,6080959_3.jpg,6080959_1.jpg,2797132_1.jpg,1625168_1.jpg,1625168_0.jpg,619948_1.jpg,2797132_0.jpg
140,5456115_1.jpg,4285581_0.jpg,5456115_0.jpg,506662_1.jpg,5630226_2.jpg,2614187_0.jpg,5023985_0.jpg,2219063_3.jpg,5326936_0.jpg,5023985_1.jpg,2219063_1.jpg
141,3323925_1.jpg,5794695_2.jpg,1576123_2.jpg,4063433_2.jpg,2565742_2.jpg,263977_1.jpg,1707110_2.jpg,5939231_2.jpg,5669633_0.jpg,3996265_0.jpg,1076297_0.jpg
142,5048970_1.jpg,1211240_1.jpg,3761227_1.jpg,510802_0.jpg,2641262_1.jpg,217204_0.jpg,2283033_1.jpg,5880137_0.jpg,1679426_1.jpg,5939231_1.jpg,3061333_1.jpg
143,2797132_0.jpg,2797132_1.jpg,6080959_3.jpg,6080959_1.jpg,1170894_0.jpg,1170894_1.jpg,868312_0.jpg,6080959_2.jpg,6080959_0.jpg,2292197_1.jpg,2292197_3.jpg
144,2565742_1.jpg,5794695_1.jpg,2565742_0.jpg,3323925_0.jpg,5794695_0.jpg,1576123_1.jpg,4063433_1.jpg,1576123_0.jpg,4063433_0.jpg,2795694_0.jpg,6621993_1.jpg
145,3061333_1.jpg,6359436_2.jpg,217204_0.jpg,1707110_1.jpg,5939231_1.jpg,1926144_0.jpg,3007801_0.jpg,3061333_0.jpg,263977_1.jpg,6249716_0.jpg,6359436_1.jpg
146,261890_0.jpg,261890_1.jpg,684408_0.jpg,5630226_0.jpg,684408_2.jpg,684408_1.jpg,2450505_0.jpg,2524410_0.jpg,451241_0.jpg,1527720_1.jpg,2348333_0.jpg
147,698940_0.jpg,698940_1.jpg,130374_0.jpg,5749819_0.jpg,1046233_0.jpg,553331_0.jpg,5101613_0.jpg,2641262_0.jpg,2503614_0.jpg,130374_1.jpg,2771913_0.jpg
148,1082183_0.jpg,6007737_0.jpg,3240637_0.jpg,5101613_0.jpg,2755487_0.jpg,3560786_0.jpg,3240637_1.jpg,4636037_0.jpg,4489130_0.jpg,4936800_2.jpg,4936800_0.jpg
149,194493_0.jpg,194493_1.jpg,684408_2.jpg,684408_1.jpg,2450505_0.jpg,5630226_0.jpg,1360443_0.jpg,2524410_1.jpg,261890_0.jpg,451241_0.jpg,261890_1.jpg
150,4221663_2.jpg,4221663_3.jpg,5326936_2.jpg,3243359_1.jpg,2539075_0.jpg,1456671_0.jpg,4905153_1.jpg,238697_1.jpg,3243359_3.jpg,567729_0.jpg,395560_0.jpg
151,35231_0.jpg,3017986_0.jpg,2165012_1.jpg,2396442_0.jpg,5755533_1.jpg,3061333_2.jpg,6357292_1.jpg,417077_1.jpg,948745_1.jpg,1926144_1.jpg,3007801_1.jpg
152,230100_0.jpg,1111645_0.jpg,6438372_0.jpg,6249716_0.jpg,1576123_2.jpg,4063433_2.jpg,4418633_0.jpg,2853133_0.jpg,5939231_2.jpg,263977_1.jpg,6298920_0.jpg
153,5101613_0.jpg,4391117_0.jpg,4636037_0.jpg,4412540_0.jpg,2755487_0.jpg,2503614_0.jpg,2641262_0.jpg,3123386_0.jpg,130374_0.jpg,1625168_0.jpg,698940_0.jpg
154,3702548_0.jpg,5165978_0.jpg,2894006_0.jpg,1625168_1.jpg,2774373_0.jpg,1951631_0.jpg,2904649_0.jpg,6676540_0.jpg,1129805_0.jpg,2110425_0.jpg,868312_0.jpg
155,35231_1.jpg,6266970_0.jpg,35231_0.jpg,5299557_1.jpg,6357292_1.jpg,417077_1.jpg,948745_1.jpg,5805839_1.jpg,3766409_1.jpg,598876_0.jpg,3779080_2.jpg
156,3809087_0.jpg,6019869_0.jpg,664385_2.jpg,238697_2.jpg,263977_2.jpg,1613848_0.jpg,6249716_0.jpg,6359436_0.jpg,6359436_2.jpg,567729_0.jpg,6359436_1.jpg
157,4221663_3.jpg,4221663_2.jpg,3243359_3.jpg,5326936_2.jpg,4905153_1.jpg,3243359_1.jpg,4386407_1.jpg,6438372_0.jpg,510802_0.jpg,6147917_0.jpg,2539075_0.jpg
158,436356_0.jpg,5583834_0.jpg,684408_2.jpg,684408_1.jpg,261890_0.jpg,2524410_0.jpg,261890_1.jpg,684408_0.jpg,5630226_0.jpg,2524410_1.jpg,1527720_1.jpg
159,194493_1.jpg,194493_0.jpg,684408_2.jpg,684408_1.jpg,2450505_0.jpg,5630226_0.jpg,1360443_0.jpg,2524410_1.jpg,261890_0.jpg,451241_0.jpg,436356_0.jpg
160,698940_1.jpg,698940_0.jpg,1046233_0.jpg,5749819_0.jpg,130374_0.jpg,553331_0.jpg,2503614_0.jpg,2641262_0.jpg,1417301_0.jpg,3825793_0.jpg,2728604_0.jpg
161,261890_1.jpg,261890_0.jpg,684408_0.jpg,5630226_0.jpg,684408_1.jpg,684408_2.jpg,2524410_0.jpg,2348333_0.jpg,1527720_1.jpg,2450505_0.jpg,451241_0.jpg
162,2797132_1.jpg,6080959_3.jpg,6080959_1.jpg,2797132_0.jpg,1170894_1.jpg,1170894_0.jpg,6080959_2.jpg,6080959_0.jpg,868312_0.jpg,2008369_1.jpg,2008369_0.jpg
163,3061333_0.jpg,3061333_1.jpg,1864536_0.jpg,4207944_0.jpg,1707110_1.jpg,263977_1.jpg,734879_0.jpg,734879_1.jpg,5939231_1.jpg,4411723_1.jpg,3945315_0.jpg
164,2565742_0.jpg,5794695_0.jpg,2565742_1.jpg,1576123_0.jpg,4063433_0.jpg,5794695_1.jpg,3323925_0.jpg,1576123_1.jpg,4063433_1.jpg,2795694_0.jpg,6621993_1.jpg
165,5048970_0.jpg,3169236_1.jpg,3592570_1.jpg,3169236_0.jpg,4412540_0.jpg,4391117_0.jpg,4636037_0.jpg,2755487_0.jpg,5880137_2.jpg,2070927_0.jpg,1418639_0.jpg
166,3323925_0.jpg,5794695_1.jpg,5794695_0.jpg,2565742_1.jpg,2565742_0.jpg,1576123_0.jpg,4063433_0.jpg,1576123_1.jpg,4063433_1.jpg,2795694_0.jpg,6621993_1.jpg
167,5456115_0.jpg,5456115_1.jpg,1323502_3.jpg,3123386_0.jpg,2503614_0.jpg,5023985_1.jpg,917099_0.jpg,5023985_2.jpg,2780180_2.jpg,4285581_0.jpg,6007737_0.jpg
168,5586792_0.jpg,2219063_1.jpg,2261625_0.jpg,2219063_3.jpg,5076193_0.jpg,5962041_0.jpg,3761227_0.jpg,5531218_0.jpg,2795694_0.jpg,6621993_1.jpg,3592570_1.jpg
169,3315255_0.jpg,3315255_1.jpg,3315255_3.jpg,3315255_2.jpg,6080959_3.jpg,6080959_1.jpg,2797132_1.jpg,1625168_1.jpg,1625168_0.jpg,619948_1.jpg,2797132_0.jpg
170,4207944_0.jpg,1864536_0.jpg,3945315_0.jpg,2070927_0.jpg,3169236_1.jpg,3169236_0.jpg,3061333_0.jpg,5749819_0.jpg,2539075_0.jpg,263977_1.jpg,4411723_1.jpg
171,506662_0.jpg,506662_1.jpg,3123386_0.jpg,5326936_1.jpg,506662_2.jpg,4221663_1.jpg,3243359_2.jpg,4386407_3.jpg,4905153_2.jpg,5456115_1.jpg,917099_0.jpg
172,3240637_0.jpg,3240637_1.jpg,1082183_0.jpg,698940_0.jpg,6007737_0.jpg,3560786_0.jpg,5101613_0.jpg,5219922_2.jpg,130374_1.jpg,698940_1.jpg,1625168_0.jpg
173,2774373_0.jpg,2904649_0.jpg,6676540_0.jpg,1129805_0.jpg,2110425_0.jpg,1951631_0.jpg,5165978_0.jpg,3702548_0.jpg,2894006_0.jpg,868312_0.jpg,2292197_1.jpg
174,5571423_0.jpg,2261625_0.jpg,2524410_1.jpg,2219063_3.jpg,1693803_0.jpg,684408_2.jpg,684408_1.jpg,194493_1.jpg,194493_0.jpg,436356_0.jpg,2450505_0.jpg
175,2775357_1.jpg,2775357_0.jpg,2775357_2.jpg,2775357_3.jpg,4936800_3.jpg,4936800_1.jpg,6581096_0.jpg,6581096_1.jpg,4207789_0.jpg,5494334_1.jpg,3834622_0.jpg
176,6652881_0.jpg,5880137_0.jpg,2396442_0.jpg,4530827_0.jpg,1926144_1.jpg,3007801_1.jpg,2165012_1.jpg,5880137_1.jpg,6700634_0.jpg,1527720_0.jpg,2614187_2.jpg
177,619948_0.jpg,4719256_0.jpg,2286552_3.jpg,2286552_2.jpg,2286552_0.jpg,2286552_1.jpg,3174536_0.jpg,6159559_0.jpg,4719256_1.jpg,1456671_0.jpg,2165012_0.jpg
178,1579564_0.jpg,5880137_0.jpg,4530827_0.jpg,2524410_0.jpg,1527720_1.jpg,684408_0.jpg,261890_0.jpg,261890_1.jpg,5630226_0.jpg,3391830_3.jpg,5605151_0.jpg
179,6080959_3.jpg,6080959_1.jpg,2797132_1.jpg,2797132_0.jpg,1170894_1.jpg,1170894_0.jpg,6080959_2.jpg,6080959_0.jpg,868312_0.jpg,1625168_1.jpg,2008369_0.jpg
180,5805839_0.jpg,3766409_0.jpg,3779080_1.jpg,5057350_1.jpg,3518216_1.jpg,598876_2.jpg,5430819_2.jpg,5299557_0.jpg,6357292_0.jpg,948745_0.jpg,417077_0.jpg
181,1576123_2.jpg,4063433_2.jpg,2565742_2.jpg,5794695_2.jpg,3323925_1.jpg,5939231_2.jpg,1707110_2.jpg,6298920_0.jpg,4418633_0.jpg,2853133_0.jpg,230100_0.jpg
182,5805839_1.jpg,3766409_1.jpg,598876_0.jpg,3779080_2.jpg,5057350_0.jpg,3518216_0.jpg,5430819_0.jpg,5299557_1.jpg,598876_1.jpg,3779080_0.jpg,5057350_2.jpg
183,4489130_0.jpg,2771913_1.jpg,2894006_0.jpg,619948_1.jpg,6159559_1.jpg,2771913_0.jpg,2601997_0.jpg,1088984_0.jpg,1625168_0.jpg,1625168_1.jpg,2614187_1.jpg
184,6080959_2.jpg,6080959_0.jpg,2797132_1.jpg,1170894_1.jpg,6080959_3.jpg,6080959_1.jpg,2797132_0.jpg,1170894_0.jpg,868312_0.jpg,2292197_0.jpg,2292197_2.jpg
185,1926078_0.jpg,5399576_0.jpg,2271854_1.jpg,5277036_0.jpg,1527720_0.jpg,5755533_2.jpg,6700634_0.jpg,5755533_1.jpg,2165012_1.jpg,5240612_0.jpg,1926144_1.jpg
186,1527720_2.jpg,1527720_1.jpg,1579564_0.jpg,2249413_0.jpg,5630226_0.jpg,5880137_0.jpg,2524410_1.jpg,2450505_0.jpg,6147917_0.jpg,6249716_0.jpg,2219063_0.jpg
187,5399576_0.jpg,1926078_0.jpg,2271854_1.jpg,6700634_0.jpg,5277036_0.jpg,1527720_0.jpg,5755533_1.jpg,5276268_0.jpg,2165012_1.jpg,5755533_2.jpg,1926144_1.jpg
188,3432903_2.jpg,451241_2.jpg,5076193_0.jpg,5630226_2.jpg,1417301_1.jpg,5531218_0.jpg,1360443_1.jpg,5571423_0.jpg,5586792_0.jpg,5962041_0.jpg,2219063_3.jpg
189,6147917_0.jpg,6249716_0.jpg,2249413_0.jpg,510802_0.jpg,5880137_0.jpg,217204_0.jpg,3243359_3.jpg,1579564_0.jpg,4530827_0.jpg,1527720_2.jpg,6438372_0.jpg
190,619948_1.jpg,4719256_1.jpg,1625168_1.jpg,2008369_0.jpg,3174536_1.jpg,2008369_1.jpg,6080959_3.jpg,6080959_1.jpg,2797132_1.jpg,2797132_0.jpg,6159559_1.jpg
191,1692871_0.jpg,4209522_0.jpg,3728824_0.jpg,1416105_0.jpg,6357292_2.jpg,5805839_2.jpg,3766409_2.jpg,948745_2.jpg,417077_2.jpg,2165012_0.jpg,6460827_0.jpg
192,2775357_1.jpg,2775357_0.jpg,2775357_2.jpg,2775357_3.jpg,4936800_3.jpg,4936800_1.jpg,6581096_0.jpg,6581096_1.jpg,4207789_0.jpg,5494334_1.jpg,3834622_0.jpg
193,4985872_0.jpg,684408_0.jpg,451241_0.jpg,261890_1.jpg,5630226_0.jpg,261890_0.jpg,684408_2.jpg,684408_1.jpg,2524410_0.jpg,1527720_1.jpg,2450505_0.jpg
194,6505789_0.jpg,2894006_0.jpg,4285581_0.jpg,6438372_1.jpg,6438372_0.jpg,3785080_0.jpg,2008369_1.jpg,2008369_0.jpg,1625168_1.jpg,734879_0.jpg,734879_1.jpg
195,2775357_1.jpg,2775357_0.jpg,2775357_2.jpg,2775357_3.jpg,4936800_3.jpg,4936800_1.jpg,6581096_0.jpg,6581096_1.jpg,4207789_0.jpg,5494334_1.jpg,3834622_0.jpg
196,3588850_0.jpg,5897501_0.jpg,6143573_0.jpg,4207944_0.jpg,1864536_0.jpg,4411723_1.jpg,6143573_1.jpg,5641105_1.jpg,5641105_0.jpg,5641105_2.jpg,5641105_3.jpg
197,402546_0.jpg,5399576_0.jpg,1527720_0.jpg,6700634_0.jpg,2524410_0.jpg,2445924_0.jpg,5276268_0.jpg,1478575_0.jpg,958266_0.jpg,2165012_1.jpg,3996629_0.jpg
198,674194_1.jpg,674194_0.jpg,2261625_0.jpg,3761227_0.jpg,1693803_0.jpg,2524410_1.jpg,3391830_3.jpg,5586792_0.jpg,684408_1.jpg,5630226_0.jpg,5571423_0.jpg
199,3432903_0.jpg,3432903_1.jpg,6112991_0.jpg,2728604_0.jpg,5669633_0.jpg,3996265_0.jpg,1076297_0.jpg,3825793_0.jpg,1238122_0.jpg,5879123_0.jpg,1794510_0.jpg
200,1527720_0.jpg,6700634_0.jpg,2165012_1.jpg,1926078_0.jpg,1926144_1.jpg,3007801_1.jpg,2271854_1.jpg,5399576_0.jpg,2396442_0.jpg,5755533_1.jpg,2445924_0.jpg
201,6080959_2.jpg,6080959_0.jpg,2797132_1.jpg,1170894_1.jpg,6080959_3.jpg,6080959_1.jpg,2797132_0.jpg,1170894_0.jpg,868312_0.jpg,2292197_0.jpg,2292197_2.jpg
202,1576123_0.jpg,4063433_0.jpg,1576123_1.jpg,4063433_1.jpg,5794695_0.jpg,2565742_0.jpg,2565742_1.jpg,5794695_1.jpg,3323925_0.jpg,4397251_1.jpg,4397251_0.jpg
203,1576123_1.jpg,4063433_1.jpg,1576123_0.jpg,4063433_0.jpg,2565742_1.jpg,2565742_0.jpg,5794695_0.jpg,5794695_1.jpg,3323925_0.jpg,2795694_0.jpg,6621993_1.jpg
204,6357292_2.jpg,5805839_2.jpg,3766409_2.jpg,948745_2.jpg,417077_2.jpg,598876_1.jpg,3779080_0.jpg,5057350_2.jpg,3518216_2.jpg,5430819_1.jpg,5299557_2.jpg
205,821201_0.jpg,5240612_0.jpg,5277036_0.jpg,5755533_2.jpg,161551_0.jpg,1926078_0.jpg,5399576_0.jpg,2271854_1.jpg,3996629_0.jpg,3017986_0.jpg,6700634_0.jpg
206,3001626_0.jpg,4209522_0.jpg,3728824_0.jpg,1416105_0.jpg,4768716_0.jpg,6460827_0.jpg,5755533_0.jpg,4418633_0.jpg,2853133_0.jpg,436356_0.jpg,1926144_0.jpg
207,2904649_0.jpg,6676540_0.jpg,1129805_0.jpg,2774373_0.jpg,2110425_0.jpg,1951631_0.jpg,5165978_0.jpg,3702548_0.jpg,2894006_0.jpg,868312_0.jpg,2292197_1.jpg
208,6080959_3.jpg,6080959_1.jpg,2797132_1.jpg,2797132_0.jpg,1170894_1.jpg,1170894_0.jpg,6080959_2.jpg,6080959_0.jpg,868312_0.jpg,1625168_1.jpg,2008369_0.jpg
209,4207789_0.jpg,6581096_1.jpg,5641105_1.jpg,5641105_0.jpg,5641105_2.jpg,5641105_3.jpg,6581096_0.jpg,2721276_0.jpg,3391830_0.jpg,6203447_0.jpg,1707110_0.jpg
210,1527720_1.jpg,2524410_0.jpg,684408_0.jpg,261890_1.jpg,958266_0.jpg,5630226_0.jpg,261890_0.jpg,1527720_2.jpg,5880137_0.jpg,2348333_0.jpg,1579564_0.jpg
211,3432903_1.jpg,3432903_0.jpg,5669633_0.jpg,3996265_0.jpg,1076297_0.jpg,6112991_0.jpg,5794695_2.jpg,3323925_1.jpg,1238122_0.jpg,5879123_0.jpg,451241_1.jpg
212,674194_0.jpg,674194_1.jpg,2261625_0.jpg,3761227_0.jpg,5586792_0.jpg,1420572_0.jpg,2219063_1.jpg,5962041_0.jpg,2795694_0.jpg,3391830_3.jpg,5076193_0.jpg
213,2775357_1.jpg,2775357_0.jpg,2775357_2.jpg,2775357_3.jpg,4936800_3.jpg,4936800_1.jpg,6581096_0.jpg,6581096_1.jpg,4207789_0.jpg,5494334_1.jpg,3834622_0.jpg
214,3834622_0.jpg,1576123_0.jpg,4063433_0.jpg,1417301_0.jpg,2771913_1.jpg,3323925_0.jpg,5794695_1.jpg,1576123_1.jpg,4063433_1.jpg,5794695_0.jpg,1422091_0.jpg
215,1794510_0.jpg,1238122_0.jpg,5023985_1.jpg,3080655_0.jpg,5879123_0.jpg,3825793_0.jpg,2780180_2.jpg,2728604_0.jpg,1417301_0.jpg,6266112_0.jpg,2780180_3.jpg
216,1576123_0.jpg,4063433_0.jpg,1576123_1.jpg,4063433_1.jpg,5794695_0.jpg,2565742_0.jpg,2565742_1.jpg,5794695_1.jpg,3323925_0.jpg,4397251_1.jpg,4397251_0.jpg
217,6438372_0.jpg,3785080_0.jpg,510802_0.jpg,2008369_1.jpg,5939231_1.jpg,217204_0.jpg,1527720_2.jpg,6147917_0.jpg,3243359_3.jpg,6249716_0.jpg,230100_0.jpg
218,6298920_1.jpg,199060_0.jpg,5765859_0.jpg,5326936_1.jpg,506662_2.jpg,4221663_1.jpg,3243359_2.jpg,4386407_3.jpg,4905153_2.jpg,1323502_0.jpg,5765859_1.jpg
219,3894379_0.jpg,664385_0.jpg,238697_0.jpg,6622602_0.jpg,3894379_1.jpg,5219922_0.jpg,1323502_0.jpg,1323502_2.jpg,5871960_0.jpg,5305904_0.jpg,1238122_1.jpg
220,2445924_0.jpg,1527720_0.jpg,1926144_1.jpg,3007801_1.jpg,3996629_0.jpg,1478575_0.jpg,2396442_0.jpg,6700634_0.jpg,2165012_1.jpg,2524410_0.jpg,402546_0.jpg
221,6159559_1.jpg,6048512_0.jpg,2771913_1.jpg,739325_1.jpg,1625168_1.jpg,2008369_0.jpg,619948_1.jpg,2771913_0.jpg,6159559_0.jpg,739325_0.jpg,2008369_1.jpg
222,2292197_0.jpg,2292197_2.jpg,2292197_1.jpg,2292197_3.jpg,868312_0.jpg,6080959_2.jpg,6080959_0.jpg,2797132_0.jpg,6080959_3.jpg,6080959_1.jpg,1170894_0.jpg
223,263977_2.jpg,2614187_2.jpg,238697_2.jpg,664385_2.jpg,6652881_0.jpg,5880137_0.jpg,1707110_2.jpg,1926144_0.jpg,3007801_0.jpg,6249716_0.jpg,5939231_2.jpg
224,2292197_1.jpg,2292197_3.jpg,868312_0.jpg,2292197_0.jpg,2292197_2.jpg,2797132_0.jpg,6080959_3.jpg,6080959_1.jpg,1170894_0.jpg,2008369_0.jpg,2797132_1.jpg
225,6048512_0.jpg,6159559_1.jpg,2008369_0.jpg,4719256_1.jpg,3174536_1.jpg,1625168_1.jpg,2771913_1.jpg,6159559_0.jpg,739325_1.jpg,263977_1.jpg,2008369_1.jpg
226,6159559_0.jpg,619948_0.jpg,2286552_3.jpg,2286552_2.jpg,2286552_0.jpg,2286552_1.jpg,4719256_0.jpg,3174536_0.jpg,6048512_0.jpg,395560_0.jpg,6159559_1.jpg
227,3445765_0.jpg,2253833_2.jpg,6359436_0.jpg,6359436_2.jpg,3001626_0.jpg,4768716_0.jpg,6460827_0.jpg,5755533_0.jpg,5605151_0.jpg,6249716_0.jpg,1926144_0.jpg
228,3894379_1.jpg,1360443_0.jpg,238697_0.jpg,1306638_1.jpg,664385_0.jpg,1306638_0.jpg,5571423_0.jpg,2286552_3.jpg,2286552_2.jpg,2286552_0.jpg,2286552_1.jpg
229,6298920_0.jpg,5939231_2.jpg,1576123_2.jpg,4063433_2.jpg,4418633_0.jpg,2853133_0.jpg,1707110_2.jpg,3001626_0.jpg,4209522_0.jpg,3728824_0.jpg,1416105_0.jpg
230,664385_2.jpg,238697_2.jpg,263977_2.jpg,2614187_2.jpg,6460827_0.jpg,5755533_0.jpg,1926144_0.jpg,3007801_0.jpg,1692871_0.jpg,2165012_0.jpg,664385_1.jpg
231,6438372_1.jpg,2601997_0.jpg,2894006_0.jpg,395560_0.jpg,6505789_0.jpg,6438372_0.jpg,6080959_2.jpg,6080959_0.jpg,2797132_1.jpg,6080959_3.jpg,6080959_1.jpg
232,5871960_0.jpg,238697_0.jpg,3154838_0.jpg,6249716_0.jpg,5805839_0.jpg,3766409_0.jpg,2165012_0.jpg,598876_2.jpg,5430819_2.jpg,3779080_1.jpg,5057350_1.jpg
233,1576123_1.jpg,4063433_1.jpg,1576123_0.jpg,4063433_0.jpg,2565742_1.jpg,2565742_0.jpg,5794695_0.jpg,5794695_1.jpg,3323925_0.jpg,2795694_0.jpg,6621993_1.jpg
234,2539075_0.jpg,1111645_0.jpg,3061333_1.jpg,3154838_0.jpg,3945315_0.jpg,1707110_1.jpg,395560_0.jpg,5326936_2.jpg,230100_0.jpg,263977_1.jpg,567729_0.jpg
235,5669633_0.jpg,3996265_0.jpg,1076297_0.jpg,6112991_0.jpg,4418633_0.jpg,2853133_0.jpg,5794695_2.jpg,4768716_0.jpg,3323925_1.jpg,1576123_2.jpg,4063433_2.jpg
236,664385_0.jpg,238697_0.jpg,3894379_1.jpg,6622602_0.jpg,5571423_0.jpg,2219063_3.jpg,2524410_1.jpg,2261625_0.jpg,2219063_1.jpg,5023985_0.jpg,1360443_0.jpg
237,3945315_0.jpg,2527501_0.jpg,3169236_1.jpg,3169236_0.jpg,1864536_0.jpg,2539075_0.jpg,263977_1.jpg,4207944_0.jpg,5749819_0.jpg,1707110_1.jpg,1111645_0.jpg
238,2292197_1.jpg,2292197_3.jpg,868312_0.jpg,2292197_0.jpg,2292197_2.jpg,2797132_0.jpg,6080959_3.jpg,6080959_1.jpg,1170894_0.jpg,2008369_0.jpg,2797132_1.jpg
239,2283033_0.jpg,1679426_0.jpg,2283033_1.jpg,1679426_1.jpg,2253833_2.jpg,5605151_0.jpg,5880137_1.jpg,5880137_0.jpg,4530827_0.jpg,6147917_0.jpg,6460827_0.jpg
240,263977_0.jpg,1707110_0.jpg,263977_1.jpg,3945315_0.jpg,3169236_0.jpg,3169236_1.jpg,3061333_0.jpg,6203447_0.jpg,2527501_0.jpg,5939231_0.jpg,1864536_0.jpg
241,3950161_0.jpg,619948_0.jpg,395560_0.jpg,567729_0.jpg,6159559_0.jpg,2070927_0.jpg,3061333_1.jpg,619948_1.jpg,3154838_0.jpg,1456671_0.jpg,2539075_0.jpg
242,263977_1.jpg,1707110_1.jpg,3061333_1.jpg,6203447_0.jpg,5939231_1.jpg,6203447_1.jpg,1111645_0.jpg,3169236_0.jpg,395560_0.jpg,2527501_0.jpg,3169236_1.jpg
243,3996629_0.jpg,5277036_0.jpg,2165012_1.jpg,2445924_0.jpg,5276268_0.jpg,6700634_0.jpg,1527720_0.jpg,1926144_1.jpg,3007801_1.jpg,2396442_0.jpg,5399576_0.jpg
244,3825793_0.jpg,2728604_0.jpg,1111645_0.jpg,1417301_0.jpg,6143573_1.jpg,1794510_0.jpg,263977_1.jpg,2527501_0.jpg,1238122_0.jpg,3945315_0.jpg,5219922_3.jpg
245,2283033_1.jpg,1679426_1.jpg,2283033_0.jpg,1679426_0.jpg,2253833_2.jpg,3061333_2.jpg,5880137_0.jpg,6460827_0.jpg,5755533_0.jpg,5605151_0.jpg,5880137_1.jpg
246,2292197_0.jpg,2292197_2.jpg,2292197_1.jpg,2292197_3.jpg,868312_0.jpg,6080959_2.jpg,6080959_0.jpg,2797132_0.jpg,6080959_3.jpg,6080959_1.jpg,1170894_0.jpg
247,6249716_0.jpg,217204_0.jpg,1926144_0.jpg,3007801_0.jpg,6359436_2.jpg,6147917_0.jpg,4418633_0.jpg,2853133_0.jpg,1111645_0.jpg,5880137_0.jpg,2165012_0.jpg
248,3894379_2.jpg,2524410_0.jpg,684408_0.jpg,2445924_0.jpg,1527720_1.jpg,5605151_0.jpg,5630226_0.jpg,402546_0.jpg,1527720_0.jpg,6700634_0.jpg,958266_0.jpg
249,5533514_0.jpg,917036_0.jpg,4418633_0.jpg,2853133_0.jpg,1211240_0.jpg,5127422_0.jpg,3235516_0.jpg,1926144_0.jpg,3007801_0.jpg,4768716_0.jpg,4053068_0.jpg
250,4636037_0.jpg,4391117_0.jpg,4412540_0.jpg,2755487_0.jpg,5101613_0.jpg,2503614_0.jpg,2641262_0.jpg,3123386_0.jpg,5749819_0.jpg,3169236_1.jpg,2070927_0.jpg
251,5305904_0.jpg,2219063_3.jpg,5630226_2.jpg,5023985_0.jpg,2219063_2.jpg,1360443_1.jpg,1238122_1.jpg,194493_1.jpg,2219063_0.jpg,194493_0.jpg,1306638_1.jpg
252,664385_1.jpg,3061333_2.jpg,1613848_0.jpg,598876_1.jpg,3779080_0.jpg,5057350_2.jpg,3518216_2.jpg,5430819_1.jpg,35231_0.jpg,5805839_1.jpg,3766409_1.jpg
253,868312_0.jpg,1170894_0.jpg,2292197_1.jpg,2292197_3.jpg,2797132_0.jpg,2292197_0.jpg,2292197_2.jpg,1170894_1.jpg,6080959_3.jpg,6080959_1.jpg,2797132_1.jpg
254,2450505_0.jpg,5630226_0.jpg,261890_0.jpg,684408_2.jpg,261890_1.jpg,684408_1.jpg,684408_0.jpg,2524410_1.jpg,1527720_1.jpg,451241_0.jpg,436356_0.jpg
255,4285581_0.jpg,6505789_0.jpg,3785080_0.jpg,6438372_0.jpg,3154838_0.jpg,3169236_0.jpg,5456115_1.jpg,506662_1.jpg,2008369_1.jpg,5326936_0.jpg,3169236_1.jpg
256,1576123_2.jpg,4063433_2.jpg,2565742_2.jpg,5794695_2.jpg,3323925_1.jpg,5939231_2.jpg,1707110_2.jpg,6298920_0.jpg,4418633_0.jpg,2853133_0.jpg,230100_0.jpg
257,1613848_0.jpg,664385_1.jpg,6416356_0.jpg,6249716_0.jpg,6147917_0.jpg,217204_0.jpg,510802_0.jpg,1926144_0.jpg,3007801_0.jpg,2283033_1.jpg,1679426_1.jpg
258,2780180_1.jpg,2780180_2.jpg,2780180_3.jpg,1238122_0.jpg,1417301_0.jpg,5456115_0.jpg,1794510_0.jpg,5023985_1.jpg,5023985_2.jpg,5879123_0.jpg,3834622_0.jpg
259,5299557_1.jpg,6357292_1.jpg,417077_1.jpg,948745_1.jpg,5805839_1.jpg,3766409_1.jpg,598876_0.jpg,3779080_2.jpg,5057350_0.jpg,3518216_0.jpg,5430819_0.jpg
260,6622602_0.jpg,664385_0.jpg,5571423_0.jpg,238697_0.jpg,2219063_3.jpg,2219063_1.jpg,194493_1.jpg,2261625_0.jpg,5630226_2.jpg,5651469_1.jpg,3894379_1.jpg
261,2253833_0.jpg,2253833_3.jpg,2253833_1.jpg,6359436_2.jpg,6359436_1.jpg,6112991_0.jpg,5533514_0.jpg,5630226_1.jpg,263977_1.jpg,5669633_0.jpg,3996265_0.jpg
262,3243359_1.jpg,4221663_2.jpg,5326936_2.jpg,4905153_1.jpg,4221663_3.jpg,3243359_3.jpg,1692871_0.jpg,1456671_0.jpg,1370619_0.jpg,2614187_2.jpg,4768716_0.jpg
263,5794695_0.jpg,2565742_0.jpg,5794695_1.jpg,3323925_0.jpg,1576123_0.jpg,4063433_0.jpg,2565742_1.jpg,1576123_1.jpg,4063433_1.jpg,2795694_0.jpg,6203447_0.jpg
264,2286552_3.jpg,2286552_2.jpg,2286552_0.jpg,2286552_1.jpg,4719256_0.jpg,3174536_0.jpg,619948_0.jpg,6159559_0.jpg,2165012_0.jpg,4719256_1.jpg,1360443_0.jpg
265,3174536_1.jpg,4719256_1.jpg,2008369_0.jpg,2008369_1.jpg,1625168_1.jpg,619948_1.jpg,6048512_0.jpg,3174536_0.jpg,868312_0.jpg,2292197_1.jpg,2292197_3.jpg
266,2771913_1.jpg,1625168_1.jpg,6159559_1.jpg,2771913_0.jpg,2008369_1.jpg,2008369_0.jpg,6048512_0.jpg,1625168_0.jpg,619948_1.jpg,739325_1.jpg,2527501_0.jpg
267,5451882_1.jpg,6532298_1.jpg,6532298_0.jpg,6532298_2.jpg,6532298_3.jpg,5451882_0.jpg,3820267_0.jpg,5494334_1.jpg,5494334_0.jpg,6007737_0.jpg,2614187_0.jpg
268,4022765_0.jpg,4022765_1.jpg,1046233_0.jpg,698940_0.jpg,553331_0.jpg,698940_1.jpg,17126_3.jpg,1473075_1.jpg,130374_0.jpg,130374_1.jpg,1473075_0.jpg
269,3779080_1.jpg,5057350_1.jpg,3518216_1.jpg,598876_2.jpg,5430819_2.jpg,5805839_0.jpg,3766409_0.jpg,5299557_0.jpg,417077_0.jpg,6357292_0.jpg,948745_0.jpg
270,567729_0.jpg,1926144_0.jpg,3007801_0.jpg,2165012_0.jpg,417077_0.jpg,6357292_0.jpg,948745_0.jpg,4418633_0.jpg,2853133_0.jpg,6359436_1.jpg,6249716_0.jpg
271,2165012_0.jpg,1926144_0.jpg,3007801_0.jpg,4418633_0.jpg,2853133_0.jpg,6460827_0.jpg,5755533_0.jpg,1692871_0.jpg,4209522_0.jpg,3728824_0.jpg,1416105_0.jpg
272,5805839_1.jpg,3766409_1.jpg,598876_0.jpg,3779080_2.jpg,5057350_0.jpg,3518216_0.jpg,5430819_0.jpg,5299557_1.jpg,598876_1.jpg,3779080_0.jpg,5057350_2.jpg
273,5023985_0.jpg,5630226_2.jpg,2219063_3.jpg,1238122_1.jpg,5305904_0.jpg,2219063_1.jpg,5023985_1.jpg,5586792_0.jpg,2219063_0.jpg,1360443_1.jpg,6438372_0.jpg
274,5641105_1.jpg,5641105_0.jpg,5641105_2.jpg,5641105_3.jpg,4207789_0.jpg,4936800_3.jpg,4936800_1.jpg,6581096_1.jpg,6581096_0.jpg,3588850_0.jpg,2775357_1.jpg
275,5641105_1.jpg,5641105_0.jpg,5641105_2.jpg,5641105_3.jpg,4207789_0.jpg,4936800_3.jpg,4936800_1.jpg,6581096_1.jpg,6581096_0.jpg,3588850_0.jpg,2775357_1.jpg
276,5023985_1.jpg,6266112_0.jpg,5023985_2.jpg,1794510_0.jpg,6438372_0.jpg,1238122_0.jpg,5023985_0.jpg,5586792_0.jpg,2848048_0.jpg,2008369_1.jpg,2219063_1.jpg
277,5880137_2.jpg,5048970_0.jpg,2755487_0.jpg,3169236_1.jpg,3169236_0.jpg,4412540_0.jpg,4391117_0.jpg,4636037_0.jpg,263977_0.jpg,734879_0.jpg,734879_1.jpg
278,3766409_0.jpg,5805839_0.jpg,3779080_1.jpg,5057350_1.jpg,3518216_1.jpg,598876_2.jpg,5430819_2.jpg,6357292_0.jpg,948745_0.jpg,5299557_0.jpg,417077_0.jpg
279,1707110_2.jpg,5939231_2.jpg,2565742_2.jpg,1576123_2.jpg,4063433_2.jpg,5794695_2.jpg,263977_2.jpg,6298920_0.jpg,3323925_1.jpg,230100_0.jpg,263977_1.jpg
280,2165012_1.jpg,1926144_1.jpg,3007801_1.jpg,2396442_0.jpg,6700634_0.jpg,5755533_1.jpg,1527720_0.jpg,3017986_0.jpg,5277036_0.jpg,5399576_0.jpg,5755533_2.jpg
281,598876_0.jpg,3779080_2.jpg,5057350_0.jpg,3518216_0.jpg,5430819_0.jpg,5805839_1.jpg,3766409_1.jpg,5299557_1.jpg,598876_1.jpg,3779080_0.jpg,5057350_2.jpg
282,1864536_0.jpg,4411723_1.jpg,4207944_0.jpg,3945315_0.jpg,5897501_0.jpg,3061333_0.jpg,3169236_0.jpg,3169236_1.jpg,4285581_0.jpg,3123386_0.jpg,4411723_0.jpg
283,510802_0.jpg,1211240_1.jpg,3761227_1.jpg,5048970_1.jpg,217204_0.jpg,6438372_0.jpg,6147917_0.jpg,5939231_1.jpg,5880137_0.jpg,3785080_0.jpg,1579564_0.jpg
284,5962041_0.jpg,3592570_1.jpg,5531218_0.jpg,5076193_0.jpg,5586792_0.jpg,6621993_1.jpg,1422091_0.jpg,2219063_1.jpg,5237851_0.jpg,2261625_0.jpg,2795694_0.jpg
285,4022765_1.jpg,4022765_0.jpg,1046233_0.jpg,698940_0.jpg,553331_0.jpg,698940_1.jpg,130374_1.jpg,1473075_1.jpg,130374_0.jpg,17126_3.jpg,2728604_0.jpg
286,5451882_0.jpg,5451882_1.jpg,6532298_1.jpg,6532298_0.jpg,6532298_2.jpg,6532298_3.jpg,5494334_0.jpg,5494334_1.jpg,3820267_0.jpg,4489130_0.jpg,2894006_0.jpg
287,2771913_0.jpg,1625168_0.jpg,2771913_1.jpg,1625168_1.jpg,6159559_1.jpg,619948_1.jpg,739325_0.jpg,4489130_0.jpg,130374_0.jpg,739325_1.jpg,2641262_0.jpg
288,3174536_0.jpg,4719256_0.jpg,2286552_3.jpg,2286552_2.jpg,2286552_0.jpg,2286552_1.jpg,619948_0.jpg,6159559_0.jpg,4719256_1.jpg,3174536_1.jpg,1456671_0.jpg
289,5794695_1.jpg,3323925_0.jpg,2565742_1.jpg,5794695_0.jpg,2565742_0.jpg,1576123_1.jpg,4063433_1.jpg,1576123_0.jpg,4063433_0.jpg,2795694_0.jpg,5586792_0.jpg
290,2286552_3.jpg,2286552_2.jpg,2286552_0.jpg,2286552_1.jpg,4719256_0.jpg,3174536_0.jpg,619948_0.jpg,6159559_0.jpg,2165012_0.jpg,4719256_1.jpg,1360443_0.jpg
291,3243359_0.jpg,4905153_0.jpg,4386407_0.jpg,4221663_0.jpg,5326936_0.jpg,3243359_3.jpg,4285581_0.jpg,6505789_0.jpg,506662_1.jpg,6438372_0.jpg,5456115_1.jpg
292,2253833_1.jpg,2253833_0.jpg,2253833_3.jpg,6359436_2.jpg,6359436_1.jpg,4418633_0.jpg,2853133_0.jpg,5533514_0.jpg,263977_1.jpg,6621993_1.jpg,6203447_1.jpg
293,6483073_0.jpg,3154838_0.jpg,510802_0.jpg,3785080_0.jpg,5939231_1.jpg,1418639_0.jpg,619948_1.jpg,6438372_0.jpg,217204_0.jpg,230100_0.jpg,2539075_0.jpg
294,5299557_0.jpg,3779080_1.jpg,5057350_1.jpg,3518216_1.jpg,598876_2.jpg,5430819_2.jpg,5805839_0.jpg,3766409_0.jpg,417077_0.jpg,6357292_0.jpg,948745_0.jpg
295,4530827_0.jpg,5880137_0.jpg,5605151_0.jpg,1579564_0.jpg,2524410_0.jpg,6652881_0.jpg,5880137_1.jpg,1527720_1.jpg,261890_0.jpg,261890_1.jpg,684408_0.jpg
296,2780180_0.jpg,4022765_1.jpg,2780180_1.jpg,4022765_0.jpg,1046233_0.jpg,2780180_2.jpg,3432903_0.jpg,3432903_1.jpg,1323502_2.jpg,1238122_0.jpg,130374_2.jpg
297,2271854_0.jpg,1323502_3.jpg,5326936_1.jpg,506662_2.jpg,4221663_1.jpg,3243359_2.jpg,4386407_3.jpg,4905153_2.jpg,1323502_0.jpg,6581096_1.jpg,5456115_0.jpg
298,4391117_0.jpg,4636037_0.jpg,4412540_0.jpg,2755487_0.jpg,5101613_0.jpg,2503614_0.jpg,3123386_0.jpg,2641262_0.jpg,3169236_1.jpg,5749819_0.jpg,3169236_0.jpg
299,2780180_2.jpg,2780180_3.jpg,2780180_1.jpg,1238122_0.jpg,1417301_0.jpg,1794510_0.jpg,5023985_1.jpg,5456115_0.jpg,5023985_2.jpg,2728604_0.jpg,3834622_0.jpg
300,5299557_2.jpg,598876_1.jpg,3779080_0.jpg,5057350_2.jpg,3518216_2.jpg,5430819_1.jpg,6357292_2.jpg,5805839_2.jpg,3766409_2.jpg,948745_2.jpg,417077_2.jpg
301,2904649_0.jpg,6676540_0.jpg,1129805_0.jpg,2774373_0.jpg,2110425_0.jpg,1951631_0.jpg,5165978_0.jpg,3702548_0.jpg,2894006_0.jpg,868312_0.jpg,2292197_1.jpg
302,2253833_0.jpg,2253833_3.jpg,2253833_1.jpg,6359436_2.jpg,6359436_1.jpg,6112991_0.jpg,5533514_0.jpg,5630226_1.jpg,263977_1.jpg,5669633_0.jpg,3996265_0.jpg
303,2286552_3.jpg,2286552_2.jpg,2286552_0.jpg,2286552_1.jpg,4719256_0.jpg,3174536_0.jpg,619948_0.jpg,6159559_0.jpg,2165012_0.jpg,4719256_1.jpg,1360443_0.jpg
304,5651469_0.jpg,5651469_1.jpg,3080655_0.jpg,684408_2.jpg,2261625_0.jpg,684408_1.jpg,2524410_1.jpg,194493_1.jpg,194493_0.jpg,5571423_0.jpg,5586792_0.jpg
305,5326936_1.jpg,506662_2.jpg,4221663_1.jpg,3243359_2.jpg,4386407_3.jpg,4905153_2.jpg,199060_0.jpg,1323502_1.jpg,6581096_0.jpg,6581096_1.jpg,1323502_0.jpg
306,5494334_1.jpg,5494334_0.jpg,6532298_1.jpg,6532298_0.jpg,6532298_2.jpg,6532298_3.jpg,5451882_1.jpg,5451882_0.jpg,2503614_0.jpg,3820267_0.jpg,4936800_3.jpg
307,3761227_0.jpg,3391830_3.jpg,674194_1.jpg,2261625_0.jpg,1211240_0.jpg,5076193_0.jpg,1579564_0.jpg,2795694_0.jpg,5586792_0.jpg,1693803_0.jpg,2524410_1.jpg
308,6700634_0.jpg,2165012_1.jpg,1926144_1.jpg,3007801_1.jpg,5399576_0.jpg,5755533_1.jpg,2396442_0.jpg,1527720_0.jpg,5277036_0.jpg,3017986_0.jpg,1926078_0.jpg
309,1693803_0.jpg,5630226_0.jpg,684408_1.jpg,684408_2.jpg,436356_0.jpg,2524410_0.jpg,5583834_0.jpg,261890_1.jpg,1527720_1.jpg,261890_0.jpg,2524410_1.jpg
310,598876_1.jpg,3779080_0.jpg,5057350_2.jpg,3518216_2.jpg,5430819_1.jpg,6357292_2.jpg,5805839_2.jpg,3766409_2.jpg,948745_2.jpg,417077_2.jpg,5299557_2.jpg
311,1707110_0.jpg,5939231_0.jpg,1707110_1.jpg,263977_0.jpg,5939231_1.jpg,6203447_0.jpg,263977_1.jpg,3061333_0.jpg,4411723_1.jpg,766234_0.jpg,3945315_0.jpg
312,5641105_1.jpg,5641105_0.jpg,5641105_2.jpg,5641105_3.jpg,4207789_0.jpg,4936800_3.jpg,4936800_1.jpg,6581096_1.jpg,6581096_0.jpg,3588850_0.jpg,2775357_1.jpg
313,1417301_0.jpg,2780180_2.jpg,3825793_0.jpg,2728604_0.jpg,2780180_3.jpg,1238122_0.jpg,1794510_0.jpg,2771913_1.jpg,5023985_1.jpg,2527501_0.jpg,1111645_0.jpg
314,3017986_1.jpg,5533514_0.jpg,5299557_0.jpg,3766409_0.jpg,5805839_0.jpg,3779080_1.jpg,5057350_1.jpg,3518216_1.jpg,598876_2.jpg,5430819_2.jpg,6357292_0.jpg
315,6357292_2.jpg,5805839_2.jpg,3766409_2.jpg,948745_2.jpg,417077_2.jpg,598876_1.jpg,3779080_0.jpg,5057350_2.jpg,3518216_2.jpg,5430819_1.jpg,5299557_2.jpg
316,5880137_0.jpg,4530827_0.jpg,1579564_0.jpg,6652881_0.jpg,2524410_0.jpg,1527720_1.jpg,5605151_0.jpg,217204_0.jpg,5880137_1.jpg,684408_0.jpg,261890_1.jpg
317,5023985_2.jpg,5023985_1.jpg,6266112_0.jpg,5456115_0.jpg,1794510_0.jpg,2780180_2.jpg,5879123_0.jpg,1238122_0.jpg,2780180_3.jpg,5023985_0.jpg,2780180_1.jpg
318,5880137_1.jpg,4530827_0.jpg,6652881_0.jpg,2524410_0.jpg,2165012_1.jpg,6700634_0.jpg,2396442_0.jpg,1527720_0.jpg,5880137_0.jpg,5605151_0.jpg,5326936_3.jpg
319,3017986_0.jpg,2165012_1.jpg,6700634_0.jpg,2396442_0.jpg,5755533_1.jpg,1926144_1.jpg,3007801_1.jpg,1370619_0.jpg,35231_0.jpg,5755533_2.jpg,1478575_0.jpg
320,5641105_1.jpg,5641105_0.jpg,5641105_2.jpg,5641105_3.jpg,4207789_0.jpg,4936800_3.jpg,4936800_1.jpg,6581096_1.jpg,6581096_0.jpg,3588850_0.jpg,2775357_1.jpg
321,1417301_1.jpg,5076193_0.jpg,3391830_3.jpg,3761227_0.jpg,5939231_1.jpg,5127422_0.jpg,3235516_0.jpg,1211240_0.jpg,217204_0.jpg,1579564_0.jpg,510802_0.jpg
322,1707110_1.jpg,5939231_1.jpg,263977_1.jpg,3061333_1.jpg,1111645_0.jpg,766234_0.jpg,6203447_1.jpg,6249716_0.jpg,1211240_0.jpg,217204_0.jpg,6359436_2.jpg
323,2728604_0.jpg,3825793_0.jpg,1111645_0.jpg,1417301_0.jpg,2527501_0.jpg,1794510_0.jpg,1238122_0.jpg,3945315_0.jpg,2539075_0.jpg,2771913_1.jpg,6143573_1.jpg
324,1211240_1.jpg,3761227_1.jpg,5048970_1.jpg,510802_0.jpg,2641262_1.jpg,217204_0.jpg,5880137_0.jpg,2283033_1.jpg,1679426_1.jpg,4530827_0.jpg,5880137_1.jpg
325,5494334_0.jpg,5494334_1.jpg,6532298_1.jpg,6532298_0.jpg,6532298_2.jpg,6532298_3.jpg,5451882_0.jpg,5451882_1.jpg,2503614_0.jpg,3820267_0.jpg,4936800_3.jpg
326,3243359_3.jpg,4905153_1.jpg,4221663_3.jpg,6147917_0.jpg,4386407_1.jpg,6438372_0.jpg,2249413_0.jpg,5326936_3.jpg,506662_3.jpg,4386407_2.jpg,4905153_3.jpg
327,2286552_3.jpg,2286552_2.jpg,2286552_0.jpg,2286552_1.jpg,4719256_0.jpg,3174536_0.jpg,619948_0.jpg,6159559_0.jpg,2165012_0.jpg,4719256_1.jpg,1360443_0.jpg
328,5651469_1.jpg,5651469_0.jpg,3080655_0.jpg,684408_2.jpg,2261625_0.jpg,684408_1.jpg,2524410_1.jpg,194493_1.jpg,5571423_0.jpg,194493_0.jpg,5586792_0.jpg
329,5794695_2.jpg,3323925_1.jpg,1576123_2.jpg,4063433_2.jpg,2565742_2.jpg,1707110_2.jpg,5939231_2.jpg,4418633_0.jpg,2853133_0.jpg,2165012_0.jpg,5669633_0.jpg
330,2253833_2.jpg,6359436_0.jpg,5605151_0.jpg,6460827_0.jpg,5755533_0.jpg,2283033_1.jpg,1679426_1.jpg,5880137_0.jpg,3445765_0.jpg,5276268_0.jpg,4530827_0.jpg
331,2857595_0.jpg,402546_0.jpg,2524410_0.jpg,2393473_0.jpg,958266_0.jpg,684408_0.jpg,1527720_1.jpg,2348333_0.jpg,3894379_2.jpg,5630226_0.jpg,5276268_0.jpg
332,2780180_3.jpg,2780180_2.jpg,2780180_1.jpg,1238122_0.jpg,1417301_0.jpg,5023985_1.jpg,1794510_0.jpg,5023985_0.jpg,6266112_0.jpg,5456115_0.jpg,5586792_0.jpg
333,4209522_0.jpg,3728824_0.jpg,1416105_0.jpg,3001626_0.jpg,4418633_0.jpg,2853133_0.jpg,1926144_0.jpg,3007801_0.jpg,1692871_0.jpg,4768716_0.jpg,2165012_0.jpg
334,2271854_1.jpg,1926078_0.jpg,5399576_0.jpg,1527720_0.jpg,5277036_0.jpg,6700634_0.jpg,5755533_1.jpg,5755533_2.jpg,2165012_1.jpg,1926144_1.jpg,3007801_1.jpg
335,6416356_0.jpg,1613848_0.jpg,664385_1.jpg,3061333_2.jpg,598876_1.jpg,3779080_0.jpg,5057350_2.jpg,3518216_2.jpg,5430819_1.jpg,2283033_1.jpg,1679426_1.jpg
336,4397251_1.jpg,4397251_0.jpg,1576123_0.jpg,4063433_0.jpg,1576123_1.jpg,4063433_1.jpg,5794695_0.jpg,2565742_0.jpg,1360443_1.jpg,5531218_0.jpg,3323925_0.jpg
337,2904649_0.jpg,6676540_0.jpg,1129805_0.jpg,2774373_0.jpg,2110425_0.jpg,1951631_0.jpg,5165978_0.jpg,3702548_0.jpg,2894006_0.jpg,868312_0.jpg,2292197_1.jpg
338,17126_3.jpg,1473075_1.jpg,1473075_0.jpg,3945315_0.jpg,2771913_1.jpg,2641262_0.jpg,6159559_1.jpg,4412540_0.jpg,3169236_1.jpg,3169236_0.jpg,2008369_0.jpg
339,5669633_0.jpg,3996265_0.jpg,1076297_0.jpg,6112991_0.jpg,4418633_0.jpg,2853133_0.jpg,5794695_2.jpg,4768716_0.jpg,3323925_1.jpg,1576123_2.jpg,4063433_2.jpg
340,5165978_0.jpg,2904649_0.jpg,6676540_0.jpg,1129805_0.jpg,1951631_0.jpg,2110425_0.jpg,2774373_0.jpg,3702548_0.jpg,2894006_0.jpg,2292197_1.jpg,2292197_3.jpg
341,1679426_1.jpg,2283033_1.jpg,2283033_0.jpg,1679426_0.jpg,2253833_2.jpg,5880137_0.jpg,3061333_2.jpg,5605151_0.jpg,6460827_0.jpg,5755533_0.jpg,5880137_1.jpg
342,5755533_2.jpg,5277036_0.jpg,5240612_0.jpg,1926078_0.jpg,5755533_1.jpg,161551_0.jpg,5399576_0.jpg,2165012_1.jpg,3017986_0.jpg,2271854_1.jpg,821201_0.jpg
343,2219063_0.jpg,2219063_3.jpg,917036_0.jpg,2524410_1.jpg,2219063_2.jpg,684408_2.jpg,194493_0.jpg,684408_1.jpg,2450505_0.jpg,194493_1.jpg,1527720_2.jpg
344,4412540_0.jpg,4636037_0.jpg,4391117_0.jpg,2755487_0.jpg,5101613_0.jpg,3169236_1.jpg,2641262_0.jpg,3123386_0.jpg,2503614_0.jpg,3169236_0.jpg,5749819_0.jpg
345,3779080_1.jpg,5057350_1.jpg,3518216_1.jpg,598876_2.jpg,5430819_2.jpg,5805839_0.jpg,3766409_0.jpg,5299557_0.jpg,417077_0.jpg,6357292_0.jpg,948745_0.jpg
346,3592570_1.jpg,5962041_0.jpg,5531218_0.jpg,6621993_1.jpg,1422091_0.jpg,5237851_0.jpg,5076193_0.jpg,1576123_1.jpg,4063433_1.jpg,5586792_0.jpg,2795694_0.jpg
347,451241_1.jpg,1306638_0.jpg,451241_0.jpg,1306638_1.jpg,1360443_0.jpg,2219063_2.jpg,2348333_0.jpg,684408_1.jpg,5630226_0.jpg,261890_0.jpg,2450505_0.jpg
348,451241_0.jpg,684408_0.jpg,261890_1.jpg,2348333_0.jpg,261890_0.jpg,5630226_0.jpg,4985872_0.jpg,684408_1.jpg,958266_0.jpg,684408_2.jpg,2450505_0.jpg
349,3592570_0.jpg,6621993_0.jpg,3391830_0.jpg,6581096_0.jpg,6581096_1.jpg,4207789_0.jpg,2775357_1.jpg,2775357_0.jpg,2775357_2.jpg,2775357_3.jpg,5326936_1.jpg
350,598876_0.jpg,3779080_2.jpg,5057350_0.jpg,3518216_0.jpg,5430819_0.jpg,5805839_1.jpg,3766409_1.jpg,5299557_1.jpg,598876_1.jpg,3779080_0.jpg,5057350_2.jpg
351,2219063_1.jpg,2219063_3.jpg,5586792_0.jpg,2261625_0.jpg,1360443_1.jpg,5630226_2.jpg,5962041_0.jpg,5571423_0.jpg,5076193_0.jpg,2219063_0.jpg,5531218_0.jpg
352,917036_0.jpg,5533514_0.jpg,684408_2.jpg,2219063_0.jpg,2450505_0.jpg,684408_1.jpg,2219063_2.jpg,451241_0.jpg,4209522_0.jpg,3728824_0.jpg,1416105_0.jpg
353,1679426_0.jpg,2283033_0.jpg,2283033_1.jpg,1679426_1.jpg,2253833_2.jpg,5605151_0.jpg,5880137_1.jpg,5880137_0.jpg,6147917_0.jpg,3001626_0.jpg,4530827_0.jpg
354,5692853_0.jpg,6203447_1.jpg,2795694_0.jpg,766234_0.jpg,6143573_1.jpg,3445765_0.jpg,3391830_3.jpg,6203447_0.jpg,6359436_2.jpg,6249716_0.jpg,1111645_0.jpg
355,4024812_0.jpg,4768716_0.jpg,4209522_0.jpg,3728824_0.jpg,1416105_0.jpg,4418633_0.jpg,2853133_0.jpg,1360443_0.jpg,917036_0.jpg,1692871_0.jpg,5533514_0.jpg
356,395560_0.jpg,3061333_1.jpg,567729_0.jpg,263977_1.jpg,6438372_1.jpg,1456671_0.jpg,6159559_0.jpg,2539075_0.jpg,868312_0.jpg,1396752_0.jpg,2797132_1.jpg
357,4397251_1.jpg,4397251_0.jpg,1576123_0.jpg,4063433_0.jpg,1576123_1.jpg,4063433_1.jpg,5794695_0.jpg,2565742_0.jpg,1360443_1.jpg,5531218_0.jpg,3323925_0.jpg
358,217204_0.jpg,5880137_0.jpg,4418633_0.jpg,2853133_0.jpg,510802_0.jpg,1579564_0.jpg,6249716_0.jpg,1211240_0.jpg,5939231_1.jpg,4530827_0.jpg,1926144_0.jpg
359,6203447_1.jpg,6203447_0.jpg,6143573_1.jpg,5692853_0.jpg,6359436_2.jpg,766234_0.jpg,5939231_1.jpg,1422091_0.jpg,1707110_1.jpg,2795694_0.jpg,6249716_0.jpg
360,5897501_0.jpg,4411723_1.jpg,734879_0.jpg,734879_1.jpg,4411723_0.jpg,1864536_0.jpg,3061333_0.jpg,2721276_0.jpg,4207944_0.jpg,4285581_0.jpg,6505789_0.jpg
361,6007737_0.jpg,917099_0.jpg,3560786_0.jpg,2503614_0.jpg,1082183_0.jpg,1625168_0.jpg,3123386_0.jpg,4285581_0.jpg,2771913_0.jpg,2614187_0.jpg,5456115_0.jpg
362,2393473_0.jpg,958266_0.jpg,2348333_0.jpg,2524410_0.jpg,1527720_1.jpg,261890_1.jpg,5630226_0.jpg,684408_0.jpg,2857595_0.jpg,261890_0.jpg,2396442_0.jpg
363,5755533_1.jpg,2165012_1.jpg,6700634_0.jpg,5755533_2.jpg,5399576_0.jpg,2396442_0.jpg,1926144_1.jpg,3007801_1.jpg,3017986_0.jpg,1527720_0.jpg,1926078_0.jpg
364,1926144_0.jpg,3007801_0.jpg,2165012_0.jpg,4418633_0.jpg,2853133_0.jpg,6460827_0.jpg,5755533_0.jpg,6359436_2.jpg,4768716_0.jpg,567729_0.jpg,4209522_0.jpg
365,5127422_0.jpg,3235516_0.jpg,4418633_0.jpg,2853133_0.jpg,4768716_0.jpg,5533514_0.jpg,3001626_0.jpg,4209522_0.jpg,3728824_0.jpg,1416105_0.jpg,6460827_0.jpg
366,2219063_3.jpg,2219063_1.jpg,5630226_2.jpg,5586792_0.jpg,2219063_0.jpg,5571423_0.jpg,5023985_0.jpg,2261625_0.jpg,2524410_1.jpg,1360443_1.jpg,6438372_0.jpg
367,598876_1.jpg,3779080_0.jpg,5057350_2.jpg,3518216_2.jpg,5430819_1.jpg,6357292_2.jpg,5805839_2.jpg,3766409_2.jpg,948745_2.jpg,417077_2.jpg,5299557_2.jpg
368,3432903_2.jpg,451241_2.jpg,5076193_0.jpg,5630226_2.jpg,1417301_1.jpg,5531218_0.jpg,1360443_1.jpg,5571423_0.jpg,5586792_0.jpg,5962041_0.jpg,2219063_3.jpg
369,2219063_2.jpg,1306638_0.jpg,1306638_1.jpg,917036_0.jpg,2450505_0.jpg,1360443_1.jpg,2219063_0.jpg,2524410_1.jpg,194493_0.jpg,684408_2.jpg,194493_1.jpg
370,5749819_0.jpg,3945315_0.jpg,2641262_0.jpg,4412540_0.jpg,2527501_0.jpg,4207944_0.jpg,2755487_0.jpg,698940_0.jpg,698940_1.jpg,4391117_0.jpg,3169236_1.jpg
371,1926144_1.jpg,3007801_1.jpg,2165012_1.jpg,6700634_0.jpg,2396442_0.jpg,1527720_0.jpg,5755533_1.jpg,1370619_0.jpg,3017986_0.jpg,5399576_0.jpg,5277036_0.jpg
372,6460827_0.jpg,5755533_0.jpg,1926144_0.jpg,3007801_0.jpg,5299557_2.jpg,6357292_2.jpg,5805839_2.jpg,3766409_2.jpg,948745_2.jpg,417077_2.jpg,598876_1.jpg
373,4418633_0.jpg,2853133_0.jpg,4768716_0.jpg,1926144_0.jpg,3007801_0.jpg,217204_0.jpg,2165012_0.jpg,4209522_0.jpg,3728824_0.jpg,1416105_0.jpg,6359436_2.jpg
374,6203447_0.jpg,6203447_1.jpg,6143573_1.jpg,263977_1.jpg,6143573_0.jpg,766234_0.jpg,5692853_0.jpg,1422091_0.jpg,5939231_1.jpg,6359436_2.jpg,1707110_1.jpg
375,1418639_0.jpg,1422091_0.jpg,5939231_1.jpg,3154838_0.jpg,5237851_0.jpg,3592570_1.jpg,3785080_0.jpg,6438372_0.jpg,4285581_0.jpg,2795694_0.jpg,510802_0.jpg
376,5939231_2.jpg,1707110_2.jpg,2565742_2.jpg,6298920_0.jpg,1576123_2.jpg,4063433_2.jpg,5794695_2.jpg,263977_2.jpg,230100_0.jpg,263977_1.jpg,3323925_1.jpg
377,6357292_2.jpg,5805839_2.jpg,3766409_2.jpg,948745_2.jpg,417077_2.jpg,598876_1.jpg,3779080_0.jpg,5057350_2.jpg,3518216_2.jpg,5430819_1.jpg,5299557_2.jpg
378,238697_1.jpg,664385_1.jpg,4221663_2.jpg,4221663_3.jpg,598876_1.jpg,3779080_0.jpg,5057350_2.jpg,3518216_2.jpg,5430819_1.jpg,5299557_2.jpg,567729_0.jpg
379,4905153_1.jpg,4386407_1.jpg,3243359_3.jpg,5326936_3.jpg,506662_3.jpg,4386407_2.jpg,4905153_3.jpg,436356_0.jpg,5583834_0.jpg,5880137_1.jpg,2524410_0.jpg
380,1473075_0.jpg,1473075_1.jpg,17126_3.jpg,3945315_0.jpg,2008369_0.jpg,5879123_0.jpg,4411723_1.jpg,2771913_1.jpg,6143573_0.jpg,3169236_1.jpg,2008369_1.jpg
381,598876_2.jpg,5430819_2.jpg,3779080_1.jpg,5057350_1.jpg,3518216_1.jpg,5805839_0.jpg,3766409_0.jpg,5299557_0.jpg,417077_0.jpg,6357292_0.jpg,948745_0.jpg
382,5630226_1.jpg,1360443_1.jpg,5533514_0.jpg,1306638_1.jpg,2253833_1.jpg,1306638_0.jpg,2219063_2.jpg,6621993_1.jpg,3894379_1.jpg,4024812_0.jpg,1360443_0.jpg
383,6532298_1.jpg,6532298_0.jpg,6532298_2.jpg,6532298_3.jpg,5451882_1.jpg,5451882_0.jpg,5494334_1.jpg,5494334_0.jpg,3820267_0.jpg,6007737_0.jpg,4936800_3.jpg
384,5326936_1.jpg,506662_2.jpg,4221663_1.jpg,3243359_2.jpg,4386407_3.jpg,4905153_2.jpg,199060_0.jpg,1323502_1.jpg,6581096_0.jpg,6581096_1.jpg,1323502_0.jpg
385,6581096_0.jpg,6581096_1.jpg,4207789_0.jpg,5765859_1.jpg,3391830_1.jpg,2775357_1.jpg,2775357_0.jpg,2775357_2.jpg,2775357_3.jpg,5326936_1.jpg,506662_2.jpg
386,2755487_0.jpg,4412540_0.jpg,4636037_0.jpg,4391117_0.jpg,5101613_0.jpg,2503614_0.jpg,3123386_0.jpg,3169236_1.jpg,2641262_0.jpg,2070927_0.jpg,3169236_0.jpg
387,4768716_0.jpg,4418633_0.jpg,2853133_0.jpg,261890_0.jpg,5880137_0.jpg,6460827_0.jpg,5755533_0.jpg,1926144_0.jpg,3007801_0.jpg,3001626_0.jpg,261890_1.jpg
388,417077_0.jpg,6357292_0.jpg,948745_0.jpg,5805839_0.jpg,3766409_0.jpg,3779080_1.jpg,5057350_1.jpg,3518216_1.jpg,598876_2.jpg,5430819_2.jpg,5299557_0.jpg
389,5669633_0.jpg,3996265_0.jpg,1076297_0.jpg,6112991_0.jpg,4418633_0.jpg,2853133_0.jpg,5794695_2.jpg,4768716_0.jpg,3323925_1.jpg,1576123_2.jpg,4063433_2.jpg
390,6357292_1.jpg,417077_1.jpg,948745_1.jpg,5299557_1.jpg,5805839_1.jpg,3766409_1.jpg,598876_0.jpg,3779080_2.jpg,5057350_0.jpg,3518216_0.jpg,5430819_0.jpg
391,4146518_2.jpg,4146518_0.jpg,4146518_1.jpg,6652881_0.jpg,1527720_0.jpg,1926144_1.jpg,3007801_1.jpg,2165012_1.jpg,1926078_0.jpg,35231_0.jpg,2271854_1.jpg
392,4209522_0.jpg,3728824_0.jpg,1416105_0.jpg,3001626_0.jpg,4418633_0.jpg,2853133_0.jpg,1926144_0.jpg,3007801_0.jpg,1692871_0.jpg,4768716_0.jpg,2165012_0.jpg
393,5326936_3.jpg,506662_3.jpg,4386407_2.jpg,4905153_3.jpg,5880137_1.jpg,4905153_1.jpg,2393473_0.jpg,2524410_0.jpg,1527720_1.jpg,958266_0.jpg,2641262_1.jpg
394,6581096_1.jpg,6581096_0.jpg,4207789_0.jpg,2775357_1.jpg,2775357_0.jpg,2775357_2.jpg,2775357_3.jpg,5765859_1.jpg,5326936_1.jpg,506662_2.jpg,4221663_1.jpg
395,6532298_1.jpg,6532298_0.jpg,6532298_2.jpg,6532298_3.jpg,5451882_1.jpg,5451882_0.jpg,5494334_1.jpg,5494334_0.jpg,3820267_0.jpg,6007737_0.jpg,4936800_3.jpg
396,2261625_0.jpg,674194_1.jpg,2524410_1.jpg,5571423_0.jpg,5076193_0.jpg,3761227_0.jpg,5586792_0.jpg,674194_0.jpg,684408_1.jpg,2219063_1.jpg,684408_2.jpg
397,5630226_0.jpg,684408_0.jpg,261890_0.jpg,684408_1.jpg,261890_1.jpg,2450505_0.jpg,684408_2.jpg,2524410_0.jpg,1527720_1.jpg,2348333_0.jpg,451241_0.jpg
398,5237851_0.jpg,1422091_0.jpg,3592570_1.jpg,6621993_1.jpg,2795694_0.jpg,5076193_0.jpg,5962041_0.jpg,5531218_0.jpg,1576123_1.jpg,4063433_1.jpg,5939231_1.jpg
399,1473075_1.jpg,1473075_0.jpg,17126_3.jpg,3945315_0.jpg,2771913_1.jpg,5879123_0.jpg,4411723_1.jpg,1417301_0.jpg,2641262_0.jpg,2008369_0.jpg,4207789_0.jpg
400,238697_0.jpg,664385_0.jpg,3894379_1.jpg,5571423_0.jpg,2219063_3.jpg,6622602_0.jpg,5871960_0.jpg,1360443_0.jpg,2524410_1.jpg,1576123_2.jpg,4063433_2.jpg
401,4905153_0.jpg,4386407_0.jpg,3243359_0.jpg,3243359_3.jpg,5326936_0.jpg,4386407_1.jpg,4905153_1.jpg,4221663_3.jpg,6438372_0.jpg,4285581_0.jpg,506662_1.jpg
402,1418639_1.jpg,5765859_0.jpg,1418639_2.jpg,5765859_1.jpg,917099_0.jpg,199060_0.jpg,1418639_0.jpg,5326936_1.jpg,506662_2.jpg,4221663_1.jpg,3243359_2.jpg
403,5939231_1.jpg,1707110_1.jpg,217204_0.jpg,1211240_0.jpg,6438372_0.jpg,510802_0.jpg,3061333_1.jpg,6203447_1.jpg,6249716_0.jpg,1422091_0.jpg,263977_1.jpg
404,2848048_0.jpg,2249413_0.jpg,6266112_0.jpg,6438372_0.jpg,6147917_0.jpg,1579564_0.jpg,2795694_0.jpg,2008369_1.jpg,2219063_0.jpg,1527720_2.jpg,5586792_0.jpg
405,6357292_1.jpg,417077_1.jpg,948745_1.jpg,5299557_1.jpg,5805839_1.jpg,3766409_1.jpg,598876_0.jpg,3779080_2.jpg,5057350_0.jpg,3518216_0.jpg,5430819_0.jpg
406,598876_1.jpg,3779080_0.jpg,5057350_2.jpg,3518216_2.jpg,5430819_1.jpg,6357292_2.jpg,5805839_2.jpg,3766409_2.jpg,948745_2.jpg,417077_2.jpg,5299557_2.jpg
407,5326936_1.jpg,506662_2.jpg,4221663_1.jpg,3243359_2.jpg,4386407_3.jpg,4905153_2.jpg,199060_0.jpg,1323502_1.jpg,6581096_0.jpg,6581096_1.jpg,1323502_0.jpg
408,238697_2.jpg,664385_2.jpg,263977_2.jpg,2614187_2.jpg,6460827_0.jpg,5755533_0.jpg,1926144_0.jpg,3007801_0.jpg,1692871_0.jpg,2165012_0.jpg,664385_1.jpg
409,5630226_2.jpg,2219063_3.jpg,5023985_0.jpg,1360443_1.jpg,2219063_1.jpg,5305904_0.jpg,5586792_0.jpg,5531218_0.jpg,5962041_0.jpg,2261625_0.jpg,5571423_0.jpg
410,734879_0.jpg,734879_1.jpg,4411723_1.jpg,4411723_0.jpg,5897501_0.jpg,5939231_1.jpg,4285581_0.jpg,6505789_0.jpg,3061333_0.jpg,510802_0.jpg,3779080_1.jpg
411,3785080_0.jpg,6438372_0.jpg,3154838_0.jpg,4285581_0.jpg,6266112_0.jpg,510802_0.jpg,1527720_2.jpg,5939231_1.jpg,2008369_1.jpg,6505789_0.jpg,1111645_0.jpg
412,6532298_1.jpg,6532298_0.jpg,6532298_2.jpg,6532298_3.jpg,5451882_1.jpg,5451882_0.jpg,5494334_1.jpg,5494334_0.jpg,3820267_0.jpg,6007737_0.jpg,4936800_3.jpg
413,739325_1.jpg,739325_0.jpg,6159559_1.jpg,1625168_1.jpg,6048512_0.jpg,2771913_1.jpg,619948_1.jpg,6159559_0.jpg,1625168_0.jpg,2771913_0.jpg,2008369_0.jpg
414,4386407_0.jpg,4905153_0.jpg,4386407_1.jpg,3243359_3.jpg,3243359_0.jpg,5326936_0.jpg,4221663_3.jpg,6438372_0.jpg,4905153_1.jpg,4285581_0.jpg,510802_0.jpg
415,4146518_2.jpg,4146518_0.jpg,4146518_1.jpg,6652881_0.jpg,1527720_0.jpg,1926144_1.jpg,3007801_1.jpg,2165012_1.jpg,1926078_0.jpg,35231_0.jpg,2271854_1.jpg
416,2503614_0.jpg,3123386_0.jpg,2641262_0.jpg,2755487_0.jpg,4391117_0.jpg,5101613_0.jpg,4636037_0.jpg,917099_0.jpg,4412540_0.jpg,5456115_0.jpg,6007737_0.jpg
417,6357292_2.jpg,5805839_2.jpg,3766409_2.jpg,948745_2.jpg,417077_2.jpg,598876_1.jpg,3779080_0.jpg,5057350_2.jpg,3518216_2.jpg,5430819_1.jpg,5299557_2.jpg
418,4146518_2.jpg,4146518_0.jpg,4146518_1.jpg,6652881_0.jpg,1527720_0.jpg,1926144_1.jpg,3007801_1.jpg,2165012_1.jpg,1926078_0.jpg,35231_0.jpg,2271854_1.jpg
419,4386407_1.jpg,4905153_1.jpg,3243359_3.jpg,5326936_3.jpg,506662_3.jpg,4386407_2.jpg,4905153_3.jpg,5880137_1.jpg,436356_0.jpg,4386407_0.jpg,4530827_0.jpg
420,739325_0.jpg,739325_1.jpg,1625168_1.jpg,6159559_1.jpg,1625168_0.jpg,2771913_0.jpg,6048512_0.jpg,2292197_0.jpg,2292197_2.jpg,3174536_1.jpg,2771913_1.jpg
421,2719924_0.jpg,4985872_0.jpg,917036_0.jpg,194493_0.jpg,194493_1.jpg,2219063_0.jpg,684408_2.jpg,684408_0.jpg,684408_1.jpg,2450505_0.jpg,451241_0.jpg
422,6532298_1.jpg,6532298_0.jpg,6532298_2.jpg,6532298_3.jpg,5451882_1.jpg,5451882_0.jpg,5494334_1.jpg,5494334_0.jpg,3820267_0.jpg,6007737_0.jpg,4936800_3.jpg
423,734879_0.jpg,734879_1.jpg,4411723_1.jpg,4411723_0.jpg,5897501_0.jpg,5939231_1.jpg,4285581_0.jpg,6505789_0.jpg,3061333_0.jpg,510802_0.jpg,3779080_1.jpg
424,2396442_0.jpg,2165012_1.jpg,1926144_1.jpg,3007801_1.jpg,6700634_0.jpg,3017986_0.jpg,5755533_1.jpg,1478575_0.jpg,1527720_0.jpg,958266_0.jpg,1370619_0.jpg
425,4053068_0.jpg,2450505_0.jpg,261890_0.jpg,1306638_0.jpg,4768716_0.jpg,5630226_0.jpg,684408_2.jpg,1306638_1.jpg,436356_0.jpg,4418633_0.jpg,2853133_0.jpg
426,5326936_3.jpg,506662_3.jpg,4386407_2.jpg,4905153_3.jpg,5880137_1.jpg,4905153_1.jpg,2393473_0.jpg,2524410_0.jpg,1527720_1.jpg,958266_0.jpg,2641262_1.jpg
427,598876_0.jpg,3779080_2.jpg,5057350_0.jpg,3518216_0.jpg,5430819_0.jpg,5805839_1.jpg,3766409_1.jpg,5299557_1.jpg,598876_1.jpg,3779080_0.jpg,5057350_2.jpg
428,6357292_0.jpg,948745_0.jpg,417077_0.jpg,5805839_0.jpg,3766409_0.jpg,3779080_1.jpg,5057350_1.jpg,3518216_1.jpg,598876_2.jpg,5430819_2.jpg,5299557_0.jpg
429,3809087_0.jpg,6019869_0.jpg,664385_2.jpg,238697_2.jpg,263977_2.jpg,1613848_0.jpg,6249716_0.jpg,6359436_0.jpg,6359436_2.jpg,567729_0.jpg,6359436_1.jpg
430,1418639_2.jpg,1418639_1.jpg,3391830_0.jpg,5048970_0.jpg,5326936_1.jpg,506662_2.jpg,4221663_1.jpg,3243359_2.jpg,4386407_3.jpg,4905153_2.jpg,5880137_2.jpg
431,5939231_0.jpg,1707110_0.jpg,5939231_1.jpg,1707110_1.jpg,4411723_0.jpg,5962041_0.jpg,3592570_1.jpg,1422091_0.jpg,6203447_0.jpg,4411723_1.jpg,3391830_0.jpg
