,0,1,2,3,4,5,6,7,8,9
0,1046233_0.jpg,6505789_0.jpg,2755487_0.jpg,3169236_1.jpg,3945315_0.jpg,3169236_0.jpg,1625168_0.jpg,2601997_0.jpg,698940_1.jpg,4391117_0.jpg
1,3996265_0.jpg,1076297_0.jpg,5669633_0.jpg,4768716_0.jpg,2853133_0.jpg,4418633_0.jpg,4024812_0.jpg,6359436_1.jpg,6460827_0.jpg,5755533_0.jpg
2,1082183_0.jpg,395560_0.jpg,3950161_0.jpg,1456671_0.jpg,2755487_0.jpg,698940_1.jpg,4412540_0.jpg,739325_0.jpg,2771913_0.jpg,5101613_0.jpg
3,1088984_0.jpg,5456115_2.jpg,130374_2.jpg,130374_1.jpg,130374_3.jpg,5651469_1.jpg,3080655_0.jpg,5651469_0.jpg,5219922_0.jpg,4146518_1.jpg
4,1111645_0.jpg,3154838_0.jpg,3929938_0.jpg,698940_1.jpg,6007737_0.jpg,766234_0.jpg,4530827_0.jpg,3945315_0.jpg,698940_0.jpg,2601997_0.jpg
5,6676540_0.jpg,2904649_0.jpg,1129805_0.jpg,2774373_0.jpg,2110425_0.jpg,1951631_0.jpg,5755533_1.jpg,5057350_2.jpg,3779080_0.jpg,5430819_1.jpg
6,1170894_0.jpg,1170894_1.jpg,2797132_0.jpg,2797132_1.jpg,2008369_1.jpg,6080959_1.jpg,6080959_3.jpg,2292197_3.jpg,2292197_1.jpg,868312_0.jpg
7,1170894_1.jpg,1170894_0.jpg,2797132_1.jpg,6080959_3.jpg,6080959_1.jpg,2797132_0.jpg,3174536_1.jpg,2292197_1.jpg,2292197_3.jpg,2008369_1.jpg
8,1211240_0.jpg,3761227_0.jpg,1707110_1.jpg,5939231_1.jpg,6143573_1.jpg,6203447_1.jpg,2614187_1.jpg,3061333_1.jpg,5076193_0.jpg,6147917_0.jpg
9,1211240_1.jpg,3761227_1.jpg,5048970_1.jpg,2641262_1.jpg,2539075_0.jpg,1456671_0.jpg,3315255_2.jpg,3315255_3.jpg,3315255_1.jpg,3315255_0.jpg
10,1238122_0.jpg,1238122_1.jpg,1527720_1.jpg,2261625_0.jpg,2524410_1.jpg,1527720_2.jpg,958266_0.jpg,1417301_0.jpg,2524410_0.jpg,436356_0.jpg
11,1238122_1.jpg,1238122_0.jpg,436356_0.jpg,5571423_0.jpg,5583834_0.jpg,2450505_0.jpg,958266_0.jpg,684408_1.jpg,684408_2.jpg,5023985_0.jpg
12,130374_0.jpg,5571423_0.jpg,2780180_2.jpg,130374_3.jpg,2261625_0.jpg,1527720_1.jpg,1088984_0.jpg,5219922_2.jpg,1527720_2.jpg,1238122_0.jpg
13,130374_1.jpg,1088984_0.jpg,1417301_0.jpg,130374_2.jpg,130374_3.jpg,2780180_1.jpg,5326936_0.jpg,5219922_0.jpg,5219922_2.jpg,5879123_0.jpg
14,130374_2.jpg,130374_3.jpg,1088984_0.jpg,5219922_0.jpg,5219922_2.jpg,5456115_2.jpg,130374_1.jpg,3243359_3.jpg,3432903_0.jpg,6159559_0.jpg
15,130374_3.jpg,5219922_2.jpg,5219922_0.jpg,130374_2.jpg,5456115_2.jpg,1088984_0.jpg,2601997_0.jpg,5219922_1.jpg,1692871_0.jpg,6159559_0.jpg
16,1306638_0.jpg,1306638_1.jpg,2348333_0.jpg,958266_0.jpg,2857595_0.jpg,674194_0.jpg,5305904_0.jpg,6359436_1.jpg,5630226_2.jpg,1360443_0.jpg
17,1306638_1.jpg,1306638_0.jpg,2348333_0.jpg,674194_0.jpg,2857595_0.jpg,958266_0.jpg,5305904_0.jpg,6359436_1.jpg,1527720_0.jpg,2219063_2.jpg
18,1323502_0.jpg,1323502_3.jpg,506662_1.jpg,1238122_1.jpg,1417301_0.jpg,2780180_1.jpg,2780180_2.jpg,4905153_1.jpg,684408_1.jpg,4221663_2.jpg
19,1323502_1.jpg,4489130_0.jpg,5219922_2.jpg,130374_3.jpg,4285581_0.jpg,2271854_1.jpg,199060_0.jpg,3123386_0.jpg,217204_0.jpg,5219922_1.jpg
20,1323502_2.jpg,5219922_0.jpg,5219922_2.jpg,130374_1.jpg,130374_0.jpg,2271854_0.jpg,2780180_2.jpg,2219063_3.jpg,1360443_0.jpg,2780180_1.jpg
21,1323502_3.jpg,1794510_0.jpg,5456115_0.jpg,5586792_0.jpg,2219063_1.jpg,4905153_3.jpg,5326936_3.jpg,4386407_2.jpg,506662_3.jpg,5326936_0.jpg
22,1360443_0.jpg,1478575_0.jpg,4985872_0.jpg,958266_0.jpg,2719924_0.jpg,4719256_0.jpg,1613848_0.jpg,2286552_1.jpg,2286552_3.jpg,2286552_0.jpg
23,1360443_1.jpg,684408_0.jpg,5630226_0.jpg,5630226_2.jpg,194493_0.jpg,194493_1.jpg,2219063_1.jpg,674194_1.jpg,958266_0.jpg,161551_0.jpg
24,1360443_2.jpg,6460827_0.jpg,5755533_0.jpg,958266_0.jpg,1478575_0.jpg,5533514_0.jpg,1527720_1.jpg,2165012_0.jpg,5879123_0.jpg,1527720_2.jpg
25,1360443_3.jpg,1360443_0.jpg,5586792_0.jpg,2780180_0.jpg,2450505_0.jpg,4985872_0.jpg,2286552_1.jpg,2286552_2.jpg,2286552_3.jpg,2286552_0.jpg
26,1370619_0.jpg,2165012_1.jpg,3061333_2.jpg,1926144_1.jpg,3007801_1.jpg,5240612_0.jpg,948745_0.jpg,6357292_0.jpg,417077_0.jpg,3243359_1.jpg
27,1396752_0.jpg,1456671_0.jpg,395560_0.jpg,2527501_0.jpg,6080959_2.jpg,6080959_0.jpg,2755487_0.jpg,1082183_0.jpg,2539075_0.jpg,3169236_1.jpg
28,1396752_1.jpg,3315255_2.jpg,3315255_1.jpg,3315255_3.jpg,3315255_0.jpg,2771913_1.jpg,6159559_0.jpg,2348333_0.jpg,1396752_0.jpg,6249716_0.jpg
29,3728824_0.jpg,4209522_0.jpg,1416105_0.jpg,3007801_0.jpg,1926144_0.jpg,5755533_1.jpg,3779080_2.jpg,3518216_0.jpg,5057350_0.jpg,5430819_0.jpg
30,1417301_0.jpg,2780180_1.jpg,1417301_1.jpg,5879123_0.jpg,2261625_0.jpg,1527720_1.jpg,4386407_1.jpg,3080655_0.jpg,506662_3.jpg,4905153_3.jpg
31,1417301_1.jpg,4386407_2.jpg,4905153_3.jpg,506662_3.jpg,5326936_3.jpg,5399576_0.jpg,3080655_0.jpg,1926078_0.jpg,4146518_1.jpg,4146518_2.jpg
32,1418639_0.jpg,2283033_1.jpg,1679426_1.jpg,3945315_0.jpg,6007737_0.jpg,766234_0.jpg,3929938_0.jpg,3154838_0.jpg,6505789_0.jpg,4530827_0.jpg
33,1418639_1.jpg,1418639_0.jpg,1360443_0.jpg,1692871_0.jpg,1478575_0.jpg,4022765_0.jpg,4719256_0.jpg,3017986_1.jpg,2450505_0.jpg,5794695_2.jpg
34,1418639_2.jpg,5880137_2.jpg,766234_0.jpg,2283033_1.jpg,1679426_1.jpg,5897501_0.jpg,3945315_0.jpg,5451882_1.jpg,3154838_0.jpg,3929938_0.jpg
35,1420572_0.jpg,2565742_1.jpg,6621993_1.jpg,5794695_1.jpg,3825793_0.jpg,3323925_0.jpg,2795694_0.jpg,766234_0.jpg,1576123_1.jpg,4063433_1.jpg
36,1422091_0.jpg,5237851_0.jpg,6621993_1.jpg,3592570_1.jpg,5962041_0.jpg,1579564_0.jpg,6652881_0.jpg,5531218_0.jpg,5076193_0.jpg,2249413_0.jpg
37,1456671_0.jpg,395560_0.jpg,1082183_0.jpg,3950161_0.jpg,6080959_0.jpg,6080959_2.jpg,2755487_0.jpg,1396752_0.jpg,2539075_0.jpg,2771913_0.jpg
38,1473075_0.jpg,4022765_0.jpg,5451882_0.jpg,4411723_0.jpg,1473075_1.jpg,17126_3.jpg,5494334_0.jpg,4022765_1.jpg,5451882_1.jpg,3588850_0.jpg
39,1473075_1.jpg,17126_3.jpg,5451882_1.jpg,4022765_1.jpg,1473075_0.jpg,3588850_0.jpg,4411723_1.jpg,6532298_2.jpg,6532298_1.jpg,6532298_0.jpg
40,1478575_0.jpg,451241_0.jpg,958266_0.jpg,1360443_0.jpg,3432903_0.jpg,3017986_0.jpg,417077_0.jpg,948745_0.jpg,6357292_0.jpg,6357292_1.jpg
41,1527720_0.jpg,2271854_1.jpg,1926078_0.jpg,5879123_0.jpg,3080655_0.jpg,2348333_0.jpg,4905153_3.jpg,5326936_3.jpg,506662_3.jpg,4386407_2.jpg
42,1527720_1.jpg,1527720_2.jpg,958266_0.jpg,5879123_0.jpg,1238122_0.jpg,674194_0.jpg,436356_0.jpg,1417301_0.jpg,2857595_0.jpg,2219063_0.jpg
43,1527720_2.jpg,1527720_1.jpg,436356_0.jpg,5879123_0.jpg,958266_0.jpg,674194_0.jpg,1238122_0.jpg,1417301_0.jpg,2894006_0.jpg,5880137_0.jpg
44,4063433_0.jpg,1576123_0.jpg,2565742_0.jpg,5794695_0.jpg,4063433_1.jpg,1576123_1.jpg,3929938_1.jpg,1707110_0.jpg,2614187_0.jpg,1679426_0.jpg
45,4063433_1.jpg,1576123_1.jpg,3323925_0.jpg,2565742_1.jpg,5794695_1.jpg,3592570_1.jpg,6621993_1.jpg,1707110_1.jpg,5076193_0.jpg,5531218_0.jpg
46,1576123_2.jpg,4063433_2.jpg,3323925_1.jpg,2565742_2.jpg,1707110_2.jpg,5794695_2.jpg,5939231_2.jpg,1707110_1.jpg,3001626_0.jpg,263977_2.jpg
47,1579564_0.jpg,5076193_0.jpg,6621993_1.jpg,1422091_0.jpg,6652881_0.jpg,3592570_1.jpg,5531218_0.jpg,3825793_0.jpg,5794695_1.jpg,263977_1.jpg
48,1613848_0.jpg,1692871_0.jpg,2165012_0.jpg,3766409_2.jpg,948745_2.jpg,5805839_2.jpg,6357292_2.jpg,417077_2.jpg,3518216_2.jpg,5430819_1.jpg
49,161551_0.jpg,821201_0.jpg,451241_0.jpg,2253833_0.jpg,2253833_3.jpg,238697_1.jpg,664385_1.jpg,5240612_0.jpg,2165012_1.jpg,3432903_0.jpg
50,1625168_0.jpg,2771913_0.jpg,739325_0.jpg,2292197_2.jpg,2292197_0.jpg,6080959_0.jpg,6080959_2.jpg,1456671_0.jpg,395560_0.jpg,1082183_0.jpg
51,1625168_1.jpg,2771913_1.jpg,739325_1.jpg,6048512_0.jpg,2008369_1.jpg,3174536_1.jpg,4719256_1.jpg,6159559_1.jpg,619948_1.jpg,2797132_0.jpg
52,1679426_0.jpg,2283033_0.jpg,2283033_1.jpg,1679426_1.jpg,3929938_1.jpg,1707110_0.jpg,5939231_0.jpg,766234_0.jpg,4063433_0.jpg,1576123_0.jpg
53,1679426_1.jpg,2283033_1.jpg,3929938_0.jpg,1679426_0.jpg,766234_0.jpg,5692853_0.jpg,2249413_0.jpg,2283033_0.jpg,6652881_0.jpg,3945315_0.jpg
54,1692871_0.jpg,6357292_2.jpg,948745_2.jpg,5805839_2.jpg,3766409_2.jpg,417077_2.jpg,5299557_2.jpg,1613848_0.jpg,3518216_2.jpg,5430819_1.jpg
55,1693803_0.jpg,958266_0.jpg,2450505_0.jpg,436356_0.jpg,5299557_2.jpg,5630226_0.jpg,5430819_1.jpg,5057350_2.jpg,598876_1.jpg,3779080_0.jpg
56,1707110_0.jpg,5939231_0.jpg,2614187_0.jpg,2565742_0.jpg,6203447_0.jpg,1707110_1.jpg,5939231_1.jpg,2283033_0.jpg,1679426_0.jpg,5794695_0.jpg
57,1707110_1.jpg,5939231_1.jpg,2565742_1.jpg,5880137_0.jpg,6203447_1.jpg,1211240_0.jpg,1576123_1.jpg,4063433_1.jpg,2614187_1.jpg,1707110_0.jpg
58,1707110_2.jpg,5939231_2.jpg,4063433_2.jpg,1576123_2.jpg,2565742_2.jpg,3323925_1.jpg,5794695_2.jpg,1707110_1.jpg,263977_2.jpg,3001626_0.jpg
59,17126_3.jpg,1473075_1.jpg,5451882_1.jpg,4022765_1.jpg,6532298_1.jpg,6532298_0.jpg,6532298_3.jpg,6532298_2.jpg,1473075_0.jpg,3588850_0.jpg
60,1794510_0.jpg,1527720_0.jpg,2348333_0.jpg,3432903_0.jpg,1926078_0.jpg,5456115_3.jpg,4985872_0.jpg,3007801_1.jpg,1926144_1.jpg,5456115_2.jpg
61,1864536_0.jpg,917099_0.jpg,3945315_0.jpg,510802_0.jpg,3785080_0.jpg,698940_0.jpg,2503614_0.jpg,6143573_1.jpg,6505789_0.jpg,6266112_0.jpg
62,1926078_0.jpg,4146518_2.jpg,4146518_0.jpg,4146518_1.jpg,3080655_0.jpg,2393473_0.jpg,5456115_3.jpg,6416356_0.jpg,5651469_0.jpg,5651469_1.jpg
63,3007801_0.jpg,1926144_0.jpg,567729_0.jpg,1416105_0.jpg,4209522_0.jpg,3728824_0.jpg,5755533_1.jpg,6460827_0.jpg,5755533_0.jpg,6359436_2.jpg
64,1926144_1.jpg,3007801_1.jpg,2165012_1.jpg,4985872_0.jpg,2614187_2.jpg,664385_2.jpg,2719924_0.jpg,2797132_0.jpg,238697_2.jpg,2797132_1.jpg
65,194493_0.jpg,194493_1.jpg,2857595_0.jpg,6622602_0.jpg,4985872_0.jpg,2719924_0.jpg,674194_1.jpg,402546_0.jpg,2165012_0.jpg,2445924_0.jpg
66,194493_1.jpg,194493_0.jpg,2857595_0.jpg,6622602_0.jpg,4985872_0.jpg,2719924_0.jpg,674194_1.jpg,402546_0.jpg,2445924_0.jpg,2165012_0.jpg
67,1951631_0.jpg,2110425_0.jpg,1129805_0.jpg,6676540_0.jpg,2904649_0.jpg,2774373_0.jpg,5755533_1.jpg,5057350_2.jpg,3779080_0.jpg,5430819_1.jpg
68,199060_0.jpg,6203447_1.jpg,5897501_0.jpg,6581096_1.jpg,3391830_0.jpg,6581096_0.jpg,6266112_0.jpg,821201_0.jpg,5939231_1.jpg,3785080_0.jpg
69,2008369_0.jpg,2008369_1.jpg,3174536_1.jpg,1625168_1.jpg,1170894_0.jpg,6048512_0.jpg,739325_1.jpg,619948_1.jpg,1170894_1.jpg,2797132_0.jpg
70,2008369_1.jpg,2008369_0.jpg,1170894_0.jpg,1625168_1.jpg,3174536_1.jpg,1170894_1.jpg,739325_1.jpg,2771913_1.jpg,619948_1.jpg,2797132_0.jpg
71,2070927_0.jpg,3950161_0.jpg,2539075_0.jpg,4285581_0.jpg,5749819_0.jpg,2755487_0.jpg,4391117_0.jpg,4412540_0.jpg,3548744_0.jpg,1456671_0.jpg
72,2110425_0.jpg,1951631_0.jpg,1129805_0.jpg,6676540_0.jpg,2904649_0.jpg,2774373_0.jpg,5755533_1.jpg,5057350_2.jpg,3779080_0.jpg,5430819_1.jpg
73,2165012_0.jpg,6359436_2.jpg,6359436_1.jpg,6460827_0.jpg,5755533_0.jpg,1613848_0.jpg,3007801_0.jpg,1926144_0.jpg,5057350_2.jpg,3518216_2.jpg
74,2165012_1.jpg,5755533_2.jpg,1926144_0.jpg,3007801_0.jpg,3007801_1.jpg,1926144_1.jpg,1370619_0.jpg,5755533_1.jpg,4209522_0.jpg,3728824_0.jpg
75,217204_0.jpg,4489130_0.jpg,2008369_1.jpg,2539075_0.jpg,3315255_0.jpg,3315255_2.jpg,3315255_3.jpg,3315255_1.jpg,35231_1.jpg,35231_0.jpg
76,2219063_0.jpg,1360443_0.jpg,684408_1.jpg,1527720_1.jpg,5586792_0.jpg,958266_0.jpg,1613848_0.jpg,674194_1.jpg,4985872_0.jpg,2219063_3.jpg
77,2219063_1.jpg,2219063_3.jpg,684408_1.jpg,5630226_0.jpg,684408_0.jpg,261890_1.jpg,2450505_0.jpg,5023985_0.jpg,1323502_3.jpg,684408_2.jpg
78,2219063_2.jpg,1306638_1.jpg,1306638_0.jpg,2219063_3.jpg,674194_1.jpg,5630226_2.jpg,1527720_1.jpg,2527501_0.jpg,2780180_2.jpg,5879123_0.jpg
79,2219063_3.jpg,2219063_1.jpg,5571423_0.jpg,2780180_1.jpg,436356_0.jpg,684408_1.jpg,684408_2.jpg,958266_0.jpg,5583834_0.jpg,2524410_1.jpg
80,2249413_0.jpg,6143573_1.jpg,6147917_0.jpg,6652881_0.jpg,2283033_1.jpg,5692853_0.jpg,2614187_1.jpg,1679426_1.jpg,2527501_0.jpg,6505789_0.jpg
81,2253833_3.jpg,2253833_0.jpg,6359436_0.jpg,2253833_1.jpg,2614187_2.jpg,1692871_0.jpg,4719256_0.jpg,3894379_1.jpg,6359436_1.jpg,1360443_0.jpg
82,2253833_1.jpg,6359436_1.jpg,6359436_2.jpg,4209522_0.jpg,1416105_0.jpg,3728824_0.jpg,3007801_0.jpg,1926144_0.jpg,6298920_0.jpg,5755533_0.jpg
83,2253833_2.jpg,5276268_0.jpg,6700634_0.jpg,5277036_0.jpg,6359436_2.jpg,1926078_0.jpg,6359436_1.jpg,5299557_1.jpg,3235516_0.jpg,5127422_0.jpg
84,2253833_3.jpg,2253833_0.jpg,6359436_0.jpg,2253833_1.jpg,2614187_2.jpg,1692871_0.jpg,4719256_0.jpg,3894379_1.jpg,6359436_1.jpg,1360443_0.jpg
85,2261625_0.jpg,5571423_0.jpg,684408_1.jpg,684408_2.jpg,2445924_0.jpg,1238122_0.jpg,2857595_0.jpg,436356_0.jpg,1417301_0.jpg,2524410_1.jpg
86,2271854_0.jpg,2271854_1.jpg,436356_0.jpg,2780180_1.jpg,1527720_0.jpg,2219063_3.jpg,5571423_0.jpg,5879123_0.jpg,1417301_0.jpg,5583834_0.jpg
87,2271854_1.jpg,1527720_0.jpg,5399576_0.jpg,4905153_0.jpg,4221663_2.jpg,1926078_0.jpg,1417301_1.jpg,4386407_1.jpg,3080655_0.jpg,4905153_3.jpg
88,2283033_0.jpg,1679426_0.jpg,2283033_1.jpg,3929938_1.jpg,1679426_1.jpg,1707110_0.jpg,5939231_0.jpg,2565742_0.jpg,4063433_0.jpg,1576123_0.jpg
89,2283033_1.jpg,1679426_1.jpg,3929938_0.jpg,1679426_0.jpg,766234_0.jpg,2249413_0.jpg,5692853_0.jpg,6652881_0.jpg,2283033_0.jpg,3945315_0.jpg
90,2286552_0.jpg,2286552_1.jpg,2286552_2.jpg,2286552_3.jpg,4719256_0.jpg,619948_0.jpg,6159559_0.jpg,3174536_0.jpg,3894379_1.jpg,4719256_1.jpg
91,2286552_0.jpg,2286552_1.jpg,2286552_2.jpg,2286552_3.jpg,4719256_0.jpg,619948_0.jpg,6159559_0.jpg,3174536_0.jpg,3894379_1.jpg,4719256_1.jpg
92,2286552_0.jpg,2286552_1.jpg,2286552_2.jpg,2286552_3.jpg,4719256_0.jpg,619948_0.jpg,6159559_0.jpg,3174536_0.jpg,3894379_1.jpg,4719256_1.jpg
93,2286552_0.jpg,2286552_1.jpg,2286552_2.jpg,2286552_3.jpg,4719256_0.jpg,619948_0.jpg,6159559_0.jpg,3174536_0.jpg,3894379_1.jpg,4719256_1.jpg
94,2292197_0.jpg,2292197_2.jpg,868312_0.jpg,2292197_1.jpg,2292197_3.jpg,6080959_2.jpg,6080959_0.jpg,2771913_0.jpg,739325_0.jpg,1625168_0.jpg
95,2292197_1.jpg,2292197_3.jpg,868312_0.jpg,2292197_0.jpg,2292197_2.jpg,1170894_0.jpg,2797132_1.jpg,3174536_1.jpg,1170894_1.jpg,2797132_0.jpg
96,2292197_0.jpg,2292197_2.jpg,868312_0.jpg,2292197_1.jpg,2292197_3.jpg,6080959_2.jpg,6080959_0.jpg,2771913_0.jpg,739325_0.jpg,1625168_0.jpg
97,2292197_1.jpg,2292197_3.jpg,868312_0.jpg,2292197_0.jpg,2292197_2.jpg,1170894_0.jpg,2797132_1.jpg,3174536_1.jpg,1170894_1.jpg,2797132_0.jpg
98,230100_0.jpg,948745_2.jpg,6357292_2.jpg,3766409_2.jpg,5805839_2.jpg,417077_2.jpg,263977_0.jpg,263977_1.jpg,5430819_1.jpg,5057350_2.jpg
99,2348333_0.jpg,1527720_0.jpg,1794510_0.jpg,1306638_1.jpg,1306638_0.jpg,5456115_2.jpg,1926078_0.jpg,3080655_0.jpg,3391830_3.jpg,2271854_1.jpg
100,238420_0.jpg,2601997_0.jpg,3785080_0.jpg,2283033_1.jpg,2249413_0.jpg,6505789_0.jpg,2795694_0.jpg,917099_0.jpg,4530827_0.jpg,1679426_1.jpg
101,238697_0.jpg,664385_0.jpg,2795694_0.jpg,4530827_0.jpg,5692853_0.jpg,2601997_0.jpg,766234_0.jpg,5531218_0.jpg,5076193_0.jpg,2249413_0.jpg
102,238697_1.jpg,664385_1.jpg,5326936_2.jpg,5456115_3.jpg,3061333_2.jpg,417077_1.jpg,948745_1.jpg,6357292_1.jpg,3174536_0.jpg,6019869_0.jpg
103,238697_2.jpg,664385_2.jpg,2614187_2.jpg,2797132_0.jpg,3894379_1.jpg,1707110_1.jpg,3894379_2.jpg,3007801_1.jpg,1926144_1.jpg,263977_2.jpg
104,2393473_0.jpg,4146518_0.jpg,4146518_2.jpg,4146518_1.jpg,3080655_0.jpg,1926078_0.jpg,5651469_1.jpg,5651469_0.jpg,6416356_0.jpg,5456115_3.jpg
105,2396442_0.jpg,766234_0.jpg,263977_2.jpg,664385_2.jpg,2070927_0.jpg,3391830_3.jpg,1111645_0.jpg,1679426_0.jpg,3017986_0.jpg,238697_2.jpg
106,2445924_0.jpg,684408_1.jpg,2261625_0.jpg,664385_2.jpg,238697_2.jpg,436356_0.jpg,1926078_0.jpg,5879123_0.jpg,2857595_0.jpg,2719924_0.jpg
107,2450505_0.jpg,5630226_0.jpg,684408_0.jpg,684408_2.jpg,684408_1.jpg,261890_1.jpg,958266_0.jpg,261890_0.jpg,1238122_1.jpg,3017986_0.jpg
108,2503614_0.jpg,3123386_0.jpg,698940_0.jpg,4412540_0.jpg,4391117_0.jpg,4636037_0.jpg,917099_0.jpg,6505789_0.jpg,2755487_0.jpg,5101613_0.jpg
109,2524410_0.jpg,2524410_1.jpg,958266_0.jpg,684408_1.jpg,261890_0.jpg,261890_1.jpg,2857595_0.jpg,5583834_0.jpg,5630226_2.jpg,684408_2.jpg
110,2524410_1.jpg,2524410_0.jpg,684408_1.jpg,261890_1.jpg,261890_0.jpg,5583834_0.jpg,684408_2.jpg,958266_0.jpg,5630226_2.jpg,1238122_0.jpg
111,2527501_0.jpg,6147917_0.jpg,6143573_1.jpg,6652881_0.jpg,698940_0.jpg,2249413_0.jpg,3825793_0.jpg,2614187_1.jpg,510802_0.jpg,5794695_1.jpg
112,2539075_0.jpg,3548744_0.jpg,3315255_0.jpg,3315255_1.jpg,3315255_3.jpg,3315255_2.jpg,5749819_0.jpg,1625168_1.jpg,3174536_1.jpg,1456671_0.jpg
113,2565742_0.jpg,5794695_0.jpg,4063433_0.jpg,1576123_0.jpg,1707110_0.jpg,2565742_1.jpg,6203447_0.jpg,3929938_1.jpg,2614187_0.jpg,5794695_1.jpg
114,2565742_1.jpg,3323925_0.jpg,5794695_1.jpg,1576123_1.jpg,4063433_1.jpg,1707110_1.jpg,6621993_1.jpg,2565742_0.jpg,5939231_1.jpg,5692853_0.jpg
115,2565742_2.jpg,4063433_2.jpg,1576123_2.jpg,5939231_2.jpg,3323925_1.jpg,1707110_2.jpg,5794695_2.jpg,1707110_1.jpg,664385_2.jpg,238697_2.jpg
116,2601997_0.jpg,2795694_0.jpg,4530827_0.jpg,2249413_0.jpg,6652881_0.jpg,766234_0.jpg,238420_0.jpg,5692853_0.jpg,6505789_0.jpg,6147917_0.jpg
117,2614187_0.jpg,6203447_0.jpg,1707110_0.jpg,2614187_1.jpg,5939231_0.jpg,6143573_0.jpg,2565742_0.jpg,3929938_1.jpg,3061333_0.jpg,5794695_0.jpg
118,2614187_1.jpg,6203447_1.jpg,6143573_1.jpg,2614187_0.jpg,5939231_1.jpg,1707110_1.jpg,2249413_0.jpg,2527501_0.jpg,6147917_0.jpg,1211240_0.jpg
119,2614187_2.jpg,238697_2.jpg,664385_2.jpg,263977_2.jpg,3518216_2.jpg,5057350_2.jpg,598876_1.jpg,3779080_0.jpg,5430819_1.jpg,5755533_1.jpg
120,261890_0.jpg,261890_1.jpg,684408_2.jpg,684408_1.jpg,958266_0.jpg,5630226_0.jpg,2524410_1.jpg,684408_0.jpg,5630226_2.jpg,5583834_0.jpg
121,261890_1.jpg,261890_0.jpg,684408_2.jpg,684408_1.jpg,958266_0.jpg,5630226_0.jpg,2524410_1.jpg,684408_0.jpg,5630226_2.jpg,2450505_0.jpg
122,263977_0.jpg,3061333_0.jpg,6143573_0.jpg,5939231_0.jpg,6203447_0.jpg,2614187_0.jpg,2565742_0.jpg,263977_1.jpg,1576123_0.jpg,4063433_0.jpg
123,263977_1.jpg,3061333_1.jpg,698940_0.jpg,6143573_1.jpg,1576123_1.jpg,4063433_1.jpg,6652881_0.jpg,3825793_0.jpg,5076193_0.jpg,3592570_1.jpg
124,263977_2.jpg,3061333_2.jpg,2614187_2.jpg,6203447_0.jpg,6359436_1.jpg,263977_0.jpg,6249716_0.jpg,35231_1.jpg,6266970_0.jpg,3894379_2.jpg
125,2641262_0.jpg,2503614_0.jpg,5749819_0.jpg,5048970_1.jpg,2539075_0.jpg,1211240_1.jpg,3761227_1.jpg,3123386_0.jpg,3169236_1.jpg,698940_0.jpg
126,2641262_1.jpg,5048970_1.jpg,1211240_1.jpg,3761227_1.jpg,35231_0.jpg,3548744_0.jpg,3315255_2.jpg,3315255_1.jpg,3315255_3.jpg,3315255_0.jpg
127,2719924_0.jpg,4985872_0.jpg,3007801_1.jpg,1926144_1.jpg,2857595_0.jpg,1360443_0.jpg,451241_0.jpg,5871960_0.jpg,194493_1.jpg,6622602_0.jpg
128,2721276_0.jpg,3945315_0.jpg,6505789_0.jpg,766234_0.jpg,698940_1.jpg,2283033_1.jpg,1679426_1.jpg,1864536_0.jpg,2601997_0.jpg,4530827_0.jpg
129,2728604_0.jpg,5692853_0.jpg,3785080_0.jpg,2249413_0.jpg,2283033_1.jpg,1679426_1.jpg,2601997_0.jpg,698940_1.jpg,4063433_1.jpg,1576123_1.jpg
130,2755487_0.jpg,4391117_0.jpg,4412540_0.jpg,5101613_0.jpg,4636037_0.jpg,1082183_0.jpg,698940_1.jpg,1456671_0.jpg,395560_0.jpg,2503614_0.jpg
131,2771913_0.jpg,1625168_0.jpg,739325_0.jpg,6080959_2.jpg,6080959_0.jpg,2292197_2.jpg,2292197_0.jpg,1456671_0.jpg,395560_0.jpg,1082183_0.jpg
132,2771913_1.jpg,1625168_1.jpg,739325_1.jpg,6048512_0.jpg,2797132_0.jpg,4719256_1.jpg,6159559_1.jpg,3174536_1.jpg,2008369_1.jpg,2797132_1.jpg
133,2774373_0.jpg,1129805_0.jpg,2904649_0.jpg,6676540_0.jpg,2110425_0.jpg,1951631_0.jpg,5755533_1.jpg,5057350_2.jpg,3779080_0.jpg,5430819_1.jpg
134,2775357_0.jpg,2775357_1.jpg,2775357_2.jpg,2775357_3.jpg,17126_3.jpg,5451882_1.jpg,4022765_1.jpg,1473075_1.jpg,6532298_1.jpg,6532298_0.jpg
135,2775357_0.jpg,2775357_1.jpg,2775357_2.jpg,2775357_3.jpg,17126_3.jpg,5451882_1.jpg,4022765_1.jpg,1473075_1.jpg,6532298_1.jpg,6532298_0.jpg
136,2775357_0.jpg,2775357_1.jpg,2775357_2.jpg,2775357_3.jpg,17126_3.jpg,5451882_1.jpg,4022765_1.jpg,1473075_1.jpg,6532298_1.jpg,6532298_0.jpg
137,2775357_0.jpg,2775357_1.jpg,2775357_2.jpg,2775357_3.jpg,17126_3.jpg,5451882_1.jpg,4022765_1.jpg,1473075_1.jpg,6532298_1.jpg,6532298_0.jpg
138,2780180_0.jpg,2780180_2.jpg,5586792_0.jpg,674194_0.jpg,2780180_1.jpg,5879123_0.jpg,674194_1.jpg,1088984_0.jpg,3432903_1.jpg,4397251_1.jpg
139,2780180_1.jpg,5879123_0.jpg,2780180_2.jpg,1417301_0.jpg,1527720_0.jpg,2219063_3.jpg,3080655_0.jpg,1527720_1.jpg,5456115_2.jpg,5023985_0.jpg
140,2780180_2.jpg,2780180_3.jpg,2780180_1.jpg,5879123_0.jpg,1527720_0.jpg,5630226_2.jpg,130374_0.jpg,6622602_0.jpg,1794510_0.jpg,5586792_0.jpg
141,2780180_3.jpg,2780180_2.jpg,2348333_0.jpg,3243359_3.jpg,3391830_3.jpg,4489130_0.jpg,4221663_3.jpg,2539075_0.jpg,1794510_0.jpg,4905153_1.jpg
142,2795694_0.jpg,2601997_0.jpg,4530827_0.jpg,5692853_0.jpg,664385_0.jpg,766234_0.jpg,6652881_0.jpg,238420_0.jpg,2249413_0.jpg,5531218_0.jpg
143,2797132_0.jpg,2797132_1.jpg,6080959_3.jpg,6080959_1.jpg,1170894_0.jpg,1170894_1.jpg,6080959_0.jpg,6080959_2.jpg,4719256_1.jpg,3174536_1.jpg
144,2797132_1.jpg,6080959_1.jpg,6080959_3.jpg,2797132_0.jpg,1170894_1.jpg,1170894_0.jpg,2292197_1.jpg,2292197_3.jpg,3174536_1.jpg,4719256_1.jpg
145,2848048_0.jpg,2249413_0.jpg,3592570_1.jpg,3929938_0.jpg,5531218_0.jpg,5962041_0.jpg,2283033_1.jpg,1679426_1.jpg,6621993_1.jpg,3323925_0.jpg
146,4418633_0.jpg,2853133_0.jpg,3996265_0.jpg,5669633_0.jpg,1076297_0.jpg,4768716_0.jpg,6460827_0.jpg,5755533_0.jpg,4024812_0.jpg,1613848_0.jpg
147,2857595_0.jpg,5879123_0.jpg,674194_1.jpg,2719924_0.jpg,194493_1.jpg,194493_0.jpg,684408_1.jpg,6622602_0.jpg,958266_0.jpg,1926078_0.jpg
148,2894006_0.jpg,868312_0.jpg,2539075_0.jpg,2008369_0.jpg,2008369_1.jpg,6159559_0.jpg,3315255_2.jpg,3315255_3.jpg,3315255_0.jpg,3315255_1.jpg
149,6676540_0.jpg,2904649_0.jpg,1129805_0.jpg,2774373_0.jpg,2110425_0.jpg,1951631_0.jpg,5755533_1.jpg,5057350_2.jpg,3779080_0.jpg,5430819_1.jpg
150,3001626_0.jpg,5299557_1.jpg,5755533_1.jpg,3728824_0.jpg,1416105_0.jpg,4209522_0.jpg,6357292_2.jpg,5805839_2.jpg,417077_2.jpg,3766409_2.jpg
151,3007801_0.jpg,1926144_0.jpg,567729_0.jpg,1416105_0.jpg,4209522_0.jpg,3728824_0.jpg,5755533_1.jpg,6460827_0.jpg,5755533_0.jpg,6359436_2.jpg
152,1926144_1.jpg,3007801_1.jpg,2165012_1.jpg,4985872_0.jpg,2614187_2.jpg,664385_2.jpg,2719924_0.jpg,2797132_0.jpg,238697_2.jpg,2797132_1.jpg
153,3017986_0.jpg,5299557_0.jpg,5299557_1.jpg,3779080_2.jpg,5430819_0.jpg,598876_0.jpg,5057350_0.jpg,3518216_0.jpg,3017986_1.jpg,5430819_2.jpg
154,3017986_1.jpg,3017986_0.jpg,4037153_0.jpg,5127422_0.jpg,3235516_0.jpg,3518216_2.jpg,598876_1.jpg,5430819_1.jpg,5057350_2.jpg,3779080_0.jpg
155,3061333_0.jpg,263977_0.jpg,3061333_1.jpg,6143573_0.jpg,5939231_0.jpg,2614187_0.jpg,263977_1.jpg,1707110_0.jpg,6203447_0.jpg,2565742_0.jpg
156,3061333_1.jpg,263977_1.jpg,3061333_0.jpg,6652881_0.jpg,698940_0.jpg,6143573_1.jpg,2565742_1.jpg,1211240_0.jpg,1576123_1.jpg,4063433_1.jpg
157,3061333_2.jpg,263977_2.jpg,35231_1.jpg,6266970_0.jpg,948745_1.jpg,417077_1.jpg,6357292_1.jpg,2797132_0.jpg,417077_0.jpg,948745_0.jpg
158,3080655_0.jpg,5651469_0.jpg,5651469_1.jpg,1926078_0.jpg,4146518_2.jpg,4146518_1.jpg,4146518_0.jpg,2393473_0.jpg,5326936_3.jpg,506662_3.jpg
159,3123386_0.jpg,2503614_0.jpg,698940_0.jpg,263977_1.jpg,2539075_0.jpg,5165978_0.jpg,4063433_1.jpg,1576123_1.jpg,4412540_0.jpg,4285581_0.jpg
160,3154838_0.jpg,1111645_0.jpg,3929938_0.jpg,2283033_1.jpg,3785080_0.jpg,1679426_1.jpg,698940_0.jpg,917099_0.jpg,6007737_0.jpg,698940_1.jpg
161,3169236_0.jpg,3169236_1.jpg,2601997_0.jpg,1456671_0.jpg,1046233_0.jpg,510802_0.jpg,734879_1.jpg,734879_0.jpg,698940_1.jpg,395560_0.jpg
162,3169236_1.jpg,3169236_0.jpg,2601997_0.jpg,1456671_0.jpg,510802_0.jpg,1046233_0.jpg,698940_1.jpg,734879_1.jpg,734879_0.jpg,395560_0.jpg
163,3174536_0.jpg,619948_0.jpg,4719256_0.jpg,2286552_1.jpg,2286552_3.jpg,2286552_0.jpg,2286552_2.jpg,6159559_0.jpg,3174536_1.jpg,2008369_0.jpg
164,3174536_1.jpg,6048512_0.jpg,619948_1.jpg,6159559_1.jpg,4719256_1.jpg,739325_1.jpg,1170894_1.jpg,1625168_1.jpg,2797132_0.jpg,2292197_1.jpg
165,5127422_0.jpg,3235516_0.jpg,6700634_0.jpg,5276268_0.jpg,5299557_1.jpg,5755533_1.jpg,3017986_0.jpg,3518216_0.jpg,3779080_2.jpg,5430819_0.jpg
166,3240637_0.jpg,3240637_1.jpg,5451882_1.jpg,6532298_2.jpg,6532298_0.jpg,6532298_3.jpg,6532298_1.jpg,5165978_0.jpg,2539075_0.jpg,739325_1.jpg
167,3240637_1.jpg,3240637_0.jpg,553331_0.jpg,2539075_0.jpg,6048512_0.jpg,5165978_0.jpg,739325_1.jpg,6483073_0.jpg,6159559_1.jpg,698940_0.jpg
168,3243359_0.jpg,4221663_0.jpg,4905153_0.jpg,5326936_0.jpg,4386407_0.jpg,506662_0.jpg,4905153_1.jpg,4386407_1.jpg,4221663_2.jpg,5326936_2.jpg
169,3243359_1.jpg,5326936_2.jpg,4221663_2.jpg,5456115_3.jpg,4386407_1.jpg,238697_1.jpg,3061333_2.jpg,4905153_1.jpg,3243359_0.jpg,1370619_0.jpg
170,5326936_1.jpg,4386407_3.jpg,506662_2.jpg,4221663_1.jpg,4905153_2.jpg,3243359_2.jpg,6621993_0.jpg,3592570_0.jpg,5962041_0.jpg,3592570_1.jpg
171,3243359_3.jpg,4905153_1.jpg,506662_1.jpg,4221663_3.jpg,4221663_2.jpg,3243359_0.jpg,3243359_1.jpg,2894006_0.jpg,3007801_1.jpg,1926144_1.jpg
172,3315255_0.jpg,3315255_1.jpg,3315255_2.jpg,3315255_3.jpg,619948_1.jpg,2539075_0.jpg,1625168_1.jpg,3548744_0.jpg,6048512_0.jpg,6159559_1.jpg
173,3315255_0.jpg,3315255_1.jpg,3315255_2.jpg,3315255_3.jpg,619948_1.jpg,2539075_0.jpg,1625168_1.jpg,3548744_0.jpg,6048512_0.jpg,6159559_1.jpg
174,3315255_0.jpg,3315255_1.jpg,3315255_2.jpg,3315255_3.jpg,619948_1.jpg,2539075_0.jpg,1625168_1.jpg,3548744_0.jpg,6048512_0.jpg,6159559_1.jpg
175,3315255_0.jpg,3315255_1.jpg,3315255_2.jpg,3315255_3.jpg,619948_1.jpg,2539075_0.jpg,1625168_1.jpg,3548744_0.jpg,6048512_0.jpg,6159559_1.jpg
176,3323925_0.jpg,5794695_1.jpg,2565742_1.jpg,1576123_1.jpg,4063433_1.jpg,5692853_0.jpg,5794695_0.jpg,6621993_1.jpg,6143573_1.jpg,3825793_0.jpg
177,3323925_1.jpg,5794695_2.jpg,4063433_2.jpg,1576123_2.jpg,2565742_2.jpg,1707110_2.jpg,5939231_2.jpg,1707110_1.jpg,230100_0.jpg,263977_1.jpg
178,3391830_0.jpg,3945315_0.jpg,6203447_1.jpg,2614187_1.jpg,510802_0.jpg,2721276_0.jpg,1864536_0.jpg,2614187_0.jpg,6505789_0.jpg,238420_0.jpg
179,3391830_1.jpg,263977_1.jpg,3061333_1.jpg,4063433_1.jpg,1576123_1.jpg,3825793_0.jpg,6652881_0.jpg,3323925_1.jpg,5165978_0.jpg,3950161_0.jpg
180,3391830_2.jpg,3391830_3.jpg,3315255_1.jpg,3315255_3.jpg,3315255_0.jpg,3315255_2.jpg,3548744_0.jpg,1111645_0.jpg,451241_2.jpg,3432903_2.jpg
181,3391830_3.jpg,3391830_2.jpg,3996629_0.jpg,4530827_0.jpg,5531218_0.jpg,1111645_0.jpg,5076193_0.jpg,3592570_1.jpg,3315255_0.jpg,3315255_3.jpg
182,3432903_0.jpg,451241_0.jpg,1478575_0.jpg,451241_1.jpg,1794510_0.jpg,4985872_0.jpg,3432903_1.jpg,506662_1.jpg,3007801_1.jpg,1926144_1.jpg
183,3432903_1.jpg,451241_1.jpg,3432903_0.jpg,451241_0.jpg,2719924_0.jpg,1478575_0.jpg,2445924_0.jpg,4985872_0.jpg,684408_1.jpg,506662_1.jpg
184,451241_2.jpg,3432903_2.jpg,2641262_1.jpg,6159559_1.jpg,3315255_1.jpg,3315255_0.jpg,3315255_2.jpg,3315255_3.jpg,3391830_2.jpg,3761227_1.jpg
185,3445765_0.jpg,3518216_2.jpg,598876_1.jpg,5430819_1.jpg,3779080_0.jpg,5057350_2.jpg,5299557_1.jpg,3518216_0.jpg,5430819_0.jpg,5057350_0.jpg
186,598876_0.jpg,5057350_0.jpg,5430819_0.jpg,3779080_2.jpg,3518216_0.jpg,5805839_1.jpg,3766409_1.jpg,5299557_1.jpg,6357292_1.jpg,417077_1.jpg
187,5057350_1.jpg,3518216_1.jpg,3779080_1.jpg,598876_2.jpg,5430819_2.jpg,5805839_0.jpg,3766409_0.jpg,417077_0.jpg,948745_0.jpg,6357292_0.jpg
188,5430819_1.jpg,3779080_0.jpg,3518216_2.jpg,5057350_2.jpg,598876_1.jpg,5299557_2.jpg,3766409_2.jpg,6357292_2.jpg,5805839_2.jpg,417077_2.jpg
189,35231_0.jpg,35231_1.jpg,6266970_0.jpg,3315255_3.jpg,3315255_2.jpg,3315255_0.jpg,3315255_1.jpg,2641262_1.jpg,6249716_0.jpg,3548744_0.jpg
190,35231_1.jpg,6266970_0.jpg,35231_0.jpg,6080959_2.jpg,6080959_0.jpg,3061333_2.jpg,2797132_0.jpg,6249716_0.jpg,4719256_0.jpg,619948_0.jpg
191,3548744_0.jpg,2539075_0.jpg,3315255_0.jpg,3315255_1.jpg,3315255_3.jpg,3315255_2.jpg,5749819_0.jpg,1625168_1.jpg,739325_1.jpg,6080959_2.jpg
192,3560786_0.jpg,698940_1.jpg,4391117_0.jpg,4207944_0.jpg,2755487_0.jpg,6007737_0.jpg,4636037_0.jpg,5101613_0.jpg,395560_0.jpg,4412540_0.jpg
193,3588850_0.jpg,4411723_1.jpg,5451882_1.jpg,1473075_1.jpg,4022765_1.jpg,17126_3.jpg,6532298_3.jpg,6532298_2.jpg,6532298_1.jpg,6532298_0.jpg
194,3592570_0.jpg,6621993_0.jpg,5962041_0.jpg,3592570_1.jpg,5531218_0.jpg,5237851_0.jpg,1422091_0.jpg,5076193_0.jpg,6621993_1.jpg,1211240_0.jpg
195,3592570_1.jpg,5962041_0.jpg,5531218_0.jpg,6621993_1.jpg,5076193_0.jpg,5237851_0.jpg,1422091_0.jpg,1576123_1.jpg,4063433_1.jpg,5692853_0.jpg
196,3702548_0.jpg,6652881_0.jpg,6159559_0.jpg,4719256_0.jpg,3894379_1.jpg,3174536_0.jpg,2286552_0.jpg,2286552_2.jpg,2286552_3.jpg,2286552_1.jpg
197,3728824_0.jpg,4209522_0.jpg,1416105_0.jpg,3007801_0.jpg,1926144_0.jpg,5755533_1.jpg,3779080_2.jpg,3518216_0.jpg,5057350_0.jpg,5430819_0.jpg
198,3761227_0.jpg,1211240_0.jpg,5076193_0.jpg,1707110_1.jpg,5939231_1.jpg,6143573_1.jpg,5880137_0.jpg,1576123_1.jpg,4063433_1.jpg,2565742_1.jpg
199,1211240_1.jpg,3761227_1.jpg,5048970_1.jpg,2641262_1.jpg,2539075_0.jpg,1456671_0.jpg,3315255_2.jpg,3315255_3.jpg,3315255_1.jpg,3315255_0.jpg
200,3766409_0.jpg,5805839_0.jpg,5430819_2.jpg,598876_2.jpg,5057350_1.jpg,3779080_1.jpg,3518216_1.jpg,417077_0.jpg,948745_0.jpg,6357292_0.jpg
201,5805839_1.jpg,3766409_1.jpg,417077_1.jpg,6357292_1.jpg,948745_1.jpg,5430819_0.jpg,3779080_2.jpg,598876_0.jpg,5057350_0.jpg,3518216_0.jpg
202,5805839_2.jpg,417077_2.jpg,3766409_2.jpg,948745_2.jpg,6357292_2.jpg,3779080_0.jpg,598876_1.jpg,3518216_2.jpg,5430819_1.jpg,5057350_2.jpg
203,5430819_1.jpg,3779080_0.jpg,3518216_2.jpg,5057350_2.jpg,598876_1.jpg,5299557_2.jpg,3766409_2.jpg,6357292_2.jpg,5805839_2.jpg,417077_2.jpg
204,5057350_1.jpg,3518216_1.jpg,3779080_1.jpg,598876_2.jpg,5430819_2.jpg,5805839_0.jpg,3766409_0.jpg,417077_0.jpg,948745_0.jpg,6357292_0.jpg
205,598876_0.jpg,5057350_0.jpg,5430819_0.jpg,3779080_2.jpg,3518216_0.jpg,5805839_1.jpg,3766409_1.jpg,5299557_1.jpg,6357292_1.jpg,417077_1.jpg
206,3785080_0.jpg,6266112_0.jpg,698940_0.jpg,2728604_0.jpg,3154838_0.jpg,238420_0.jpg,5692853_0.jpg,917099_0.jpg,2283033_1.jpg,2527501_0.jpg
207,3809087_0.jpg,6019869_0.jpg,6416356_0.jpg,5456115_3.jpg,5456115_2.jpg,1926078_0.jpg,948745_1.jpg,6357292_1.jpg,417077_1.jpg,6359436_1.jpg
208,3820267_0.jpg,6532298_1.jpg,6532298_0.jpg,6532298_2.jpg,6532298_3.jpg,5451882_1.jpg,4022765_1.jpg,5494334_1.jpg,1473075_1.jpg,17126_3.jpg
209,3825793_0.jpg,6652881_0.jpg,6143573_1.jpg,5794695_1.jpg,2527501_0.jpg,263977_1.jpg,1579564_0.jpg,3323925_0.jpg,4063433_1.jpg,1576123_1.jpg
210,3834622_0.jpg,6159559_0.jpg,3391830_3.jpg,6483073_0.jpg,3391830_2.jpg,2286552_3.jpg,2286552_0.jpg,2286552_2.jpg,2286552_1.jpg,664385_1.jpg
211,3894379_0.jpg,3894379_1.jpg,6159559_0.jpg,4719256_0.jpg,1692871_0.jpg,2286552_2.jpg,2286552_3.jpg,2286552_1.jpg,2286552_0.jpg,619948_0.jpg
212,3894379_1.jpg,3894379_0.jpg,6159559_0.jpg,4719256_0.jpg,2286552_3.jpg,2286552_0.jpg,2286552_1.jpg,2286552_2.jpg,619948_0.jpg,664385_2.jpg
213,3894379_2.jpg,3445765_0.jpg,5299557_1.jpg,3017986_0.jpg,3779080_0.jpg,598876_1.jpg,5430819_1.jpg,5057350_2.jpg,3518216_2.jpg,5299557_0.jpg
214,3929938_0.jpg,1679426_1.jpg,2283033_1.jpg,3929938_1.jpg,3154838_0.jpg,5692853_0.jpg,6652881_0.jpg,2848048_0.jpg,1111645_0.jpg,3592570_1.jpg
215,3929938_1.jpg,1679426_0.jpg,3929938_0.jpg,2283033_0.jpg,2565742_0.jpg,1576123_0.jpg,4063433_0.jpg,5794695_0.jpg,2614187_0.jpg,6143573_0.jpg
216,3945315_0.jpg,6505789_0.jpg,2721276_0.jpg,766234_0.jpg,2283033_1.jpg,1679426_1.jpg,1864536_0.jpg,698940_1.jpg,2503614_0.jpg,698940_0.jpg
217,3950161_0.jpg,1082183_0.jpg,395560_0.jpg,1456671_0.jpg,2755487_0.jpg,2539075_0.jpg,698940_0.jpg,698940_1.jpg,4412540_0.jpg,5101613_0.jpg
218,395560_0.jpg,1456671_0.jpg,1082183_0.jpg,3950161_0.jpg,6080959_0.jpg,6080959_2.jpg,2755487_0.jpg,6159559_0.jpg,2539075_0.jpg,698940_1.jpg
219,3996265_0.jpg,1076297_0.jpg,5669633_0.jpg,4768716_0.jpg,2853133_0.jpg,4418633_0.jpg,4024812_0.jpg,6359436_1.jpg,6460827_0.jpg,5755533_0.jpg
220,3996629_0.jpg,5240612_0.jpg,3391830_3.jpg,4530827_0.jpg,1579564_0.jpg,3825793_0.jpg,6652881_0.jpg,5076193_0.jpg,2601997_0.jpg,1420572_0.jpg
221,4022765_0.jpg,1473075_0.jpg,5451882_0.jpg,5494334_0.jpg,4022765_1.jpg,4411723_0.jpg,1473075_1.jpg,17126_3.jpg,5451882_1.jpg,6532298_0.jpg
222,4022765_1.jpg,1473075_1.jpg,17126_3.jpg,4022765_0.jpg,3588850_0.jpg,5451882_1.jpg,5494334_1.jpg,6532298_2.jpg,6532298_1.jpg,6532298_0.jpg
223,4024812_0.jpg,5755533_1.jpg,3779080_0.jpg,5057350_2.jpg,598876_1.jpg,5430819_1.jpg,3518216_2.jpg,4418633_0.jpg,2853133_0.jpg,5755533_0.jpg
224,402546_0.jpg,5399576_0.jpg,1417301_1.jpg,4905153_3.jpg,4386407_2.jpg,5326936_3.jpg,506662_3.jpg,2857595_0.jpg,3080655_0.jpg,1926078_0.jpg
225,4037153_0.jpg,3017986_0.jpg,3017986_1.jpg,5299557_0.jpg,5430819_2.jpg,598876_2.jpg,3779080_1.jpg,5057350_1.jpg,3518216_1.jpg,3518216_0.jpg
226,4053068_0.jpg,6359436_2.jpg,5755533_1.jpg,3766409_2.jpg,6357292_2.jpg,948745_2.jpg,5805839_2.jpg,417077_2.jpg,5299557_2.jpg,6460827_0.jpg
227,4063433_0.jpg,1576123_0.jpg,2565742_0.jpg,5794695_0.jpg,4063433_1.jpg,1576123_1.jpg,3929938_1.jpg,1707110_0.jpg,2614187_0.jpg,1679426_0.jpg
228,4063433_1.jpg,1576123_1.jpg,3323925_0.jpg,2565742_1.jpg,5794695_1.jpg,3592570_1.jpg,6621993_1.jpg,1707110_1.jpg,5076193_0.jpg,5531218_0.jpg
229,1576123_2.jpg,4063433_2.jpg,3323925_1.jpg,2565742_2.jpg,1707110_2.jpg,5794695_2.jpg,5939231_2.jpg,1707110_1.jpg,3001626_0.jpg,263977_2.jpg
230,4146518_1.jpg,4146518_0.jpg,4146518_2.jpg,2393473_0.jpg,1926078_0.jpg,3080655_0.jpg,5651469_1.jpg,5651469_0.jpg,6416356_0.jpg,1417301_1.jpg
231,4146518_1.jpg,4146518_0.jpg,4146518_2.jpg,2393473_0.jpg,1926078_0.jpg,3080655_0.jpg,5651469_1.jpg,5651469_0.jpg,6416356_0.jpg,1417301_1.jpg
232,4146518_1.jpg,4146518_0.jpg,4146518_2.jpg,2393473_0.jpg,1926078_0.jpg,3080655_0.jpg,5651469_1.jpg,5651469_0.jpg,6416356_0.jpg,1417301_1.jpg
233,417077_0.jpg,948745_0.jpg,6357292_0.jpg,3766409_0.jpg,5805839_0.jpg,598876_2.jpg,5430819_2.jpg,5057350_1.jpg,3779080_1.jpg,3518216_1.jpg
234,417077_1.jpg,948745_1.jpg,6357292_1.jpg,3766409_1.jpg,5805839_1.jpg,3518216_0.jpg,598876_0.jpg,5057350_0.jpg,5430819_0.jpg,3779080_2.jpg
235,5805839_2.jpg,417077_2.jpg,3766409_2.jpg,948745_2.jpg,6357292_2.jpg,3779080_0.jpg,598876_1.jpg,3518216_2.jpg,5430819_1.jpg,5057350_2.jpg
236,4207789_0.jpg,5897501_0.jpg,3588850_0.jpg,4411723_1.jpg,4022765_1.jpg,5451882_1.jpg,2775357_2.jpg,2775357_3.jpg,2775357_1.jpg,2775357_0.jpg
237,4207944_0.jpg,6007737_0.jpg,6438372_0.jpg,6438372_1.jpg,698940_1.jpg,3560786_0.jpg,3945315_0.jpg,3785080_0.jpg,4391117_0.jpg,698940_0.jpg
238,3728824_0.jpg,4209522_0.jpg,1416105_0.jpg,3007801_0.jpg,1926144_0.jpg,5755533_1.jpg,3779080_2.jpg,3518216_0.jpg,5057350_0.jpg,5430819_0.jpg
239,4221663_0.jpg,3243359_0.jpg,4386407_0.jpg,4905153_0.jpg,5326936_0.jpg,506662_0.jpg,4905153_1.jpg,4386407_1.jpg,4221663_3.jpg,506662_1.jpg
240,5326936_1.jpg,4386407_3.jpg,506662_2.jpg,4221663_1.jpg,4905153_2.jpg,3243359_2.jpg,6621993_0.jpg,3592570_0.jpg,5962041_0.jpg,3592570_1.jpg
241,4221663_2.jpg,3243359_1.jpg,5326936_2.jpg,4905153_1.jpg,2539075_0.jpg,5456115_3.jpg,2271854_1.jpg,4386407_1.jpg,3174536_1.jpg,3243359_0.jpg
242,4221663_3.jpg,4905153_1.jpg,506662_1.jpg,3243359_3.jpg,2539075_0.jpg,4221663_2.jpg,4221663_0.jpg,4905153_0.jpg,3243359_0.jpg,2719924_0.jpg
243,4285581_0.jpg,5749819_0.jpg,917099_0.jpg,2008369_1.jpg,2539075_0.jpg,3123386_0.jpg,5165978_0.jpg,2503614_0.jpg,3174536_1.jpg,1170894_0.jpg
244,436356_0.jpg,5583834_0.jpg,5571423_0.jpg,958266_0.jpg,1238122_1.jpg,684408_1.jpg,1527720_2.jpg,3061333_2.jpg,1527720_1.jpg,2261625_0.jpg
245,4386407_0.jpg,4905153_0.jpg,5326936_0.jpg,4221663_0.jpg,3243359_0.jpg,506662_0.jpg,4386407_1.jpg,4905153_1.jpg,2271854_1.jpg,4221663_3.jpg
246,4386407_1.jpg,5326936_0.jpg,4386407_0.jpg,4905153_0.jpg,5605151_0.jpg,5326936_2.jpg,506662_0.jpg,4221663_2.jpg,4221663_0.jpg,3243359_0.jpg
247,4386407_2.jpg,4905153_3.jpg,5326936_3.jpg,506662_3.jpg,1417301_1.jpg,3080655_0.jpg,1527720_0.jpg,5651469_0.jpg,5651469_1.jpg,1926078_0.jpg
248,5326936_1.jpg,4386407_3.jpg,506662_2.jpg,4221663_1.jpg,4905153_2.jpg,3243359_2.jpg,6621993_0.jpg,3592570_0.jpg,5962041_0.jpg,3592570_1.jpg
249,4391117_0.jpg,4636037_0.jpg,4412540_0.jpg,5101613_0.jpg,2755487_0.jpg,2503614_0.jpg,698940_1.jpg,698940_0.jpg,1082183_0.jpg,2539075_0.jpg
250,4397251_0.jpg,4397251_1.jpg,5794695_0.jpg,2292197_2.jpg,2292197_0.jpg,6112991_0.jpg,3894379_1.jpg,2795694_0.jpg,3894379_0.jpg,1396752_0.jpg
251,4397251_0.jpg,4397251_1.jpg,5794695_0.jpg,2292197_2.jpg,2292197_0.jpg,6112991_0.jpg,3894379_1.jpg,2795694_0.jpg,3894379_0.jpg,1396752_0.jpg
252,4411723_0.jpg,1473075_0.jpg,5451882_0.jpg,4022765_0.jpg,5494334_0.jpg,4411723_1.jpg,1679426_0.jpg,2283033_0.jpg,3588850_0.jpg,1473075_1.jpg
253,4411723_1.jpg,3588850_0.jpg,1473075_1.jpg,17126_3.jpg,5451882_1.jpg,5494334_1.jpg,6532298_3.jpg,6532298_2.jpg,6532298_1.jpg,6532298_0.jpg
254,4412540_0.jpg,4391117_0.jpg,4636037_0.jpg,2755487_0.jpg,5101613_0.jpg,2503614_0.jpg,698940_0.jpg,698940_1.jpg,1082183_0.jpg,3950161_0.jpg
255,4418633_0.jpg,2853133_0.jpg,3996265_0.jpg,5669633_0.jpg,1076297_0.jpg,4768716_0.jpg,6460827_0.jpg,5755533_0.jpg,4024812_0.jpg,1613848_0.jpg
256,4489130_0.jpg,217204_0.jpg,2539075_0.jpg,2008369_1.jpg,868312_0.jpg,3315255_3.jpg,3315255_1.jpg,3315255_2.jpg,3315255_0.jpg,4719256_1.jpg
257,451241_0.jpg,3432903_0.jpg,1478575_0.jpg,4985872_0.jpg,2719924_0.jpg,451241_1.jpg,1360443_0.jpg,1926144_1.jpg,3007801_1.jpg,506662_1.jpg
258,451241_1.jpg,3432903_1.jpg,3432903_0.jpg,451241_0.jpg,2719924_0.jpg,2445924_0.jpg,1478575_0.jpg,4985872_0.jpg,261890_1.jpg,261890_0.jpg
259,451241_2.jpg,3432903_2.jpg,2641262_1.jpg,6159559_1.jpg,3315255_1.jpg,3315255_0.jpg,3315255_2.jpg,3315255_3.jpg,3391830_2.jpg,3761227_1.jpg
260,4530827_0.jpg,2601997_0.jpg,2795694_0.jpg,766234_0.jpg,2283033_1.jpg,6147917_0.jpg,5692853_0.jpg,1679426_1.jpg,238420_0.jpg,3945315_0.jpg
261,4636037_0.jpg,4391117_0.jpg,4412540_0.jpg,5101613_0.jpg,2755487_0.jpg,2503614_0.jpg,698940_1.jpg,698940_0.jpg,1082183_0.jpg,6007737_0.jpg
262,4719256_0.jpg,619948_0.jpg,6159559_0.jpg,2286552_2.jpg,2286552_1.jpg,2286552_3.jpg,2286552_0.jpg,3174536_0.jpg,4719256_1.jpg,3894379_1.jpg
263,4719256_1.jpg,6159559_1.jpg,6048512_0.jpg,619948_1.jpg,3174536_1.jpg,739325_1.jpg,6080959_1.jpg,6080959_3.jpg,1625168_1.jpg,2797132_0.jpg
264,4768716_0.jpg,1076297_0.jpg,5669633_0.jpg,3996265_0.jpg,2853133_0.jpg,4418633_0.jpg,5533514_0.jpg,4024812_0.jpg,6460827_0.jpg,5755533_0.jpg
265,4905153_0.jpg,4386407_0.jpg,5326936_0.jpg,4221663_0.jpg,3243359_0.jpg,4905153_1.jpg,506662_0.jpg,4386407_1.jpg,2271854_1.jpg,1527720_0.jpg
266,4905153_1.jpg,506662_1.jpg,4221663_3.jpg,3243359_3.jpg,4905153_0.jpg,4221663_2.jpg,4221663_0.jpg,3243359_0.jpg,1527720_0.jpg,5326936_0.jpg
267,5326936_1.jpg,4386407_3.jpg,506662_2.jpg,4221663_1.jpg,4905153_2.jpg,3243359_2.jpg,6621993_0.jpg,3592570_0.jpg,5962041_0.jpg,3592570_1.jpg
268,4386407_2.jpg,4905153_3.jpg,5326936_3.jpg,506662_3.jpg,1417301_1.jpg,3080655_0.jpg,1527720_0.jpg,5651469_0.jpg,5651469_1.jpg,1926078_0.jpg
269,4936800_2.jpg,4936800_0.jpg,6581096_0.jpg,263977_0.jpg,2771913_0.jpg,395560_0.jpg,1082183_0.jpg,263977_2.jpg,1625168_0.jpg,1613848_0.jpg
270,4936800_3.jpg,4936800_1.jpg,6581096_1.jpg,2775357_2.jpg,2775357_3.jpg,2775357_1.jpg,2775357_0.jpg,5641105_3.jpg,5641105_2.jpg,5641105_1.jpg
271,4936800_2.jpg,4936800_0.jpg,6581096_0.jpg,263977_0.jpg,2771913_0.jpg,395560_0.jpg,1082183_0.jpg,263977_2.jpg,1625168_0.jpg,1613848_0.jpg
272,4936800_3.jpg,4936800_1.jpg,6581096_1.jpg,2775357_2.jpg,2775357_3.jpg,2775357_1.jpg,2775357_0.jpg,5641105_3.jpg,5641105_2.jpg,5641105_1.jpg
273,4985872_0.jpg,2719924_0.jpg,3007801_1.jpg,1926144_1.jpg,1360443_0.jpg,451241_0.jpg,194493_1.jpg,6359436_1.jpg,2614187_2.jpg,3432903_0.jpg
274,5023985_0.jpg,5630226_2.jpg,1238122_1.jpg,684408_1.jpg,2780180_1.jpg,2261625_0.jpg,2780180_2.jpg,5456115_1.jpg,2524410_1.jpg,5023985_2.jpg
275,5023985_1.jpg,684408_1.jpg,6266112_0.jpg,2445924_0.jpg,5897501_0.jpg,3154838_0.jpg,3929938_1.jpg,3929938_0.jpg,2283033_1.jpg,1111645_0.jpg
276,5023985_2.jpg,1794510_0.jpg,5326936_0.jpg,2780180_1.jpg,5879123_0.jpg,5023985_0.jpg,5630226_2.jpg,5456115_0.jpg,1088984_0.jpg,3243359_0.jpg
277,5048970_0.jpg,5048970_1.jpg,2539075_0.jpg,3761227_1.jpg,1211240_1.jpg,2728604_0.jpg,3169236_0.jpg,2755487_0.jpg,3169236_1.jpg,510802_0.jpg
278,5048970_1.jpg,1211240_1.jpg,3761227_1.jpg,2641262_1.jpg,2539075_0.jpg,1456671_0.jpg,3315255_1.jpg,3315255_2.jpg,3315255_0.jpg,3315255_3.jpg
279,598876_0.jpg,5057350_0.jpg,5430819_0.jpg,3779080_2.jpg,3518216_0.jpg,5805839_1.jpg,3766409_1.jpg,5299557_1.jpg,6357292_1.jpg,417077_1.jpg
280,5057350_1.jpg,3518216_1.jpg,3779080_1.jpg,598876_2.jpg,5430819_2.jpg,5805839_0.jpg,3766409_0.jpg,417077_0.jpg,948745_0.jpg,6357292_0.jpg
281,5430819_1.jpg,3779080_0.jpg,3518216_2.jpg,5057350_2.jpg,598876_1.jpg,5299557_2.jpg,3766409_2.jpg,6357292_2.jpg,5805839_2.jpg,417077_2.jpg
282,506662_0.jpg,4221663_0.jpg,4386407_0.jpg,5326936_0.jpg,4905153_0.jpg,3243359_0.jpg,4386407_1.jpg,5456115_1.jpg,506662_1.jpg,238420_0.jpg
283,506662_1.jpg,4905153_1.jpg,3243359_3.jpg,4221663_3.jpg,451241_0.jpg,2539075_0.jpg,4905153_0.jpg,4221663_0.jpg,3432903_0.jpg,4221663_2.jpg
284,5326936_1.jpg,4386407_3.jpg,506662_2.jpg,4221663_1.jpg,4905153_2.jpg,3243359_2.jpg,6621993_0.jpg,3592570_0.jpg,5962041_0.jpg,3592570_1.jpg
285,4386407_2.jpg,4905153_3.jpg,5326936_3.jpg,506662_3.jpg,1417301_1.jpg,3080655_0.jpg,1527720_0.jpg,5651469_0.jpg,5651469_1.jpg,1926078_0.jpg
286,5076193_0.jpg,3592570_1.jpg,1579564_0.jpg,5962041_0.jpg,6621993_1.jpg,5531218_0.jpg,1576123_1.jpg,4063433_1.jpg,1422091_0.jpg,5794695_1.jpg
287,5101613_0.jpg,4391117_0.jpg,4412540_0.jpg,4636037_0.jpg,2755487_0.jpg,2503614_0.jpg,698940_1.jpg,698940_0.jpg,3950161_0.jpg,1082183_0.jpg
288,510802_0.jpg,917099_0.jpg,2249413_0.jpg,2527501_0.jpg,6147917_0.jpg,1864536_0.jpg,6143573_1.jpg,698940_1.jpg,698940_0.jpg,6505789_0.jpg
289,5127422_0.jpg,3235516_0.jpg,6700634_0.jpg,5276268_0.jpg,5299557_1.jpg,5755533_1.jpg,3017986_0.jpg,3518216_0.jpg,3779080_2.jpg,5430819_0.jpg
290,5165978_0.jpg,2797132_0.jpg,2797132_1.jpg,3174536_1.jpg,1170894_0.jpg,6080959_2.jpg,6080959_0.jpg,6080959_3.jpg,6080959_1.jpg,2008369_1.jpg
291,5219922_0.jpg,130374_3.jpg,5219922_2.jpg,130374_2.jpg,5456115_2.jpg,5326936_2.jpg,5219922_3.jpg,6298920_0.jpg,5219922_1.jpg,1088984_0.jpg
292,5219922_1.jpg,5326936_2.jpg,5219922_0.jpg,5219922_2.jpg,1456671_0.jpg,130374_3.jpg,4221663_2.jpg,5219922_3.jpg,6147917_0.jpg,2527501_0.jpg
293,5219922_2.jpg,130374_3.jpg,5219922_0.jpg,6159559_0.jpg,619948_0.jpg,5456115_2.jpg,3548744_0.jpg,5326936_2.jpg,2539075_0.jpg,130374_2.jpg
294,5219922_3.jpg,5326936_2.jpg,4386407_1.jpg,5219922_0.jpg,4221663_2.jpg,5219922_1.jpg,238697_1.jpg,5456115_2.jpg,5326936_0.jpg,3243359_1.jpg
295,5237851_0.jpg,5962041_0.jpg,1422091_0.jpg,3592570_1.jpg,5531218_0.jpg,6621993_1.jpg,6621993_0.jpg,5076193_0.jpg,1579564_0.jpg,4063433_1.jpg
296,5240612_0.jpg,3996629_0.jpg,821201_0.jpg,5755533_2.jpg,5277036_0.jpg,6359436_0.jpg,5299557_1.jpg,948745_1.jpg,6357292_1.jpg,417077_1.jpg
297,5276268_0.jpg,6700634_0.jpg,5277036_0.jpg,5127422_0.jpg,3235516_0.jpg,2253833_2.jpg,5299557_1.jpg,3017986_0.jpg,5057350_0.jpg,3779080_2.jpg
298,5277036_0.jpg,6700634_0.jpg,5755533_2.jpg,5299557_1.jpg,5276268_0.jpg,6359436_2.jpg,5755533_1.jpg,948745_1.jpg,6357292_1.jpg,417077_1.jpg
299,5299557_0.jpg,5057350_1.jpg,3518216_1.jpg,3779080_1.jpg,5430819_2.jpg,598876_2.jpg,3766409_0.jpg,5805839_0.jpg,417077_0.jpg,6357292_0.jpg
300,5299557_1.jpg,5057350_0.jpg,3518216_0.jpg,5430819_0.jpg,598876_0.jpg,3779080_2.jpg,5805839_1.jpg,3766409_1.jpg,6357292_1.jpg,417077_1.jpg
301,5299557_2.jpg,3779080_0.jpg,3518216_2.jpg,598876_1.jpg,5430819_1.jpg,5057350_2.jpg,6357292_2.jpg,5805839_2.jpg,3766409_2.jpg,417077_2.jpg
302,5305904_0.jpg,1306638_1.jpg,1306638_0.jpg,5023985_0.jpg,1238122_0.jpg,2780180_2.jpg,5630226_2.jpg,2219063_0.jpg,5571423_0.jpg,2780180_3.jpg
303,5326936_0.jpg,4905153_0.jpg,4386407_0.jpg,4221663_0.jpg,3243359_0.jpg,506662_0.jpg,4386407_1.jpg,4905153_1.jpg,506662_3.jpg,4905153_3.jpg
304,5326936_1.jpg,4386407_3.jpg,506662_2.jpg,4221663_1.jpg,4905153_2.jpg,3243359_2.jpg,6621993_0.jpg,3592570_0.jpg,5962041_0.jpg,3592570_1.jpg
305,5326936_2.jpg,3243359_1.jpg,4221663_2.jpg,5456115_3.jpg,238697_1.jpg,4386407_1.jpg,5219922_3.jpg,3061333_2.jpg,5219922_0.jpg,5219922_1.jpg
306,4386407_2.jpg,4905153_3.jpg,5326936_3.jpg,506662_3.jpg,1417301_1.jpg,3080655_0.jpg,1527720_0.jpg,5651469_0.jpg,5651469_1.jpg,1926078_0.jpg
307,5399576_0.jpg,402546_0.jpg,1417301_1.jpg,1926078_0.jpg,2271854_1.jpg,506662_3.jpg,5326936_3.jpg,4386407_2.jpg,4905153_3.jpg,4146518_0.jpg
308,598876_0.jpg,5057350_0.jpg,5430819_0.jpg,3779080_2.jpg,3518216_0.jpg,5805839_1.jpg,3766409_1.jpg,5299557_1.jpg,6357292_1.jpg,417077_1.jpg
309,5430819_1.jpg,3779080_0.jpg,3518216_2.jpg,5057350_2.jpg,598876_1.jpg,5299557_2.jpg,3766409_2.jpg,6357292_2.jpg,5805839_2.jpg,417077_2.jpg
310,5430819_2.jpg,598876_2.jpg,3518216_1.jpg,5057350_1.jpg,3779080_1.jpg,5805839_0.jpg,3766409_0.jpg,417077_0.jpg,948745_0.jpg,6357292_0.jpg
311,5451882_0.jpg,5494334_0.jpg,5451882_1.jpg,1473075_0.jpg,4022765_0.jpg,6532298_1.jpg,6532298_3.jpg,6532298_2.jpg,6532298_0.jpg,4411723_0.jpg
312,5451882_1.jpg,6532298_1.jpg,6532298_0.jpg,6532298_2.jpg,6532298_3.jpg,5494334_1.jpg,5451882_0.jpg,1473075_1.jpg,17126_3.jpg,3820267_0.jpg
313,5456115_0.jpg,2503614_0.jpg,2249413_0.jpg,917099_0.jpg,2728604_0.jpg,5326936_0.jpg,2641262_0.jpg,1864536_0.jpg,2614187_0.jpg,6652881_0.jpg
314,5456115_1.jpg,5326936_0.jpg,3243359_0.jpg,4905153_0.jpg,3432903_2.jpg,451241_2.jpg,5023985_0.jpg,506662_0.jpg,4221663_0.jpg,4386407_0.jpg
315,5456115_2.jpg,5456115_3.jpg,6019869_0.jpg,3809087_0.jpg,6416356_0.jpg,1088984_0.jpg,948745_1.jpg,6357292_1.jpg,417077_1.jpg,1417301_1.jpg
316,5456115_3.jpg,6416356_0.jpg,3809087_0.jpg,6019869_0.jpg,5456115_2.jpg,1926078_0.jpg,5326936_2.jpg,948745_1.jpg,417077_1.jpg,6357292_1.jpg
317,5494334_0.jpg,5451882_0.jpg,4022765_0.jpg,5494334_1.jpg,1473075_0.jpg,5451882_1.jpg,4411723_0.jpg,6532298_2.jpg,6532298_1.jpg,6532298_0.jpg
318,5494334_1.jpg,5451882_1.jpg,6532298_1.jpg,6532298_3.jpg,6532298_2.jpg,6532298_0.jpg,5494334_0.jpg,4022765_1.jpg,3820267_0.jpg,17126_3.jpg
319,5531218_0.jpg,3592570_1.jpg,5962041_0.jpg,6621993_1.jpg,5237851_0.jpg,5076193_0.jpg,1422091_0.jpg,5692853_0.jpg,1576123_1.jpg,4063433_1.jpg
320,553331_0.jpg,3240637_1.jpg,2539075_0.jpg,698940_0.jpg,3240637_0.jpg,3315255_2.jpg,3315255_3.jpg,3315255_0.jpg,3315255_1.jpg,5749819_0.jpg
321,5533514_0.jpg,4768716_0.jpg,1613848_0.jpg,417077_0.jpg,5430819_2.jpg,598876_2.jpg,3779080_1.jpg,5057350_1.jpg,3518216_1.jpg,917036_0.jpg
322,5571423_0.jpg,2261625_0.jpg,436356_0.jpg,5583834_0.jpg,1238122_1.jpg,684408_2.jpg,2219063_3.jpg,684408_1.jpg,958266_0.jpg,130374_0.jpg
323,5583834_0.jpg,436356_0.jpg,2524410_1.jpg,5571423_0.jpg,261890_0.jpg,1238122_1.jpg,684408_1.jpg,684408_2.jpg,261890_1.jpg,958266_0.jpg
324,5586792_0.jpg,1478575_0.jpg,1360443_0.jpg,674194_1.jpg,2219063_0.jpg,2780180_2.jpg,1370619_0.jpg,4985872_0.jpg,1794510_0.jpg,674194_0.jpg
325,5605151_0.jpg,4386407_1.jpg,5276268_0.jpg,4530827_0.jpg,1420572_0.jpg,1679426_1.jpg,2283033_1.jpg,5692853_0.jpg,766234_0.jpg,6147917_0.jpg
326,5630226_0.jpg,684408_0.jpg,2450505_0.jpg,261890_0.jpg,261890_1.jpg,684408_1.jpg,684408_2.jpg,958266_0.jpg,5630226_2.jpg,2524410_1.jpg
327,5630226_1.jpg,1692871_0.jpg,1527720_1.jpg,1370619_0.jpg,4719256_0.jpg,2070927_0.jpg,1478575_0.jpg,958266_0.jpg,2894006_0.jpg,1211240_0.jpg
328,5630226_2.jpg,261890_0.jpg,684408_2.jpg,261890_1.jpg,5023985_0.jpg,2524410_1.jpg,684408_1.jpg,5630226_0.jpg,2780180_2.jpg,2524410_0.jpg
329,5641105_0.jpg,5641105_1.jpg,5641105_3.jpg,5641105_2.jpg,4022765_1.jpg,2775357_3.jpg,2775357_2.jpg,2775357_0.jpg,2775357_1.jpg,17126_3.jpg
330,5641105_0.jpg,5641105_1.jpg,5641105_3.jpg,5641105_2.jpg,4022765_1.jpg,2775357_3.jpg,2775357_2.jpg,2775357_0.jpg,2775357_1.jpg,17126_3.jpg
331,5641105_0.jpg,5641105_1.jpg,5641105_3.jpg,5641105_2.jpg,4022765_1.jpg,2775357_3.jpg,2775357_2.jpg,2775357_0.jpg,2775357_1.jpg,17126_3.jpg
332,5641105_0.jpg,5641105_1.jpg,5641105_3.jpg,5641105_2.jpg,4022765_1.jpg,2775357_3.jpg,2775357_2.jpg,2775357_0.jpg,2775357_1.jpg,17126_3.jpg
333,5651469_0.jpg,5651469_1.jpg,3080655_0.jpg,2393473_0.jpg,1926078_0.jpg,4146518_2.jpg,4146518_0.jpg,4146518_1.jpg,5326936_3.jpg,506662_3.jpg
334,5651469_1.jpg,5651469_0.jpg,3080655_0.jpg,2393473_0.jpg,4146518_2.jpg,4146518_1.jpg,4146518_0.jpg,1926078_0.jpg,5326936_3.jpg,506662_3.jpg
335,3996265_0.jpg,1076297_0.jpg,5669633_0.jpg,4768716_0.jpg,2853133_0.jpg,4418633_0.jpg,4024812_0.jpg,6359436_1.jpg,6460827_0.jpg,5755533_0.jpg
336,567729_0.jpg,3007801_0.jpg,1926144_0.jpg,1416105_0.jpg,4209522_0.jpg,3728824_0.jpg,5755533_1.jpg,3518216_0.jpg,5430819_0.jpg,5057350_0.jpg
337,5692853_0.jpg,6652881_0.jpg,2728604_0.jpg,3592570_1.jpg,2249413_0.jpg,2283033_1.jpg,1679426_1.jpg,5531218_0.jpg,6143573_1.jpg,2565742_1.jpg
338,5749819_0.jpg,2539075_0.jpg,3548744_0.jpg,4285581_0.jpg,2641262_0.jpg,698940_0.jpg,917099_0.jpg,2503614_0.jpg,2755487_0.jpg,3123386_0.jpg
339,6460827_0.jpg,5755533_0.jpg,5755533_1.jpg,3779080_2.jpg,598876_0.jpg,5430819_0.jpg,3518216_0.jpg,5057350_0.jpg,3779080_0.jpg,5430819_1.jpg
340,5755533_1.jpg,5057350_2.jpg,5430819_1.jpg,598876_1.jpg,3518216_2.jpg,3779080_0.jpg,5755533_2.jpg,3518216_0.jpg,3779080_2.jpg,5430819_0.jpg
341,5755533_2.jpg,6357292_1.jpg,948745_1.jpg,417077_1.jpg,5430819_0.jpg,5057350_0.jpg,598876_0.jpg,3518216_0.jpg,3779080_2.jpg,5299557_1.jpg
342,5765859_0.jpg,5765859_1.jpg,5533514_0.jpg,1613848_0.jpg,4768716_0.jpg,1418639_0.jpg,6143573_0.jpg,4719256_0.jpg,3169236_0.jpg,5326936_2.jpg
343,5765859_1.jpg,5765859_0.jpg,263977_2.jpg,238697_1.jpg,619948_0.jpg,664385_1.jpg,5326936_2.jpg,6159559_0.jpg,5305904_0.jpg,6048512_0.jpg
344,5794695_0.jpg,2565742_0.jpg,4063433_0.jpg,1576123_0.jpg,5794695_1.jpg,3323925_0.jpg,6143573_0.jpg,1576123_1.jpg,4063433_1.jpg,2565742_1.jpg
345,5794695_1.jpg,3323925_0.jpg,2565742_1.jpg,4063433_1.jpg,1576123_1.jpg,5794695_0.jpg,6621993_1.jpg,5076193_0.jpg,5692853_0.jpg,3825793_0.jpg
346,5794695_2.jpg,3323925_1.jpg,1576123_2.jpg,4063433_2.jpg,2565742_2.jpg,1707110_2.jpg,5939231_2.jpg,1707110_1.jpg,238697_2.jpg,230100_0.jpg
347,5805839_0.jpg,3766409_0.jpg,5430819_2.jpg,598876_2.jpg,5057350_1.jpg,3779080_1.jpg,3518216_1.jpg,417077_0.jpg,948745_0.jpg,6357292_0.jpg
348,5805839_1.jpg,3766409_1.jpg,417077_1.jpg,6357292_1.jpg,948745_1.jpg,5430819_0.jpg,3779080_2.jpg,598876_0.jpg,5057350_0.jpg,3518216_0.jpg
349,5805839_2.jpg,417077_2.jpg,3766409_2.jpg,948745_2.jpg,6357292_2.jpg,3779080_0.jpg,598876_1.jpg,3518216_2.jpg,5430819_1.jpg,5057350_2.jpg
350,5871960_0.jpg,1417301_1.jpg,2719924_0.jpg,5399576_0.jpg,2857595_0.jpg,194493_1.jpg,1527720_0.jpg,3080655_0.jpg,5879123_0.jpg,2445924_0.jpg
351,5879123_0.jpg,2780180_1.jpg,2857595_0.jpg,1527720_0.jpg,1926078_0.jpg,3080655_0.jpg,1527720_1.jpg,4146518_2.jpg,4146518_1.jpg,4146518_0.jpg
352,5880137_0.jpg,5939231_1.jpg,1707110_1.jpg,6203447_1.jpg,3761227_0.jpg,2565742_1.jpg,4063433_1.jpg,1576123_1.jpg,2614187_1.jpg,6143573_1.jpg
353,5880137_1.jpg,4530827_0.jpg,766234_0.jpg,6147917_0.jpg,238420_0.jpg,5692853_0.jpg,6652881_0.jpg,2601997_0.jpg,1864536_0.jpg,2249413_0.jpg
354,5880137_2.jpg,1418639_2.jpg,1211240_1.jpg,3761227_1.jpg,5048970_1.jpg,5880137_1.jpg,2641262_1.jpg,2539075_0.jpg,766234_0.jpg,2641262_0.jpg
355,5897501_0.jpg,4411723_1.jpg,3588850_0.jpg,4207789_0.jpg,6581096_1.jpg,4411723_0.jpg,5451882_1.jpg,766234_0.jpg,6532298_3.jpg,6532298_2.jpg
356,5939231_0.jpg,1707110_0.jpg,2614187_0.jpg,6203447_0.jpg,5939231_1.jpg,263977_0.jpg,3061333_0.jpg,2565742_0.jpg,1679426_0.jpg,2283033_0.jpg
357,5939231_1.jpg,1707110_1.jpg,5880137_0.jpg,6203447_1.jpg,2614187_1.jpg,2565742_1.jpg,1211240_0.jpg,1707110_0.jpg,5939231_0.jpg,6143573_1.jpg
358,5939231_2.jpg,1707110_2.jpg,2565742_2.jpg,4063433_2.jpg,1576123_2.jpg,3323925_1.jpg,5794695_2.jpg,1707110_1.jpg,5939231_1.jpg,5939231_0.jpg
359,5962041_0.jpg,3592570_1.jpg,5531218_0.jpg,5237851_0.jpg,5076193_0.jpg,6621993_1.jpg,1422091_0.jpg,3592570_0.jpg,6621993_0.jpg,4063433_1.jpg
360,598876_0.jpg,5057350_0.jpg,5430819_0.jpg,3779080_2.jpg,3518216_0.jpg,5805839_1.jpg,3766409_1.jpg,5299557_1.jpg,6357292_1.jpg,417077_1.jpg
361,5430819_1.jpg,3779080_0.jpg,3518216_2.jpg,5057350_2.jpg,598876_1.jpg,5299557_2.jpg,3766409_2.jpg,6357292_2.jpg,5805839_2.jpg,417077_2.jpg
362,5430819_2.jpg,598876_2.jpg,3518216_1.jpg,5057350_1.jpg,3779080_1.jpg,5805839_0.jpg,3766409_0.jpg,417077_0.jpg,948745_0.jpg,6357292_0.jpg
363,6007737_0.jpg,917099_0.jpg,698940_1.jpg,698940_0.jpg,6505789_0.jpg,3154838_0.jpg,2503614_0.jpg,1111645_0.jpg,3945315_0.jpg,4207944_0.jpg
364,3809087_0.jpg,6019869_0.jpg,6416356_0.jpg,5456115_3.jpg,5456115_2.jpg,1926078_0.jpg,948745_1.jpg,6357292_1.jpg,417077_1.jpg,6359436_1.jpg
365,6048512_0.jpg,6159559_1.jpg,3174536_1.jpg,619948_1.jpg,739325_1.jpg,4719256_1.jpg,1625168_1.jpg,2771913_1.jpg,2797132_0.jpg,6080959_3.jpg
366,6080959_0.jpg,6080959_2.jpg,2292197_0.jpg,2292197_2.jpg,2797132_0.jpg,2771913_0.jpg,1625168_0.jpg,1456671_0.jpg,739325_0.jpg,395560_0.jpg
367,6080959_1.jpg,6080959_3.jpg,2797132_1.jpg,2797132_0.jpg,1170894_1.jpg,1170894_0.jpg,4719256_1.jpg,3174536_1.jpg,6159559_1.jpg,2292197_1.jpg
368,6080959_0.jpg,6080959_2.jpg,2292197_0.jpg,2292197_2.jpg,2797132_0.jpg,2771913_0.jpg,1625168_0.jpg,1456671_0.jpg,739325_0.jpg,395560_0.jpg
369,6080959_1.jpg,6080959_3.jpg,2797132_1.jpg,2797132_0.jpg,1170894_1.jpg,1170894_0.jpg,4719256_1.jpg,3174536_1.jpg,6159559_1.jpg,2292197_1.jpg
370,6112991_0.jpg,3945315_0.jpg,5794695_0.jpg,6505789_0.jpg,1456671_0.jpg,2755487_0.jpg,766234_0.jpg,2601997_0.jpg,4022765_0.jpg,1046233_0.jpg
371,6143573_0.jpg,6203447_0.jpg,2614187_0.jpg,6143573_1.jpg,5794695_0.jpg,263977_0.jpg,3061333_0.jpg,2565742_0.jpg,1576123_0.jpg,4063433_0.jpg
372,6143573_1.jpg,6203447_1.jpg,2249413_0.jpg,2614187_1.jpg,6652881_0.jpg,6147917_0.jpg,2527501_0.jpg,5692853_0.jpg,6143573_0.jpg,2565742_1.jpg
373,6147917_0.jpg,2527501_0.jpg,6652881_0.jpg,2249413_0.jpg,6143573_1.jpg,510802_0.jpg,2614187_1.jpg,2601997_0.jpg,2283033_1.jpg,698940_0.jpg
374,6159559_0.jpg,4719256_0.jpg,619948_0.jpg,2286552_2.jpg,2286552_3.jpg,2286552_1.jpg,2286552_0.jpg,3174536_0.jpg,3894379_1.jpg,1625168_1.jpg
375,6159559_1.jpg,6048512_0.jpg,619948_1.jpg,4719256_1.jpg,3174536_1.jpg,739325_1.jpg,1625168_1.jpg,6080959_1.jpg,6080959_3.jpg,2797132_0.jpg
376,619948_0.jpg,4719256_0.jpg,6159559_0.jpg,2286552_2.jpg,2286552_3.jpg,2286552_1.jpg,2286552_0.jpg,3174536_0.jpg,619948_1.jpg,1625168_1.jpg
377,619948_1.jpg,6159559_1.jpg,3174536_1.jpg,6048512_0.jpg,4719256_1.jpg,739325_1.jpg,1625168_1.jpg,1170894_1.jpg,3315255_3.jpg,3315255_1.jpg
378,6203447_0.jpg,2614187_0.jpg,6143573_0.jpg,1707110_0.jpg,5939231_0.jpg,2565742_0.jpg,6203447_1.jpg,263977_0.jpg,5794695_0.jpg,3061333_0.jpg
379,6203447_1.jpg,2614187_1.jpg,6143573_1.jpg,5939231_1.jpg,1707110_1.jpg,5880137_0.jpg,1211240_0.jpg,2249413_0.jpg,6203447_0.jpg,263977_1.jpg
380,6249716_0.jpg,35231_1.jpg,6266970_0.jpg,6159559_0.jpg,263977_2.jpg,3894379_1.jpg,35231_0.jpg,2797132_0.jpg,2286552_3.jpg,2286552_1.jpg
381,6266112_0.jpg,3785080_0.jpg,2249413_0.jpg,2728604_0.jpg,2283033_1.jpg,238420_0.jpg,1679426_1.jpg,2527501_0.jpg,5692853_0.jpg,1864536_0.jpg
382,6266970_0.jpg,35231_1.jpg,35231_0.jpg,6080959_2.jpg,6080959_0.jpg,3061333_2.jpg,4719256_0.jpg,2797132_0.jpg,6249716_0.jpg,2286552_0.jpg
383,6298920_0.jpg,2253833_1.jpg,6359436_1.jpg,1416105_0.jpg,4209522_0.jpg,3728824_0.jpg,3894379_2.jpg,5219922_0.jpg,5299557_1.jpg,6700634_0.jpg
384,6298920_1.jpg,6298920_0.jpg,5605151_0.jpg,3894379_0.jpg,230100_0.jpg,3001626_0.jpg,4386407_1.jpg,3061333_1.jpg,4386407_0.jpg,4905153_0.jpg
385,948745_0.jpg,6357292_0.jpg,417077_0.jpg,3766409_0.jpg,5805839_0.jpg,598876_2.jpg,5430819_2.jpg,5057350_1.jpg,3779080_1.jpg,3518216_1.jpg
386,417077_1.jpg,948745_1.jpg,6357292_1.jpg,3766409_1.jpg,5805839_1.jpg,3518216_0.jpg,598876_0.jpg,5057350_0.jpg,5430819_0.jpg,3779080_2.jpg
387,5805839_2.jpg,417077_2.jpg,3766409_2.jpg,948745_2.jpg,6357292_2.jpg,3779080_0.jpg,598876_1.jpg,3518216_2.jpg,5430819_1.jpg,5057350_2.jpg
388,6359436_0.jpg,5299557_1.jpg,3766409_1.jpg,5805839_1.jpg,417077_1.jpg,948745_1.jpg,6357292_1.jpg,3518216_0.jpg,598876_0.jpg,3779080_2.jpg
389,6359436_1.jpg,6359436_2.jpg,2253833_1.jpg,2165012_0.jpg,5755533_0.jpg,6460827_0.jpg,1926144_0.jpg,3007801_0.jpg,417077_0.jpg,6357292_0.jpg
390,6359436_2.jpg,6359436_1.jpg,2165012_0.jpg,6700634_0.jpg,3007801_0.jpg,1926144_0.jpg,5277036_0.jpg,6460827_0.jpg,5755533_0.jpg,2253833_1.jpg
391,6416356_0.jpg,5456115_3.jpg,3809087_0.jpg,6019869_0.jpg,1926078_0.jpg,5456115_2.jpg,4146518_1.jpg,4146518_0.jpg,4146518_2.jpg,1417301_1.jpg
392,6438372_0.jpg,6438372_1.jpg,4207944_0.jpg,6007737_0.jpg,3785080_0.jpg,698940_0.jpg,698940_1.jpg,238420_0.jpg,6266112_0.jpg,2503614_0.jpg
393,6438372_1.jpg,6438372_0.jpg,698940_1.jpg,2601997_0.jpg,4207944_0.jpg,2249413_0.jpg,6505789_0.jpg,3169236_1.jpg,3169236_0.jpg,1456671_0.jpg
394,6460827_0.jpg,5755533_0.jpg,5755533_1.jpg,3779080_2.jpg,598876_0.jpg,5430819_0.jpg,3518216_0.jpg,5057350_0.jpg,3779080_0.jpg,5430819_1.jpg
395,6483073_0.jpg,3315255_1.jpg,3315255_2.jpg,3315255_3.jpg,3315255_0.jpg,6048512_0.jpg,2539075_0.jpg,6159559_0.jpg,619948_1.jpg,739325_1.jpg
396,6505789_0.jpg,3945315_0.jpg,2249413_0.jpg,2503614_0.jpg,698940_1.jpg,2601997_0.jpg,917099_0.jpg,698940_0.jpg,1046233_0.jpg,238420_0.jpg
397,6532298_3.jpg,6532298_2.jpg,6532298_0.jpg,6532298_1.jpg,5451882_1.jpg,5494334_1.jpg,3820267_0.jpg,5451882_0.jpg,17126_3.jpg,1473075_1.jpg
398,6532298_3.jpg,6532298_2.jpg,6532298_0.jpg,6532298_1.jpg,5451882_1.jpg,5494334_1.jpg,3820267_0.jpg,5451882_0.jpg,17126_3.jpg,1473075_1.jpg
399,6532298_3.jpg,6532298_2.jpg,6532298_0.jpg,6532298_1.jpg,5451882_1.jpg,5494334_1.jpg,3820267_0.jpg,5451882_0.jpg,17126_3.jpg,1473075_1.jpg
400,6532298_3.jpg,6532298_2.jpg,6532298_0.jpg,6532298_1.jpg,5451882_1.jpg,5494334_1.jpg,3820267_0.jpg,5451882_0.jpg,17126_3.jpg,1473075_1.jpg
401,6581096_0.jpg,6581096_1.jpg,4411723_0.jpg,5494334_0.jpg,263977_0.jpg,1473075_0.jpg,5451882_0.jpg,4022765_0.jpg,4936800_0.jpg,4936800_2.jpg
402,6581096_1.jpg,6581096_0.jpg,5897501_0.jpg,4936800_1.jpg,4936800_3.jpg,4207789_0.jpg,3391830_3.jpg,4411723_1.jpg,2775357_2.jpg,2775357_0.jpg
403,6621993_0.jpg,3592570_0.jpg,6621993_1.jpg,3592570_1.jpg,5962041_0.jpg,5531218_0.jpg,5237851_0.jpg,1422091_0.jpg,1579564_0.jpg,5076193_0.jpg
404,6621993_1.jpg,3592570_1.jpg,5531218_0.jpg,1422091_0.jpg,5076193_0.jpg,5962041_0.jpg,1579564_0.jpg,5237851_0.jpg,5794695_1.jpg,2565742_1.jpg
405,6622602_0.jpg,194493_1.jpg,194493_0.jpg,2857595_0.jpg,4985872_0.jpg,2719924_0.jpg,1478575_0.jpg,674194_1.jpg,2780180_2.jpg,5879123_0.jpg
406,664385_0.jpg,238697_0.jpg,2795694_0.jpg,3929938_0.jpg,3592570_1.jpg,238420_0.jpg,5531218_0.jpg,4530827_0.jpg,5962041_0.jpg,698940_0.jpg
407,664385_1.jpg,238697_1.jpg,3809087_0.jpg,6019869_0.jpg,6159559_0.jpg,3061333_2.jpg,619948_0.jpg,948745_1.jpg,6357292_1.jpg,417077_1.jpg
408,664385_2.jpg,238697_2.jpg,2614187_2.jpg,2797132_0.jpg,3894379_1.jpg,1707110_1.jpg,1926144_1.jpg,3007801_1.jpg,3894379_2.jpg,263977_2.jpg
409,6652881_0.jpg,6147917_0.jpg,2249413_0.jpg,1422091_0.jpg,1579564_0.jpg,6143573_1.jpg,2527501_0.jpg,5692853_0.jpg,3825793_0.jpg,6621993_1.jpg
410,6676540_0.jpg,2904649_0.jpg,1129805_0.jpg,2774373_0.jpg,2110425_0.jpg,1951631_0.jpg,5755533_1.jpg,5057350_2.jpg,3779080_0.jpg,5430819_1.jpg
411,6700634_0.jpg,5277036_0.jpg,5127422_0.jpg,3235516_0.jpg,6359436_2.jpg,5299557_1.jpg,5276268_0.jpg,5755533_2.jpg,5755533_1.jpg,5057350_0.jpg
412,674194_0.jpg,674194_1.jpg,2857595_0.jpg,1527720_1.jpg,5879123_0.jpg,1527720_0.jpg,1527720_2.jpg,1926078_0.jpg,1478575_0.jpg,1306638_1.jpg
413,674194_1.jpg,674194_0.jpg,2857595_0.jpg,5879123_0.jpg,1478575_0.jpg,5586792_0.jpg,6622602_0.jpg,1527720_1.jpg,1527720_0.jpg,958266_0.jpg
414,684408_0.jpg,5630226_0.jpg,2450505_0.jpg,684408_1.jpg,261890_0.jpg,261890_1.jpg,684408_2.jpg,1360443_1.jpg,2524410_1.jpg,958266_0.jpg
415,684408_1.jpg,684408_2.jpg,261890_1.jpg,261890_0.jpg,2261625_0.jpg,958266_0.jpg,684408_0.jpg,2524410_1.jpg,5630226_0.jpg,2450505_0.jpg
416,684408_2.jpg,684408_1.jpg,261890_1.jpg,261890_0.jpg,2450505_0.jpg,958266_0.jpg,2261625_0.jpg,2524410_1.jpg,5630226_0.jpg,5630226_2.jpg
417,698940_0.jpg,917099_0.jpg,2503614_0.jpg,698940_1.jpg,3785080_0.jpg,2527501_0.jpg,263977_1.jpg,6652881_0.jpg,6007737_0.jpg,6143573_1.jpg
418,698940_1.jpg,698940_0.jpg,917099_0.jpg,6007737_0.jpg,2755487_0.jpg,4391117_0.jpg,6505789_0.jpg,3945315_0.jpg,5101613_0.jpg,1111645_0.jpg
419,734879_1.jpg,734879_0.jpg,1456671_0.jpg,2614187_1.jpg,3169236_1.jpg,3169236_0.jpg,4022765_1.jpg,510802_0.jpg,395560_0.jpg,3588850_0.jpg
420,734879_1.jpg,734879_0.jpg,1456671_0.jpg,2614187_1.jpg,3169236_1.jpg,3169236_0.jpg,4022765_1.jpg,510802_0.jpg,395560_0.jpg,3588850_0.jpg
421,739325_0.jpg,2771913_0.jpg,1625168_0.jpg,2292197_2.jpg,2292197_0.jpg,6080959_0.jpg,6080959_2.jpg,6159559_0.jpg,395560_0.jpg,1082183_0.jpg
422,739325_1.jpg,6048512_0.jpg,6159559_1.jpg,3174536_1.jpg,619948_1.jpg,4719256_1.jpg,1625168_1.jpg,2771913_1.jpg,2008369_1.jpg,2797132_0.jpg
423,766234_0.jpg,2283033_1.jpg,1679426_1.jpg,4530827_0.jpg,3945315_0.jpg,5692853_0.jpg,2601997_0.jpg,2795694_0.jpg,6505789_0.jpg,1679426_0.jpg
424,821201_0.jpg,5240612_0.jpg,3996629_0.jpg,2614187_1.jpg,5277036_0.jpg,5299557_1.jpg,6359436_0.jpg,948745_1.jpg,6357292_1.jpg,417077_1.jpg
425,868312_0.jpg,2292197_1.jpg,2292197_3.jpg,2292197_2.jpg,2292197_0.jpg,3174536_1.jpg,1170894_0.jpg,2797132_0.jpg,2797132_1.jpg,4719256_1.jpg
426,917036_0.jpg,5755533_1.jpg,5533514_0.jpg,3518216_2.jpg,598876_1.jpg,3779080_0.jpg,5430819_1.jpg,5057350_2.jpg,5805839_2.jpg,417077_2.jpg
427,917099_0.jpg,698940_0.jpg,698940_1.jpg,6007737_0.jpg,510802_0.jpg,1864536_0.jpg,2503614_0.jpg,6505789_0.jpg,3785080_0.jpg,3154838_0.jpg
428,948745_0.jpg,6357292_0.jpg,417077_0.jpg,3766409_0.jpg,5805839_0.jpg,598876_2.jpg,5430819_2.jpg,5057350_1.jpg,3779080_1.jpg,3518216_1.jpg
429,417077_1.jpg,948745_1.jpg,6357292_1.jpg,3766409_1.jpg,5805839_1.jpg,3518216_0.jpg,598876_0.jpg,5057350_0.jpg,5430819_0.jpg,3779080_2.jpg
430,5805839_2.jpg,417077_2.jpg,3766409_2.jpg,948745_2.jpg,6357292_2.jpg,3779080_0.jpg,598876_1.jpg,3518216_2.jpg,5430819_1.jpg,5057350_2.jpg
431,958266_0.jpg,1478575_0.jpg,261890_0.jpg,261890_1.jpg,1360443_0.jpg,684408_1.jpg,684408_2.jpg,1613848_0.jpg,3061333_2.jpg,3017986_0.jpg
