household_key,tot_spend,coup_user,COUPON_UPC
1,4330.159999999964,yes,5
2,1954.3400000000045,no,0
3,2653.209999999992,no,0
4,1200.1100000000006,no,0
5,779.0600000000003,no,0
6,5996.159999999947,no,0
7,3400.0499999999797,no,0
8,5534.969999999942,yes,1
9,797.420000000001,no,0
10,234.34,no,0
11,33.39,no,0
12,266.2099999999999,no,0
13,13190.919999999956,yes,21
14,2761.189999999999,yes,3
15,972.5300000000005,no,0
16,1512.0200000000018,no,0
17,5139.629999999968,no,0
18,7118.909999999938,yes,8
19,11299.609999999926,yes,1
20,7486.109999999958,no,0
21,870.1100000000002,no,0
22,6256.039999999956,yes,25
23,3158.5799999999854,no,0
24,1911.1100000000058,no,0
25,3149.649999999993,no,0
26,1937.3900000000028,no,0
27,5736.239999999942,no,0
28,2119.6200000000026,no,0
29,1343.0300000000022,yes,1
30,622.8000000000003,no,0
31,4396.899999999988,yes,2
32,3381.819999999979,no,0
33,1200.740000000001,no,0
34,407.38,no,0
35,1119.51,no,0
36,4898.249999999969,no,0
37,2976.659999999997,no,0
38,706.1300000000001,no,0
39,5033.659999999946,no,0
40,12907.88999999986,yes,14
41,3107.129999999982,no,0
42,1985.8600000000038,no,0
43,884.8400000000015,no,0
44,877.7600000000001,no,0
45,807.0899999999998,no,0
46,8433.429999999895,yes,2
47,2329.1299999999997,no,0
48,1172.8300000000013,no,0
49,6445.029999999949,no,0
50,351.39000000000016,no,0
51,3046.8599999999856,no,0
52,5487.2799999999415,no,0
53,1962.2600000000039,no,0
54,103.09000000000002,no,0
55,1072.7900000000006,no,0
56,6691.529999999927,yes,2
57,3105.8699999999885,no,0
58,10367.07999999992,yes,7
59,1688.3300000000008,no,0
60,400.94000000000005,no,0
61,183.79999999999995,no,0
62,359.2899999999997,no,0
63,589.6000000000003,no,0
64,3917.8099999999913,no,0
65,2042.1700000000044,no,0
66,395.95000000000016,no,0
67,9618.899999999912,yes,33
68,4960.769999999972,yes,1
69,5704.339999999947,no,0
70,76.39999999999999,no,0
71,3376.0299999999893,no,0
72,6473.429999999909,no,0
73,2864.1799999999903,no,0
74,2047.6400000000028,no,0
75,1167.0900000000013,no,0
76,315.94000000000017,no,0
77,6227.0999999999485,yes,1
78,2505.139999999994,no,0
79,3950.1199999999817,yes,1
80,3002.0899999999933,yes,1
81,5553.6999999999625,no,0
82,566.5100000000001,no,0
83,1183.7400000000007,no,0
84,1208.0900000000015,no,0
85,4696.4899999999625,no,0
86,4019.439999999983,no,0
87,1202.3000000000006,no,0
88,11615.65999999995,yes,7
89,177.56000000000006,no,0
90,490.4100000000001,no,0
91,2899.6599999999967,no,0
92,1587.380000000003,no,0
93,3346.7199999999875,yes,8
94,442.64000000000027,no,0
95,6500.179999999968,no,0
96,1182.4300000000007,no,0
97,5323.949999999978,no,0
98,2547.2999999999984,no,0
99,6926.149999999966,yes,4
100,2294.620000000001,no,0
101,6651.579999999985,yes,5
102,304.84000000000003,no,0
103,541.9900000000001,no,0
104,6546.739999999967,yes,4
105,4591.66999999997,yes,8
106,2014.6600000000037,no,0
107,1222.8300000000006,no,0
108,2671.159999999994,no,0
109,3501.069999999974,no,0
110,3461.319999999985,no,0
111,1515.650000000001,no,0
112,1342.650000000001,no,0
113,15324.949999999939,yes,2
114,3315.6299999999815,no,0
115,13262.099999999851,yes,19
116,647.7200000000005,no,0
117,2568.2099999999996,yes,7
118,4526.209999999961,no,0
119,2593.009999999995,no,0
120,242.32000000000005,no,0
121,2225.5800000000054,no,0
122,2354.22,no,0
123,3222.649999999986,no,0
124,683.4100000000004,no,0
125,10601.499999999935,yes,2
126,853.4500000000005,no,0
127,4658.229999999972,yes,4
128,1381.0800000000024,no,0
129,475.73,no,0
130,511.6200000000001,no,0
131,6156.219999999956,no,0
132,2875.239999999993,no,0
133,3823.8899999999708,no,0
134,5535.089999999951,no,0
135,717.500000000001,no,0
136,2804.8199999999956,no,0
137,1062.1699999999996,no,0
138,3529.1899999999787,no,0
139,3073.329999999995,yes,9
140,1720.6400000000017,no,0
141,448.34000000000026,no,0
142,2324.1900000000014,no,0
143,6574.229999999956,yes,3
144,2126.3100000000027,no,0
145,1470.4900000000023,no,0
146,843.0200000000008,no,0
147,1487.2100000000023,no,0
148,1231.7600000000018,no,0
149,11920.929999999906,no,0
150,230.35,no,0
151,1226.1400000000012,no,0
152,1454.2800000000018,no,0
153,1558.6500000000033,no,0
154,867.1800000000002,no,0
155,2101.0500000000015,no,0
156,5224.069999999974,yes,2
157,2748.9499999999907,no,0
158,1869.7900000000018,yes,1
159,2143.870000000002,no,0
160,1536.0900000000017,no,0
161,6071.5199999999595,no,0
162,3037.539999999985,no,0
163,272.52,no,0
164,4272.409999999974,yes,6
165,2995.4699999999966,yes,2
166,3059.689999999995,no,0
167,1268.020000000001,no,0
168,510.8000000000004,no,0
169,255.58000000000004,no,0
170,2024.5100000000036,no,0
171,740.4599999999999,no,0
172,1770.8700000000006,no,0
173,234.97,no,0
174,1208.3900000000008,no,0
175,1154.0200000000007,no,0
176,788.2900000000003,no,0
177,1130.5800000000002,no,0
178,2028.470000000001,no,0
179,620.5600000000001,no,0
180,2103.400000000001,no,0
181,1670.820000000002,no,0
182,1162.3400000000001,no,0
183,1560.6700000000008,no,0
184,7090.069999999947,yes,4
185,2137.6200000000013,no,0
186,59.51999999999999,no,0
187,701.0000000000008,no,0
188,1847.6200000000022,no,0
189,801.9900000000006,no,0
190,696.2800000000005,no,0
191,552.8500000000004,no,0
192,3778.0799999999786,yes,2
193,4814.659999999979,no,0
194,1882.8100000000031,no,0
195,4166.719999999982,no,0
196,5261.189999999964,yes,5
197,1929.2300000000012,no,0
198,8659.169999999907,no,0
199,667.9700000000004,no,0
200,1166.630000000001,no,0
201,1435.170000000002,no,0
202,964.8800000000005,no,0
203,908.8300000000003,no,0
204,929.2700000000002,no,0
205,3749.639999999979,no,0
206,386.60000000000025,no,0
207,995.7200000000003,no,0
208,4296.329999999981,yes,6
209,6876.559999999961,no,0
210,3772.5599999999813,no,0
211,2244.0600000000036,no,0
212,3052.659999999983,no,0
213,606.5000000000001,no,0
214,2657.9099999999885,yes,1
215,1672.660000000003,yes,2
216,2624.4999999999964,no,0
217,2435.119999999998,no,0
218,9211.719999999917,no,0
219,11884.789999999895,no,0
220,2525.239999999996,no,0
221,2879.2899999999972,no,0
222,5897.8999999999205,yes,1
223,2738.9799999999946,no,0
224,1600.8000000000022,no,0
225,729.8200000000004,no,0
226,1205.060000000001,no,0
227,1390.249999999998,no,0
228,2404.8099999999995,no,0
229,1004.8900000000003,no,0
230,4521.009999999968,no,0
231,325.68000000000006,no,0
232,12695.569999999942,yes,1
233,645.39,no,0
234,260.63999999999993,no,0
235,12156.639999999885,no,0
236,1591.7800000000022,no,0
237,549.5899999999999,no,0
238,693.4,no,0
239,4671.199999999953,yes,14
240,365.6099999999999,no,0
241,199.7299999999999,no,0
242,5231.799999999973,no,0
243,8074.1199999999035,yes,4
244,1698.950000000004,no,0
245,1396.4500000000014,no,0
246,847.2500000000005,no,0
247,1243.06,no,0
248,6039.009999999961,yes,6
249,2823.229999999992,yes,1
250,5991.839999999936,no,0
251,2268.51,yes,2
252,93.77999999999999,no,0
253,10993.709999999921,no,0
254,442.1400000000003,no,0
255,672.0900000000006,no,0
256,9850.349999999895,yes,33
257,2689.9900000000016,no,0
258,2631.1099999999938,no,0
259,1158.3300000000015,no,0
260,425.04000000000013,no,0
261,1241.8700000000013,no,0
262,4802.269999999961,yes,1
263,5870.329999999936,no,0
264,1783.0700000000015,no,0
265,1881.7600000000018,no,0
266,3130.2199999999875,no,0
267,385.56000000000006,no,0
268,809.2100000000007,no,0
269,1764.7600000000023,no,0
270,923.4599999999997,no,0
271,1375.5200000000004,no,0
272,401.6200000000002,no,0
273,2500.8599999999974,no,0
274,120.07000000000001,no,0
275,6284.989999999962,no,0
276,5758.709999999952,yes,1
277,754.0500000000003,no,0
278,2053.5600000000027,no,0
279,1816.620000000001,yes,1
280,2375.859999999999,no,0
281,1495.0800000000027,no,0
282,4162.559999999979,yes,6
283,6023.3699999999335,yes,3
284,534.9800000000004,no,0
285,4227.639999999973,no,0
286,1245.2400000000007,no,0
287,3229.2799999999893,no,0
288,3114.769999999986,no,0
289,5970.469999999954,no,0
290,5524.3399999999665,no,0
291,2474.4900000000016,no,0
292,977.0700000000011,no,0
293,3957.6599999999744,no,0
294,5411.359999999967,yes,10
295,149.31,no,0
296,149.24999999999997,no,0
297,3535.619999999985,no,0
298,224.86000000000004,no,0
299,242.23999999999995,no,0
300,4974.309999999963,no,0
301,7211.679999999926,no,0
302,1797.5300000000043,no,0
303,4879.669999999972,no,0
304,8586.279999999946,no,0
305,3827.019999999985,yes,2
306,5716.729999999956,yes,4
307,2582.029999999986,yes,2
308,2465.2599999999925,no,0
309,2325.589999999998,no,0
310,184.02,no,0
311,1351.1300000000015,no,0
312,2578.049999999994,no,0
313,92.53999999999999,no,0
314,3004.009999999991,no,0
315,182.19000000000005,no,0
316,1037.7800000000002,no,0
317,6083.299999999949,no,0
318,1242.2500000000011,yes,3
319,3758.4999999999836,no,0
320,497.41000000000025,no,0
321,5935.659999999948,yes,2
322,2418.879999999997,no,0
323,156.99,no,0
324,8554.86999999988,yes,1
325,2850.579999999996,no,0
326,739.7200000000004,no,0
327,226.70999999999995,no,0
328,17332.12999999999,no,0
329,3026.7099999999864,no,0
330,1679.3800000000026,no,0
331,1273.3000000000018,no,0
332,5519.019999999955,no,0
333,1248.8100000000013,no,0
334,4827.79999999997,yes,6
335,2822.1799999999826,no,0
336,3089.7399999999884,no,0
337,933.5900000000003,no,0
338,2690.9699999999884,no,0
339,1668.920000000002,no,0
340,1057.5599999999993,no,0
341,393.50000000000017,no,0
342,2125.5100000000016,no,0
343,1650.6400000000017,no,0
344,2237.9100000000008,no,0
345,5741.07999999997,yes,1
346,5351.409999999989,yes,1
347,540.7600000000001,no,0
348,2961.8299999999995,no,0
349,869.160000000001,no,0
350,3083.2499999999895,no,0
351,7659.669999999875,yes,3
352,178.70000000000002,no,0
353,3799.1999999999794,yes,2
354,8729.869999999883,yes,3
355,340.33999999999986,no,0
356,2837.3299999999936,no,0
357,1704.2700000000038,no,0
358,12729.339999999916,no,0
359,172.85000000000005,no,0
360,447.6000000000003,no,0
361,8747.099999999931,yes,6
362,2987.4899999999866,yes,2
363,52.400000000000006,no,0
364,2566.919999999997,no,0
365,7048.429999999958,no,0
366,615.7800000000004,no,0
367,7186.369999999949,yes,35
368,1346.4600000000014,no,0
369,1034.9500000000005,no,0
370,3386.7799999999916,no,0
371,15716.539999999875,no,0
372,440.42,no,0
373,96.91000000000001,no,0
374,7099.559999999922,no,0
375,203.93999999999997,no,0
376,4714.61999999995,no,0
377,3166.449999999985,no,0
378,4715.41999999996,yes,9
379,55.64,no,0
380,7726.43999999989,no,0
381,3120.7899999999886,no,0
382,694.7000000000004,no,0
383,5763.439999999942,yes,1
384,3914.83999999998,no,0
385,2929.7199999999916,no,0
386,4676.42999999998,no,0
387,5697.249999999943,yes,1
388,1286.540000000001,no,0
389,14880.919999999922,yes,23
390,1806.0200000000048,no,0
391,1412.640000000001,no,0
392,11443.96999999992,no,0
393,3895.2399999999843,yes,1
394,1565.8900000000017,no,0
395,872.9100000000001,no,0
396,1790.73,no,0
397,6161.989999999929,yes,7
398,2092.6000000000017,no,0
399,978.4800000000004,no,0
400,18494.140000000018,yes,4
401,2538.8799999999947,no,0
402,2233.8399999999992,no,0
403,914.5600000000001,no,0
404,6107.179999999915,no,0
405,3652.9699999999893,no,0
406,1776.6500000000024,no,0
407,696.3800000000001,no,0
408,2470.9899999999984,no,0
409,4499.849999999975,no,0
410,1148.4200000000008,no,0
411,6697.209999999958,no,0
412,2426.300000000002,yes,4
413,5963.779999999948,yes,2
414,2488.649999999997,no,0
415,514.6300000000001,no,0
416,2177.0400000000027,no,0
417,3012.9599999999937,no,0
418,6960.9599999999,no,0
419,1696.6100000000004,no,0
420,2130.580000000001,no,0
421,6013.039999999975,yes,1
422,983.3200000000006,no,0
423,230.85,no,0
424,2441.790000000002,no,0
425,5543.909999999972,no,0
426,7860.849999999938,yes,11
427,1073.010000000002,no,0
428,3361.429999999994,no,0
429,542.8900000000001,no,0
430,2377.0900000000015,no,0
431,531.6700000000005,no,0
432,3486.549999999996,no,0
433,949.8200000000011,no,0
434,3778.749999999984,no,0
435,1817.2200000000005,no,0
436,2318.74,no,0
437,5915.729999999941,yes,2
438,4456.519999999987,yes,2
439,568.2100000000005,no,0
440,83.88000000000002,no,0
441,2369.899999999998,no,0
442,3094.7099999999955,no,0
443,2644.2099999999996,yes,2
444,1261.6200000000015,no,0
445,2696.499999999995,no,0
446,212.04999999999995,no,0
447,1670.4400000000041,no,0
448,493.37,no,0
449,827.4399999999999,no,0
450,1540.4500000000037,no,0
451,2376.2799999999984,no,0
452,786.99,no,0
453,742.9500000000004,no,0
454,8215.929999999898,yes,1
455,1253.4000000000008,no,0
456,6314.0299999999315,no,0
457,718.0,no,0
458,1685.640000000002,yes,4
459,1194.94,no,0
460,760.4499999999999,yes,1
461,664.8000000000002,no,0
462,1510.6300000000024,no,0
463,5803.299999999956,yes,1
464,3590.4899999999925,yes,10
465,382.5500000000001,no,0
466,423.32000000000033,no,0
467,2642.989999999994,no,0
468,5835.6799999999475,no,0
469,7748.489999999884,yes,5
470,2305.0,no,0
471,1530.1200000000015,no,0
472,8295.579999999893,yes,11
473,3208.7099999999887,yes,3
474,2102.3600000000033,no,0
475,1525.0200000000023,no,0
476,1551.2700000000023,no,0
477,812.28,no,0
478,286.0199999999999,no,0
479,1773.300000000003,no,0
480,3646.3899999999726,no,0
481,2055.920000000005,no,0
482,1848.520000000001,no,0
483,2718.989999999994,no,0
484,2964.5099999999916,yes,2
485,5431.009999999978,yes,2
486,922.3900000000018,no,0
487,133.67999999999998,no,0
488,406.96000000000015,no,0
489,5866.559999999964,no,0
490,3886.869999999988,yes,7
491,4835.709999999954,no,0
492,7148.279999999925,yes,3
493,4925.559999999962,no,0
494,8.17,no,0
495,3050.5199999999936,no,0
496,648.4000000000005,no,0
497,766.3999999999999,no,0
498,904.1800000000001,no,0
499,753.36,no,0
500,84.82000000000001,no,0
501,478.13000000000005,no,0
502,2298.840000000004,no,0
503,4723.799999999949,yes,3
504,516.3399999999998,no,0
505,188.54000000000002,no,0
506,1254.1700000000017,no,0
507,1455.430000000001,no,0
508,1190.5100000000011,no,0
509,277.14,no,0
510,7903.359999999904,no,0
511,5425.529999999966,no,0
512,1114.4399999999985,no,0
513,12130.009999999927,no,0
514,2339.270000000003,no,0
515,1826.7300000000027,no,0
516,295.23000000000013,no,0
517,3742.8899999999785,no,0
518,4926.369999999961,yes,5
519,819.1300000000008,no,0
520,2071.1500000000055,no,0
521,858.8000000000004,no,0
522,29.34,no,0
523,5731.869999999957,yes,1
524,1984.5800000000036,no,0
525,902.77,no,0
526,4574.919999999959,no,0
527,3581.519999999975,no,0
528,373.8300000000001,no,0
529,1831.1400000000033,no,0
530,1476.2200000000018,no,0
531,1060.6400000000017,no,0
532,401.8800000000001,no,0
533,2792.8699999999903,no,0
534,1315.4400000000028,no,0
535,1308.7600000000014,no,0
536,1557.1300000000037,no,0
537,1411.2499999999995,no,0
538,4382.209999999965,no,0
539,1269.0899999999995,no,0
540,3280.7299999999814,no,0
541,1784.190000000003,no,0
542,2313.5200000000004,no,0
543,3697.5499999999834,no,0
544,1594.8500000000004,no,0
545,2660.2799999999875,yes,7
546,3338.9999999999936,yes,2
547,1676.7600000000016,no,0
548,4255.829999999978,no,0
549,2299.349999999999,no,0
550,854.9100000000007,no,0
551,853.6500000000008,no,0
552,2289.469999999999,no,0
553,7259.089999999912,no,0
554,1524.330000000001,no,0
555,561.0300000000003,no,0
556,693.8600000000004,no,0
557,718.4599999999994,no,0
558,2426.3499999999976,no,0
559,249.34000000000003,no,0
560,7290.899999999936,yes,3
561,1404.3600000000006,no,0
562,3178.109999999989,no,0
563,2488.769999999997,no,0
564,842.4500000000004,no,0
565,498.0600000000001,no,0
566,1218.080000000002,no,0
567,3134.899999999987,no,0
568,8612.84999999993,no,0
569,6749.189999999889,no,0
570,1400.11,no,0
571,1114.1600000000014,no,0
572,903.1500000000003,no,0
573,3111.5499999999893,yes,3
574,6753.539999999956,yes,25
575,11771.129999999941,no,0
576,3750.119999999978,no,0
577,4399.529999999966,yes,1
578,2996.6899999999855,no,0
579,435.26000000000033,no,0
580,1337.700000000002,no,0
581,5060.439999999979,yes,1
582,5137.739999999957,no,0
583,3063.33999999999,no,0
584,1098.3000000000018,no,0
585,805.0699999999999,no,0
586,5822.639999999949,no,0
587,247.92999999999998,no,0
588,9540.539999999906,yes,22
589,298.9700000000001,no,0
590,3338.409999999993,no,0
591,13534.929999999871,no,0
592,660.7900000000003,no,0
593,646.4000000000002,no,0
594,2421.3899999999976,no,0
595,2373.739999999997,no,0
596,2996.3699999999926,yes,1
597,3826.2499999999823,no,0
598,3354.8999999999864,no,0
599,357.78000000000014,no,0
600,5520.299999999979,yes,5
601,5241.269999999946,no,0
602,1850.0700000000036,no,0
603,3219.4999999999936,no,0
604,2311.6499999999965,no,0
605,5856.379999999947,yes,8
606,3323.119999999982,no,0
607,3203.009999999994,no,0
608,5148.979999999965,no,0
609,1665.890000000001,no,0
610,573.0600000000005,no,0
611,2316.2400000000007,no,0
612,3978.719999999976,no,0
613,347.3100000000001,no,0
614,2757.2399999999952,no,0
615,346.3999999999999,no,0
616,476.14000000000027,no,0
617,1315.540000000003,no,0
618,7343.869999999962,no,0
619,168.98000000000002,no,0
620,304.97999999999996,no,0
621,3179.1500000000106,no,0
622,2384.3699999999985,no,0
623,3899.1599999999885,no,0
624,6003.469999999965,no,0
625,1233.9200000000017,no,0
626,649.3299999999998,no,0
627,1785.4600000000028,no,0
628,1147.9900000000016,no,0
629,377.4900000000002,no,0
630,7746.269999999954,yes,7
631,9277.71999999987,yes,1
632,3370.6799999999857,no,0
633,5493.889999999949,no,0
634,1555.1500000000015,no,0
635,362.9000000000001,no,0
636,9045.16999999989,yes,4
637,2510.0400000000022,no,0
638,8039.289999999906,no,0
639,759.8300000000011,no,0
640,2253.249999999999,no,0
641,13221.749999999916,yes,1
642,2208.34,no,0
643,1415.5900000000006,no,0
644,3772.0299999999675,no,0
645,429.06,no,0
646,1691.720000000004,no,0
647,6326.7399999999425,yes,4
648,1910.400000000002,no,0
649,1553.4500000000025,no,0
650,1415.65,yes,1
651,370.5300000000002,no,0
652,1800.0900000000056,no,0
653,10822.54999999991,no,0
654,2330.0800000000027,no,0
655,1991.2900000000034,no,0
656,5040.279999999964,no,0
657,119.79999999999998,no,0
658,1052.4800000000005,no,0
659,760.8900000000004,no,0
660,7954.279999999895,no,0
661,8271.30999999994,no,0
662,1381.7300000000025,no,0
663,3199.5299999999984,no,0
664,995.08,no,0
665,715.9800000000005,no,0
666,1020.7000000000012,no,0
667,1121.2000000000005,no,0
668,1151.0400000000002,no,0
669,9164.149999999901,no,0
670,5685.669999999947,no,0
671,5089.659999999982,no,0
672,2731.15,no,0
673,704.6100000000002,no,0
674,4727.569999999971,no,0
675,4832.379999999978,no,0
676,10741.099999999926,no,0
677,1600.9900000000014,no,0
678,459.17000000000013,no,0
679,6494.309999999935,yes,4
680,3513.019999999984,yes,2
681,2773.189999999997,yes,3
682,4438.289999999977,no,0
683,170.06,no,0
684,2052.670000000004,no,0
685,6019.769999999948,no,0
686,534.5700000000003,no,0
687,3205.799999999993,yes,5
688,3207.609999999986,no,0
689,28.959999999999997,no,0
690,4963.139999999971,no,0
691,2511.329999999994,no,0
692,3891.1399999999726,yes,3
693,6378.7999999999465,no,0
694,1756.6400000000015,no,0
695,8523.929999999897,no,0
696,14715.529999999912,yes,4
697,2823.5899999999906,no,0
698,1204.4900000000014,no,0
699,10352.999999999885,yes,1
700,2981.039999999992,no,0
701,2593.5599999999977,no,0
702,8205.679999999891,yes,4
703,9475.689999999937,yes,5
704,76.53,no,0
705,1385.9300000000019,no,0
706,4024.599999999983,no,0
707,19194.420000000042,no,0
708,2828.059999999991,no,0
709,5536.399999999966,yes,1
710,3724.479999999982,no,0
711,429.79000000000013,no,0
712,11711.019999999904,yes,10
713,540.9,no,0
714,4117.339999999988,no,0
715,3712.139999999993,yes,1
716,1290.6800000000003,yes,2
717,616.72,no,0
718,19299.860000000233,yes,5
719,1098.510000000001,no,0
720,1678.800000000001,no,0
721,553.5700000000002,no,0
722,6437.619999999937,no,0
723,1230.830000000002,no,0
724,639.3000000000004,no,0
725,4828.579999999981,yes,5
726,2220.150000000002,no,0
727,4923.129999999971,no,0
728,10732.909999999902,no,0
729,1159.320000000001,no,0
730,1111.690000000001,no,0
731,3151.309999999986,no,0
732,3967.819999999984,no,0
733,2678.559999999996,no,0
734,1319.7600000000018,no,0
735,1062.250000000002,no,0
736,3061.619999999991,no,0
737,1593.510000000002,no,0
738,2593.1199999999963,no,0
739,160.06,no,0
740,6644.849999999933,yes,2
741,3414.599999999985,no,0
742,3950.9600000000046,no,0
743,1988.9700000000064,no,0
744,4730.309999999961,no,0
745,6713.50999999989,yes,2
746,569.0500000000001,no,0
747,1166.730000000001,no,0
748,2709.1799999999994,no,0
749,1066.6199999999992,no,0
750,598.6200000000005,no,0
751,521.0400000000001,no,0
752,3792.5599999999795,no,0
753,2177.130000000001,no,0
754,1535.130000000003,no,0
755,10617.049999999974,yes,12
756,690.4199999999998,no,0
757,2023.3700000000033,no,0
758,344.9199999999999,no,0
759,1274.090000000001,no,0
760,1872.5200000000023,no,0
761,9036.009999999924,yes,11
762,8982.78999999988,no,0
763,2815.5799999999936,no,0
764,3196.779999999991,yes,3
765,1586.5800000000029,no,0
766,8350.08999999989,yes,1
767,562.7700000000004,no,0
768,6681.349999999931,yes,3
769,1543.6300000000017,no,0
770,2246.3600000000006,no,0
771,7990.9699999999,yes,3
772,271.8800000000001,no,0
773,899.630000000001,no,0
774,909.9600000000004,no,0
775,1121.0,no,0
776,3153.6999999999953,no,0
777,2745.749999999993,no,0
778,2285.5899999999965,no,0
779,3918.2799999999747,no,0
780,579.7200000000001,no,0
781,1665.510000000002,no,0
782,1557.0500000000018,no,0
783,387.3400000000002,no,0
784,3117.6599999999935,no,0
785,2089.8000000000025,no,0
786,7434.06999999991,no,0
787,2504.5899999999942,no,0
788,7514.199999999968,yes,10
789,370.3000000000001,no,0
790,2842.6299999999837,no,0
791,303.00999999999993,no,0
792,337.10999999999996,no,0
793,1832.0300000000036,yes,2
794,1752.5000000000016,no,0
795,1295.910000000001,no,0
796,445.65,no,0
797,3059.5699999999865,no,0
798,1586.580000000002,no,0
799,2084.1100000000024,no,0
800,10426.579999999894,no,0
801,1652.0700000000024,no,0
802,2154.430000000001,no,0
803,2036.8400000000065,no,0
804,3917.7399999999857,no,0
805,5565.46999999997,yes,10
806,5875.349999999957,no,0
807,4014.019999999977,yes,5
808,2317.8999999999955,no,0
809,619.7500000000002,no,0
810,540.1000000000004,no,0
811,680.2299999999999,no,0
812,1165.2700000000011,no,0
813,2065.100000000001,no,0
814,773.7599999999998,no,0
815,1802.370000000003,no,0
816,3468.65999999998,no,0
817,4801.849999999969,no,0
818,1724.5900000000004,no,0
819,161.75,no,0
820,4603.979999999974,no,0
821,464.55999999999995,no,0
822,866.5600000000009,no,0
823,2590.149999999994,no,0
824,1167.0300000000004,no,0
825,11835.019999999926,yes,13
826,203.00999999999993,no,0
827,326.88000000000005,no,0
828,1123.1600000000012,no,0
829,1635.2100000000028,no,0
830,1694.3200000000008,no,0
831,8831.349999999935,no,0
832,479.2400000000002,no,0
833,1975.5600000000022,no,0
834,946.2800000000005,no,0
835,273.81000000000006,no,0
836,1564.3500000000026,no,0
837,793.38,no,0
838,384.69,no,0
839,846.7000000000011,no,0
840,11944.569999999854,yes,1
841,2550.37,no,0
842,7527.269999999982,no,0
843,2619.2299999999964,no,0
844,5399.639999999933,no,0
845,5097.2799999999625,yes,3
846,1120.900000000001,no,0
847,1463.3200000000015,no,0
848,2684.129999999997,no,0
849,4599.51999999996,no,0
850,1252.9100000000024,no,0
851,166.78000000000006,no,0
852,1943.7300000000046,no,0
853,13497.289999999806,no,0
854,551.87,no,0
855,5617.789999999961,no,0
856,5080.039999999968,no,0
857,4040.809999999976,no,0
858,594.2300000000001,no,0
859,7074.199999999931,no,0
860,261.06000000000006,no,0
861,1382.530000000002,no,0
862,1753.9000000000046,no,0
863,2183.5300000000007,no,0
864,7892.969999999928,yes,12
865,1887.730000000002,no,0
866,5519.349999999973,no,0
867,6088.839999999946,yes,6
868,6836.649999999932,no,0
869,1428.6700000000021,no,0
870,241.41,no,0
871,10435.959999999879,no,0
872,172.07000000000002,no,0
873,2938.149999999998,no,0
874,222.22,no,0
875,1473.2700000000018,no,0
876,5899.03999999995,no,0
877,3355.069999999986,yes,10
878,5980.719999999957,yes,2
879,2448.5999999999967,no,0
880,197.39000000000004,no,0
881,4295.109999999979,no,0
882,4609.799999999973,no,0
883,10165.12999999995,yes,4
884,674.35,no,0
885,2602.7999999999965,no,0
886,4890.10999999998,no,0
887,1133.71,no,0
888,8689.009999999884,yes,12
889,12983.010000000024,yes,23
890,1068.910000000001,no,0
891,7035.209999999915,no,0
892,443.3100000000002,no,0
893,4729.009999999973,no,0
894,1095.2900000000016,no,0
895,8700.149999999936,yes,3
896,5274.459999999963,yes,1
897,840.2300000000002,no,0
898,8355.2299999999,no,0
899,315.1499999999999,no,0
900,16450.53000000003,no,0
901,2766.7000000000025,no,0
902,135.23000000000002,no,0
903,2949.559999999994,no,0
904,890.2500000000003,no,0
905,851.930000000001,no,0
906,7048.709999999959,yes,1
907,1953.0600000000024,no,0
908,6097.469999999948,yes,2
909,12414.55999999991,yes,1
910,1158.1100000000004,no,0
911,3696.759999999975,yes,2
912,1164.110000000001,no,0
913,1830.6300000000037,no,0
914,1834.0800000000017,no,0
915,970.1100000000025,no,0
916,3764.599999999982,no,0
917,488.4800000000002,no,0
918,3135.379999999989,no,0
919,1469.4500000000016,no,0
920,5887.359999999963,yes,4
921,101.30000000000003,no,0
922,3336.989999999982,no,0
923,3305.5399999999963,no,0
924,2336.180000000002,no,0
925,485.2400000000003,no,0
926,7274.099999999928,no,0
927,1530.880000000002,no,0
928,3571.6999999999853,no,0
929,5342.549999999955,yes,4
930,966.8800000000001,no,0
931,4967.069999999965,yes,29
932,5845.95999999997,no,0
933,2175.190000000002,no,0
934,10709.379999999966,yes,1
935,1564.670000000001,no,0
936,7089.489999999958,yes,4
937,1669.8900000000065,no,0
938,1647.3600000000004,no,0
939,5254.659999999966,no,0
940,1261.6200000000022,no,0
941,2206.0599999999995,no,0
942,5890.139999999923,no,0
943,3434.139999999988,no,0
944,2859.7599999999943,no,0
945,1926.0300000000027,no,0
946,2530.4499999999985,no,0
947,2305.509999999997,yes,4
948,304.85000000000014,no,0
949,5799.969999999958,yes,3
950,2027.0000000000043,no,0
951,690.2200000000004,no,0
952,2201.470000000002,no,0
953,2513.3900000000012,no,0
954,2537.4299999999967,yes,2
955,4053.689999999981,no,0
956,10231.92999999992,yes,1
957,3754.899999999979,no,0
958,313.36999999999995,no,0
959,1074.690000000001,no,0
960,2447.4899999999975,no,0
961,3956.269999999977,no,0
962,1530.4400000000026,no,0
963,2036.660000000002,no,0
964,2044.8499999999992,no,0
965,1764.0700000000018,no,0
966,202.06000000000003,no,0
967,299.38,no,0
968,9805.109999999922,yes,1
969,311.5900000000002,no,0
970,691.4499999999999,no,0
971,3676.149999999978,no,0
972,4219.179999999978,yes,1
973,13486.319999999869,no,0
974,1993.060000000002,no,0
975,4769.3099999999795,no,0
976,6190.509999999918,no,0
977,1036.5199999999995,no,0
978,3014.349999999989,no,0
979,12854.659999999894,yes,28
980,1330.2200000000012,no,0
981,1394.1100000000008,no,0
982,18790.34000000015,yes,19
983,3807.1499999999814,yes,2
984,1219.7100000000019,no,0
985,2057.4700000000034,no,0
986,1827.8700000000024,no,0
987,2334.53,no,0
988,6109.17999999996,yes,4
989,4663.37999999996,no,0
990,247.12000000000006,no,0
991,1419.88,no,0
992,823.3500000000003,no,0
993,3064.869999999989,yes,6
994,581.4500000000005,no,0
995,1217.1600000000003,no,0
996,2220.8500000000013,no,0
997,4646.809999999969,no,0
998,8305.389999999943,yes,1
999,2154.250000000002,no,0
1000,4150.759999999976,yes,4
1001,4081.9999999999795,no,0
1002,973.93,no,0
1003,2588.7299999999946,no,0
1004,3708.7199999999784,no,0
1005,2470.0899999999983,yes,5
1006,161.48000000000005,no,0
1007,1368.970000000002,no,0
1008,511.12000000000023,no,0
1009,125.51999999999995,no,0
1010,2486.3900000000026,no,0
1011,3495.199999999981,yes,3
1012,2342.5099999999934,yes,1
1013,947.030000000001,no,0
1014,4199.75999999996,no,0
1015,3807.719999999991,yes,4
1016,3089.8399999999865,no,0
1017,3436.259999999994,yes,1
1018,2138.590000000003,no,0
1019,1553.5600000000022,no,0
1020,9561.459999999903,yes,1
1021,2086.1200000000026,no,0
1022,263.27,no,0
1023,38319.79000000043,no,0
1024,9448.749999999933,yes,1
1025,3552.1299999999906,no,0
1026,412.5400000000002,no,0
1027,1064.9900000000007,no,0
1028,121.90999999999995,no,0
1029,13785.549999999967,yes,5
1030,1260.2900000000016,no,0
1031,4232.119999999972,no,0
1032,2473.7599999999984,no,0
1033,1366.9700000000014,no,0
1034,840.8700000000003,no,0
1035,183.03999999999996,no,0
1036,1231.1700000000023,no,0
1037,1076.69,no,0
1038,1601.9999999999998,no,0
1039,5168.379999999954,yes,3
1040,5664.739999999935,yes,1
1041,7156.699999999936,no,0
1042,5284.119999999969,no,0
1043,988.7299999999997,no,0
1044,423.51000000000045,no,0
1045,4893.109999999958,no,0
1046,4314.949999999962,no,0
1047,1052.9400000000007,no,0
1048,1934.4500000000019,no,0
1049,698.0600000000007,no,0
1050,5134.889999999968,no,0
1051,2275.670000000001,no,0
1052,231.65999999999997,no,0
1053,4616.419999999975,no,0
1054,1035.1900000000012,no,0
1055,1204.4100000000026,no,0
1056,4871.089999999953,no,0
1057,8219.339999999896,no,0
1058,3280.1800000000035,no,0
1059,72.91,no,0
1060,6096.9299999999575,no,0
1061,6211.669999999958,no,0
1062,1495.7600000000018,no,0
1063,1327.4800000000007,no,0
1064,3074.6799999999876,yes,5
1065,5167.159999999972,no,0
1066,3114.3399999999815,yes,4
1067,3741.91999999998,no,0
1068,1321.8500000000004,no,0
1069,3433.2699999999913,no,0
1070,5187.129999999959,no,0
1071,2052.289999999999,no,0
1072,2694.799999999993,no,0
1073,3014.079999999988,no,0
1074,7769.219999999909,yes,4
1075,1469.020000000002,no,0
1076,2241.010000000001,no,0
1077,1492.810000000001,no,0
1078,6885.689999999936,no,0
1079,1001.3000000000003,no,0
1080,2206.110000000003,no,0
1081,10201.549999999876,yes,2
1082,2032.5400000000036,no,0
1083,1396.9300000000012,yes,1
1084,2363.1599999999985,no,0
1085,4805.999999999976,no,0
1086,1188.6100000000013,no,0
1087,3010.2399999999957,no,0
1088,1439.6100000000017,no,0
1089,2404.9800000000027,no,0
1090,307.87,no,0
1091,5617.399999999955,no,0
1092,944.6899999999998,no,0
1093,993.760000000001,no,0
1094,5935.569999999952,no,0
1095,599.5400000000005,no,0
1096,592.3600000000001,no,0
1097,8806.329999999925,no,0
1098,9500.699999999899,yes,16
1099,683.1300000000003,no,0
1100,313.41,no,0
1101,190.78,no,0
1102,2263.3999999999996,no,0
1103,6104.189999999943,no,0
1104,3378.1599999999776,no,0
1105,500.14000000000004,no,0
1106,683.26,no,0
1107,877.3200000000006,no,0
1108,292.0999999999999,no,0
1109,3058.999999999987,no,0
1110,5508.469999999976,no,0
1111,18894.7200000002,no,0
1112,1889.4500000000023,no,0
1113,4391.299999999967,yes,5
1114,970.9500000000005,no,0
1115,1828.6400000000003,no,0
1116,2779.1400000000012,no,0
1117,3667.439999999986,no,0
1118,945.8900000000002,no,0
1119,2232.750000000001,no,0
1120,1737.8400000000024,no,0
1121,2486.6399999999994,no,0
1122,1236.9800000000023,no,0
1123,3915.809999999985,no,0
1124,1896.3899999999996,no,0
1125,691.100000000001,no,0
1126,2543.359999999999,no,0
1127,1563.5300000000022,no,0
1128,3026.999999999996,no,0
1129,2401.4100000000003,no,0
1130,6563.149999999924,yes,1
1131,3034.7699999999913,no,0
1132,2073.620000000003,no,0
1133,1377.660000000001,no,0
1134,5050.529999999956,no,0
1135,748.8800000000001,no,0
1136,1934.1100000000042,no,0
1137,2121.8900000000017,no,0
1138,4546.369999999972,no,0
1139,7539.549999999909,no,0
1140,1164.18,no,0
1141,1137.2800000000004,no,0
1142,15178.959999999857,yes,1
1143,173.31000000000003,no,0
1144,187.09000000000003,no,0
1145,3875.1699999999887,no,0
1146,8854.639999999972,yes,12
1147,3779.3599999999806,no,0
1148,478.59000000000026,no,0
1149,307.90999999999997,no,0
1150,845.3900000000004,no,0
1151,2808.9099999999926,no,0
1152,1305.6600000000008,no,0
1153,1142.860000000002,no,0
1154,3803.5499999999765,no,0
1155,2053.0200000000027,no,0
1156,999.3300000000004,no,0
1157,2779.8599999999915,no,0
1158,2903.199999999996,no,0
1159,4468.629999999955,no,0
1160,4377.959999999983,no,0
1161,1377.5700000000013,no,0
1162,431.76,no,0
1163,4808.009999999965,no,0
1164,4689.34999999995,no,0
1165,1413.5200000000011,no,0
1166,12300.619999999906,yes,11
1167,6798.78999999992,yes,2
1168,874.2300000000001,no,0
1169,5159.399999999975,no,0
1170,68.45,no,0
1171,996.6000000000006,no,0
1172,4569.239999999977,no,0
1173,655.7700000000004,no,0
1174,2156.650000000004,no,0
1175,7403.509999999919,yes,5
1176,240.85000000000002,no,0
1177,337.98000000000013,no,0
1178,5022.279999999951,no,0
1179,9428.399999999941,no,0
1180,5430.039999999968,no,0
1181,2196.580000000002,no,0
1182,1966.3800000000033,no,0
1183,260.0399999999999,no,0
1184,713.9000000000005,no,0
1185,1334.1799999999998,no,0
1186,6060.379999999929,no,0
1187,2996.1800000000003,no,0
1188,3722.2199999999834,no,0
1189,954.2100000000004,no,0
1190,3327.019999999984,no,0
1191,2485.869999999994,no,0
1192,1482.5400000000027,no,0
1193,4723.649999999961,no,0
1194,1276.7400000000007,no,0
1195,1271.0900000000017,no,0
1196,1915.9500000000014,no,0
1197,7988.72999999992,yes,21
1198,1004.6000000000014,no,0
1199,163.57000000000002,no,0
1200,1619.450000000002,no,0
1201,537.6000000000001,no,0
1202,587.4700000000003,no,0
1203,6385.439999999945,no,0
1204,2043.1300000000022,no,0
1205,4383.719999999991,no,0
1206,6172.129999999934,no,0
1207,765.3700000000001,no,0
1208,1078.0600000000004,no,0
1209,361.42000000000013,no,0
1210,921.3300000000003,no,0
1211,9045.039999999924,no,0
1212,195.26999999999998,no,0
1213,622.2200000000004,no,0
1214,122.95,no,0
1215,786.45,no,0
1216,5303.52999999994,no,0
1217,2656.8999999999937,no,0
1218,3093.5299999999875,no,0
1219,823.08,no,0
1220,787.0400000000005,no,0
1221,652.3400000000005,no,0
1222,5833.389999999952,no,0
1223,1743.6900000000016,no,0
1224,2363.779999999999,no,0
1225,1415.3800000000022,no,0
1226,6237.459999999939,no,0
1227,3810.359999999976,no,0
1228,14503.889999999968,yes,6
1229,18304.310000000078,yes,6
1230,258.53000000000014,no,0
1231,1919.790000000003,no,0
1232,488.4900000000001,no,0
1233,1778.5200000000036,no,0
1234,5547.829999999959,no,0
1235,894.0000000000007,no,0
1236,3993.0099999999834,no,0
1237,1051.1600000000008,no,0
1238,4678.609999999977,yes,2
1239,2068.5000000000055,no,0
1240,11250.069999999867,no,0
1241,2041.450000000004,no,0
1242,830.1100000000002,no,0
1243,249.7,no,0
1244,603.4499999999999,no,0
1245,4469.269999999976,no,0
1246,5428.24999999995,no,0
1247,6639.949999999922,yes,4
1248,9091.289999999912,yes,1
1249,491.6200000000001,no,0
1250,203.17000000000002,no,0
1251,325.77000000000015,no,0
1252,1152.7799999999997,no,0
1253,570.15,no,0
1254,252.30999999999997,no,0
1255,522.3000000000001,no,0
1256,5274.319999999946,yes,6
1257,1389.120000000002,no,0
1258,3502.44999999999,no,0
1259,1163.6200000000017,no,0
1260,11200.799999999848,no,0
1261,3777.979999999988,yes,1
1262,769.7200000000001,no,0
1263,5257.43999999996,no,0
1264,6458.779999999944,no,0
1265,1409.8700000000022,no,0
1266,1657.1100000000004,no,0
1267,1689.8400000000042,no,0
1268,3013.559999999991,no,0
1269,2595.1699999999955,no,0
1270,3455.3199999999833,no,0
1271,4155.519999999974,no,0
1272,10019.449999999868,no,0
1273,265.03999999999996,no,0
1274,12503.23999999995,no,0
1275,137.63,no,0
1276,623.4500000000002,no,0
1277,5900.809999999954,no,0
1278,738.3400000000003,no,0
1279,4793.459999999945,no,0
1280,427.6299999999999,no,0
1281,788.4000000000003,no,0
1282,5957.479999999951,no,0
1283,332.4599999999999,no,0
1284,1974.490000000002,no,0
1285,5048.589999999977,yes,1
1286,595.0,no,0
1287,2817.999999999986,yes,2
1288,1896.5000000000002,no,0
1289,1512.0799999999977,no,0
1290,1060.2400000000007,no,0
1291,3290.009999999991,no,0
1292,520.3200000000002,no,0
1293,2762.7999999999997,no,0
1294,4829.319999999958,yes,1
1295,1637.4100000000026,no,0
1296,2124.430000000003,no,0
1297,2733.279999999998,no,0
1298,1487.9900000000023,no,0
1299,5959.569999999958,yes,6
1300,2959.6499999999905,no,0
1301,1494.2200000000012,no,0
1302,757.9500000000002,no,0
1303,6344.089999999941,yes,1
1304,899.4900000000006,no,0
1305,7552.929999999948,yes,2
1306,3041.689999999989,no,0
1307,2049.5800000000036,no,0
1308,320.58000000000027,no,0
1309,158.48000000000002,no,0
1310,857.9799999999992,no,0
1311,685.6300000000001,no,0
1312,5055.879999999963,no,0
1313,1030.9700000000007,no,0
1314,14330.399999999938,no,0
1315,645.3599999999999,no,0
1316,3736.4799999999773,no,0
1317,4065.239999999992,no,0
1318,5583.959999999945,yes,6
1319,1059.7900000000004,no,0
1320,360.42999999999984,no,0
1321,1888.1300000000056,no,0
1322,260.65000000000003,no,0
1323,297.05000000000007,no,0
1324,2667.2299999999987,no,0
1325,2835.9899999999884,no,0
1326,8831.209999999935,yes,1
1327,477.17000000000036,no,0
1328,2544.8900000000012,no,0
1329,1546.0500000000031,no,0
1330,2177.5500000000034,no,0
1331,1821.0300000000027,no,0
1332,2047.2600000000011,no,0
1333,7709.849999999904,yes,8
1334,629.5799999999999,no,0
1335,978.8699999999999,no,0
1336,6035.209999999973,no,0
1337,11500.759999999935,yes,4
1338,1783.9799999999964,no,0
1339,390.16,no,0
1340,512.5300000000002,no,0
1341,434.7700000000001,no,0
1342,160.01999999999998,no,0
1343,267.19,no,0
1344,2728.7799999999957,no,0
1345,1348.5600000000027,no,0
1346,1174.3100000000015,no,0
1347,3360.339999999981,yes,2
1348,324.2200000000002,no,0
1349,5380.219999999954,no,0
1350,2568.6000000000017,no,0
1351,564.4000000000002,no,0
1352,5398.949999999957,no,0
1353,4019.909999999986,no,0
1354,2534.7599999999948,no,0
1355,547.8200000000004,no,0
1356,2239.3400000000024,yes,1
1357,3061.8999999999937,yes,3
1358,2466.6800000000057,no,0
1359,1192.6800000000017,no,0
1360,630.1900000000007,no,0
1361,608.5800000000007,no,0
1362,1418.7600000000011,no,0
1363,4075.3999999999646,no,0
1364,2466.0499999999956,yes,1
1365,103.65,no,0
1366,4242.619999999977,no,0
1367,12125.479999999925,yes,1
1368,2766.969999999994,no,0
1369,3105.709999999985,no,0
1370,8531.889999999916,no,0
1371,835.7100000000008,no,0
1372,1337.0700000000015,no,0
1373,657.5200000000007,no,0
1374,2841.559999999993,no,0
1375,3745.409999999974,no,0
1376,11041.409999999929,yes,10
1377,791.3400000000001,no,0
1378,6933.719999999891,no,0
1379,13995.219999999985,no,0
1380,349.81,no,0
1381,134.39999999999998,no,0
1382,3082.4699999999916,no,0
1383,1532.6500000000026,no,0
1384,827.4599999999992,no,0
1385,5637.509999999961,no,0
1386,111.15,no,0
1387,2057.950000000005,no,0
1388,6949.159999999914,no,0
1389,2841.159999999996,no,0
1390,4879.859999999981,no,0
1391,8105.7399999999125,yes,1
1392,2315.07,no,0
1393,5950.889999999961,yes,6
1394,4391.579999999968,yes,3
1395,1142.4200000000003,no,0
1396,7177.059999999928,yes,1
1397,5707.599999999962,yes,1
1398,404.9600000000001,no,0
1399,1032.6300000000008,no,0
1400,284.3100000000002,no,0
1401,587.37,no,0
1402,2245.759999999995,no,0
1403,3673.2599999999934,no,0
1404,1248.1900000000012,no,0
1405,2480.8800000000015,no,0
1406,3790.4399999999787,no,0
1407,1615.9400000000035,no,0
1408,1055.2900000000016,no,0
1409,4324.029999999975,no,0
1410,2525.9399999999973,no,0
1411,131.51999999999998,no,0
1412,4053.149999999981,yes,3
1413,344.0600000000002,no,0
1414,274.03000000000003,no,0
1415,271.40999999999997,no,0
1416,91.65000000000003,no,0
1417,3703.9299999999885,yes,3
1418,2735.199999999991,no,0
1419,7634.569999999956,yes,8
1420,3891.969999999987,no,0
1421,5535.199999999988,yes,14
1422,481.77000000000004,no,0
1423,1695.7600000000014,yes,2
1424,595.2200000000003,no,0
1425,3828.599999999986,no,0
1426,2330.870000000002,no,0
1427,2640.4699999999966,no,0
1428,4911.529999999965,yes,1
1429,818.5600000000002,yes,1
1430,20352.990000000238,yes,1
1431,2718.3999999999887,no,0
1432,336.95000000000005,no,0
1433,70.04,no,0
1434,4160.329999999969,no,0
1435,511.78,no,0
1436,134.89000000000001,no,0
1437,4775.5599999999595,yes,6
1438,2130.770000000001,no,0
1439,555.5600000000003,no,0
1440,2551.5799999999967,no,0
1441,401.4699999999999,no,0
1442,312.49999999999994,no,0
1443,2221.4799999999973,no,0
1444,323.99000000000007,no,0
1445,5130.589999999943,yes,1
1446,2095.8300000000027,no,0
1447,604.9500000000005,no,0
1448,1927.3300000000002,no,0
1449,405.8300000000002,no,0
1450,1647.2000000000007,no,0
1451,6700.049999999965,yes,12
1452,1884.0499999999925,no,0
1453,21661.290000000652,yes,21
1454,4933.999999999974,no,0
1455,820.1799999999996,no,0
1456,1506.5000000000014,no,0
1457,2667.339999999997,no,0
1458,3480.629999999982,yes,1
1459,4769.039999999964,no,0
1460,2455.6799999999944,yes,1
1461,7246.199999999956,no,0
1462,4829.999999999946,yes,1
1463,3460.1499999999965,yes,1
1464,2474.400000000001,no,0
1465,1038.520000000001,no,0
1466,1029.4700000000003,no,0
1467,2957.8199999999906,no,0
1468,4131.72999999997,no,0
1469,1160.000000000002,no,0
1470,1991.3300000000036,no,0
1471,486.71999999999986,no,0
1472,269.5400000000001,no,0
1473,4339.149999999959,no,0
1474,2445.8700000000003,no,0
1475,14855.20999999986,yes,13
1476,9481.749999999958,no,0
1477,279.20000000000016,no,0
1478,88.59,no,0
1479,9129.229999999923,no,0
1480,152.21000000000004,no,0
1481,3298.7699999999845,no,0
1482,1042.3500000000004,no,0
1483,4725.269999999968,yes,2
1484,3209.3899999999817,no,0
1485,2187.88,yes,3
1486,548.3200000000003,no,0
1487,1471.280000000002,no,0
1488,3246.9199999999946,yes,6
1489,17251.529999999846,no,0
1490,5064.699999999967,no,0
1491,5635.969999999937,yes,1
1492,1226.2900000000018,no,0
1493,943.1300000000003,no,0
1494,2595.089999999997,yes,2
1495,1779.860000000004,no,0
1496,852.9500000000008,no,0
1497,527.3000000000003,no,0
1498,960.1800000000007,no,0
1499,2106.090000000002,no,0
1500,1051.1200000000003,no,0
1501,8490.729999999889,no,0
1502,2160.820000000001,no,0
1503,117.69000000000001,no,0
1504,66.33,no,0
1505,4053.229999999982,yes,3
1506,2389.2000000000007,no,0
1507,1499.3700000000013,no,0
1508,1849.2000000000012,yes,4
1509,6452.829999999928,yes,1
1510,11211.37,no,0
1511,3740.1599999999803,yes,1
1512,1674.2300000000005,no,0
1513,931.890000000001,no,0
1514,2355.309999999994,no,0
1515,4158.19999999997,no,0
1516,189.65999999999997,no,0
1517,3871.0399999999936,no,0
1518,1373.7700000000018,no,0
1519,2425.6599999999953,no,0
1520,3839.3599999999897,no,0
1521,753.9499999999999,no,0
1522,1086.56,no,0
1523,1668.300000000002,no,0
1524,2800.8099999999954,no,0
1525,1645.2500000000005,no,0
1526,2901.089999999983,no,0
1527,17295.17999999996,no,0
1528,8086.549999999896,yes,1
1529,9025.509999999907,yes,19
1530,879.9300000000004,no,0
1531,978.9100000000011,no,0
1532,1916.0200000000036,no,0
1533,255.2400000000001,no,0
1534,8449.679999999918,yes,15
1535,8453.649999999894,no,0
1536,6960.189999999948,no,0
1537,2878.579999999992,no,0
1538,504.9199999999999,no,0
1539,79.41000000000001,no,0
1540,3598.689999999983,no,0
1541,7743.349999999924,yes,6
1542,1969.9300000000026,no,0
1543,2612.3999999999965,no,0
1544,2457.9300000000017,no,0
1545,3948.5299999999784,no,0
1546,4095.3699999999844,no,0
1547,2222.050000000003,no,0
1548,3850.5299999999716,no,0
1549,1988.9100000000012,no,0
1550,2542.449999999993,no,0
1551,800.1100000000005,no,0
1552,1084.760000000001,no,0
1553,140.83999999999997,no,0
1554,982.7600000000002,no,0
1555,1446.5400000000018,no,0
1556,3799.799999999981,no,0
1557,6528.3599999999215,no,0
1558,4487.099999999965,no,0
1559,2725.4199999999937,no,0
1560,1209.0400000000002,no,0
1561,401.40999999999985,no,0
1562,1198.0200000000007,no,0
1563,4754.879999999973,no,0
1564,437.7700000000003,no,0
1565,447.91000000000025,no,0
1566,10567.70999999994,yes,4
1567,2124.2300000000023,no,0
1568,4575.939999999978,yes,2
1569,1345.5900000000017,no,0
1570,2389.9599999999987,no,0
1571,567.8700000000003,no,0
1572,2544.409999999997,no,0
1573,372.8700000000001,no,0
1574,3616.0299999999893,no,0
1575,1642.4900000000032,no,0
1576,471.1100000000001,no,0
1577,3794.6099999999833,no,0
1578,2846.8099999999904,no,0
1579,12695.249999999867,no,0
1580,1771.0199999999968,no,0
1581,1249.260000000001,yes,1
1582,1907.0200000000023,no,0
1583,338.28000000000014,no,0
1584,7435.379999999907,no,0
1585,9353.849999999897,no,0
1586,2237.2100000000005,no,0
1587,714.6100000000005,no,0
1588,5199.97999999994,yes,1
1589,341.5400000000001,no,0
1590,8033.789999999888,yes,3
1591,4844.959999999974,yes,28
1592,2371.5899999999974,no,0
1593,1789.1000000000035,yes,1
1594,2986.1299999999965,no,0
1595,5644.069999999957,no,0
1596,2154.630000000003,no,0
1597,801.6300000000003,no,0
1598,11516.829999999938,yes,1
1599,6161.209999999944,no,0
1600,914.7000000000002,no,0
1601,1288.54,no,0
1602,6425.139999999916,yes,4
1603,492.7200000000005,no,0
1604,818.4099999999993,no,0
1605,729.2199999999997,no,0
1606,1131.9100000000017,no,0
1607,3882.879999999995,no,0
1608,1399.8899999999996,no,0
1609,27859.6800000005,yes,4
1610,164.49,no,0
1611,677.4599999999997,no,0
1612,8429.04999999994,no,0
1613,6699.489999999923,no,0
1614,518.1600000000001,no,0
1615,869.2800000000013,no,0
1616,1235.7200000000012,no,0
1617,4067.7999999999847,no,0
1618,4562.479999999968,yes,8
1619,4454.729999999962,no,0
1620,9219.349999999951,no,0
1621,3231.4799999999946,no,0
1622,3844.309999999977,no,0
1623,4733.619999999985,no,0
1624,1567.8100000000018,no,0
1625,464.63999999999965,no,0
1626,42.959999999999994,no,0
1627,3484.019999999984,yes,1
1628,546.7800000000004,no,0
1629,590.7100000000004,no,0
1630,9265.319999999883,yes,3
1631,10427.209999999923,no,0
1632,2104.9100000000026,no,0
1633,10162.779999999919,yes,11
1634,4616.139999999987,yes,2
1635,128.98,no,0
1636,1197.770000000001,no,0
1637,1170.1300000000006,no,0
1638,552.18,no,0
1639,2578.0999999999963,no,0
1640,4410.099999999986,no,0
1641,577.6200000000001,no,0
1642,2096.120000000003,yes,2
1643,1461.4000000000005,no,0
1644,397.4800000000001,no,0
1645,296.52,no,0
1646,1553.5300000000022,no,0
1647,50.489999999999995,no,0
1648,5250.359999999981,yes,5
1649,1132.4000000000012,no,0
1650,2259.1599999999985,no,0
1651,2025.080000000003,yes,7
1652,946.0,no,0
1653,19153.750000000106,yes,1
1654,786.5300000000001,no,0
1655,502.77000000000015,no,0
1656,458.2199999999999,no,0
1657,647.9000000000001,no,0
1658,1778.6700000000014,no,0
1659,2820.609999999987,no,0
1660,2045.5000000000014,no,0
1661,1425.4000000000026,no,0
1662,8617.939999999877,no,0
1663,1834.0599999999997,no,0
1664,2194.3100000000027,no,0
1665,1556.8400000000022,no,0
1666,1078.4700000000003,no,0
1667,891.1000000000001,no,0
1668,2283.6899999999982,no,0
1669,297.96999999999997,no,0
1670,96.48000000000003,no,0
1671,1420.410000000001,no,0
1672,1718.0800000000002,no,0
1673,4773.849999999971,no,0
1674,120.27999999999997,no,0
1675,4862.089999999981,yes,1
1676,5203.429999999943,yes,2
1677,12559.609999999877,yes,5
1678,2613.989999999994,no,0
1679,276.13000000000017,no,0
1680,2039.6800000000053,no,0
1681,2602.279999999997,no,0
1682,158.93000000000004,no,0
1683,1920.9900000000039,no,0
1684,1449.5800000000024,no,0
1685,1571.370000000003,no,0
1686,1313.7599999999995,no,0
1687,3766.2699999999686,yes,9
1688,971.1200000000008,no,0
1689,2711.789999999995,no,0
1690,1508.0400000000027,no,0
1691,2283.6899999999964,no,0
1692,2017.1800000000023,no,0
1693,8354.549999999876,yes,2
1694,8055.469999999946,yes,7
1695,1174.5600000000006,no,0
1696,2640.0099999999948,no,0
1697,949.0100000000006,no,0
1698,1757.510000000004,no,0
1699,1064.8400000000008,no,0
1700,1606.6900000000005,no,0
1701,1390.2800000000004,no,0
1702,1927.0500000000054,no,0
1703,4648.879999999978,no,0
1704,400.83,no,0
1705,1805.9300000000026,no,0
1706,360.07,no,0
1707,6580.489999999926,yes,1
1708,3571.5999999999867,yes,3
1709,2141.6400000000012,no,0
1710,11984.589999999911,yes,4
1711,664.9800000000005,no,0
1712,728.9300000000006,no,0
1713,1733.8100000000024,no,0
1714,264.71999999999997,no,0
1715,983.530000000001,no,0
1716,1950.2600000000048,no,0
1717,1757.9000000000035,yes,2
1718,868.6900000000005,no,0
1719,3402.4499999999844,no,0
1720,5755.689999999938,no,0
1721,339.5899999999999,no,0
1722,11229.709999999923,yes,1
1723,4469.219999999977,no,0
1724,2626.97999999999,no,0
1725,826.7400000000007,no,0
1726,8131.909999999926,yes,27
1727,149.01,no,0
1728,1517.180000000002,no,0
1729,2910.6099999999915,no,0
1730,3509.7799999999984,no,0
1731,3451.8099999999936,no,0
1732,3427.2999999999815,yes,1
1733,1487.3700000000013,no,0
1734,161.78000000000006,no,0
1735,3902.7699999999736,no,0
1736,374.48000000000013,no,0
1737,350.9400000000003,no,0
1738,1379.3600000000017,no,0
1739,778.4000000000004,no,0
1740,11938.199999999892,no,0
1741,161.98999999999995,no,0
1742,2140.1000000000054,no,0
1743,1168.94,no,0
1744,1088.6200000000006,no,0
1745,2591.4799999999946,no,0
1746,2177.159999999998,no,0
1747,3066.5999999999894,no,0
1748,5161.779999999962,no,0
1749,4209.349999999978,no,0
1750,736.4200000000004,no,0
1751,4142.869999999992,yes,1
1752,6593.809999999954,no,0
1753,2964.049999999988,yes,2
1754,4120.159999999993,yes,2
1755,1202.5100000000016,no,0
1756,3344.289999999983,no,0
1757,253.10999999999993,no,0
1758,2041.9300000000048,no,0
1759,4009.61999999999,yes,1
1760,563.6400000000002,no,0
1761,1845.4600000000023,no,0
1762,15360.139999999908,yes,5
1763,3919.3699999999753,no,0
1764,11412.19999999992,yes,9
1765,2949.0099999999925,no,0
1766,460.6800000000001,no,0
1767,9204.219999999923,no,0
1768,1522.4700000000005,no,0
1769,7447.279999999915,no,0
1770,8793.18999999991,no,0
1771,532.2000000000003,no,0
1772,2452.8799999999956,no,0
1773,3356.899999999981,yes,4
1774,5012.45999999996,no,0
1775,9485.13999999992,no,0
1776,3724.25999999997,no,0
1777,1169.9700000000016,no,0
1778,9336.299999999963,yes,11
1779,3508.5799999999904,no,0
1780,1413.680000000004,no,0
1781,3228.569999999977,no,0
1782,1742.8500000000017,no,0
1783,4125.88999999997,no,0
1784,1980.6200000000038,no,0
1785,1555.7000000000032,no,0
1786,409.7300000000003,no,0
1787,1097.5,no,0
1788,9072.279999999886,yes,3
1789,293.19000000000005,no,0
1790,1978.8300000000042,no,0
1791,2970.099999999988,yes,3
1792,3140.3299999999954,no,0
1793,1888.5500000000025,no,0
1794,3594.4799999999877,no,0
1795,9751.729999999967,yes,14
1796,2601.0599999999995,no,0
1797,5551.489999999948,yes,5
1798,2457.509999999997,no,0
1799,395.47,no,0
1800,3667.3099999999918,no,0
1801,758.7400000000004,no,0
1802,4835.439999999961,yes,1
1803,14420.899999999898,no,0
1804,10251.189999999931,yes,6
1805,792.1999999999998,no,0
1806,3979.5999999999754,no,0
1807,7773.209999999902,no,0
1808,1824.3300000000038,no,0
1809,1509.4100000000026,no,0
1810,4025.5899999999847,no,0
1811,852.5600000000006,no,0
1812,1948.9900000000018,no,0
1813,233.45000000000002,no,0
1814,4107.849999999969,no,0
1815,4405.469999999978,no,0
1816,3869.5099999999798,no,0
1817,1024.72,no,0
1818,1333.4300000000017,no,0
1819,1446.2300000000005,no,0
1820,4208.079999999984,yes,1
1821,4937.2699999999695,no,0
1822,3516.4399999999846,no,0
1823,12268.84999999999,yes,30
1824,3117.109999999984,no,0
1825,1831.840000000001,no,0
1826,1994.4700000000053,no,0
1827,682.2300000000007,no,0
1828,5813.769999999936,no,0
1829,6618.549999999922,no,0
1830,39.440000000000005,no,0
1831,5562.05999999995,yes,9
1832,1357.5500000000015,no,0
1833,2991.8099999999936,no,0
1834,3769.4999999999836,no,0
1835,10995.70999999989,no,0
1836,2991.9599999999878,no,0
1837,7528.499999999942,no,0
1838,1179.610000000001,no,0
1839,1764.1500000000026,yes,2
1840,337.2100000000001,no,0
1841,2401.779999999999,no,0
1842,906.650000000001,no,0
1843,770.1500000000002,no,0
1844,1523.8000000000013,no,0
1845,12647.60999999987,yes,2
1846,690.3900000000003,no,0
1847,2678.7099999999978,no,0
1848,10848.10999999985,no,0
1849,2666.4999999999986,no,0
1850,6882.109999999923,yes,2
1851,1255.550000000001,no,0
1852,9800.019999999891,no,0
1853,274.3899999999999,no,0
1854,7631.719999999878,yes,5
1855,251.95000000000002,no,0
1856,4661.529999999974,yes,10
1857,1755.300000000001,no,0
1858,2860.069999999993,no,0
1859,1791.2800000000025,no,0
1860,753.4200000000006,no,0
1861,1868.4500000000057,no,0
1862,2210.039999999994,no,0
1863,411.45,no,0
1864,16941.579999999914,yes,4
1865,6651.929999999918,no,0
1866,159.05,no,0
1867,1093.5100000000007,no,0
1868,700.9600000000006,no,0
1869,3630.619999999982,yes,5
1870,303.59999999999997,no,0
1871,547.4100000000005,no,0
1872,3762.96999999998,yes,1
1873,5686.819999999988,no,0
1874,834.2900000000003,no,0
1875,909.0500000000002,no,0
1876,86.19,no,0
1877,1975.0400000000004,no,0
1878,625.6400000000003,no,0
1879,4861.949999999951,no,0
1880,773.3900000000006,no,0
1881,2913.959999999998,no,0
1882,405.54,no,0
1883,2460.9799999999977,no,0
1884,592.7300000000001,no,0
1885,265.35,no,0
1886,406.25000000000017,no,0
1887,876.8800000000001,no,0
1888,135.61,no,0
1889,1803.8000000000027,no,0
1890,1934.4500000000012,no,0
1891,1344.7100000000003,no,0
1892,5532.209999999986,no,0
1893,373.71000000000015,no,0
1894,2335.469999999998,no,0
1895,927.5600000000009,no,0
1896,3378.3399999999874,no,0
1897,19.58,no,0
1898,717.7100000000004,no,0
1899,11276.799999999941,yes,10
1900,8541.139999999896,no,0
1901,11462.239999999918,no,0
1902,1646.0000000000014,no,0
1903,1152.3200000000015,no,0
1904,304.26000000000005,no,0
1905,1772.9100000000017,no,0
1906,8631.609999999902,no,0
1907,8939.49999999992,yes,3
1908,714.3100000000001,no,0
1909,546.9899999999998,no,0
1910,741.8300000000007,no,0
1911,1601.2700000000004,no,0
1912,2256.4499999999975,no,0
1913,895.76,no,0
1914,4075.94999999996,no,0
1915,485.8,no,0
1916,2885.6999999999916,no,0
1917,6787.99999999991,yes,7
1918,3012.4899999999902,no,0
1919,4154.949999999985,no,0
1920,1927.7400000000014,no,0
1921,1460.1200000000003,yes,3
1922,3096.939999999987,no,0
1923,4870.309999999968,yes,7
1924,6225.449999999935,no,0
1925,3019.1999999999857,no,0
1926,2145.7099999999996,no,0
1927,5097.279999999971,no,0
1928,2328.369999999997,yes,1
1929,4395.829999999975,no,0
1930,2674.8999999999946,no,0
1931,2211.0800000000027,no,0
1932,2678.779999999994,no,0
1933,2180.2200000000003,no,0
1934,542.8699999999999,no,0
1935,12371.259999999973,yes,9
1936,5029.859999999977,yes,1
1937,6742.439999999915,yes,17
1938,1032.9500000000005,no,0
1939,3784.6199999999835,no,0
1940,2392.719999999997,no,0
1941,742.8500000000001,no,0
1942,3135.0599999999836,no,0
1943,5116.5799999999745,no,0
1944,10942.8799999999,yes,10
1945,1020.5700000000003,no,0
1946,3312.45999999999,no,0
1947,7209.249999999936,yes,5
1948,1602.3200000000031,no,0
1949,1658.9600000000041,no,0
1950,746.7400000000002,no,0
1951,561.4800000000001,no,0
1952,1003.8700000000007,no,0
1953,2722.8099999999963,no,0
1954,1965.650000000001,no,0
1955,7634.499999999915,no,0
1956,2174.5499999999997,no,0
1957,1994.2300000000046,yes,6
1958,1017.8599999999997,no,0
1959,5592.539999999969,yes,1
1960,2637.779999999994,no,0
1961,1634.2200000000034,no,0
1962,3512.5499999999815,no,0
1963,2542.449999999997,yes,4
1964,1990.120000000002,no,0
1965,4142.689999999979,yes,4
1966,5307.889999999958,no,0
1967,1802.930000000003,no,0
1968,2479.969999999996,no,0
1969,2246.2000000000057,no,0
1970,1091.0800000000013,no,0
1971,5297.129999999966,no,0
1972,2435.729999999999,no,0
1973,1683.5500000000031,no,0
1974,5265.9999999999445,no,0
1975,17548.270000000088,yes,6
1976,3546.8099999999827,no,0
1977,357.99000000000007,no,0
1978,1459.6799999999998,no,0
1979,1146.6700000000008,no,0
1980,4443.149999999977,no,0
1981,1450.6800000000026,no,0
1982,4213.849999999989,no,0
1983,2497.8999999999955,no,0
1984,38.940000000000005,no,0
1985,8605.359999999922,yes,3
1986,230.05999999999997,no,0
1987,1973.5400000000031,no,0
1988,7907.929999999918,no,0
1989,3052.8699999999935,yes,8
1990,4593.259999999983,yes,10
1991,320.14000000000004,no,0
1992,528.6500000000002,no,0
1993,1359.3300000000008,no,0
1994,1069.0000000000007,no,0
1995,15332.42999999985,yes,7
1996,2654.1999999999907,no,0
1997,4295.679999999961,no,0
1998,2383.5399999999963,no,0
1999,783.33,no,0
2000,552.2899999999998,no,0
2001,1214.2800000000009,no,0
2002,2465.1199999999963,no,0
2003,1976.480000000004,no,0
2004,10053.869999999886,yes,16
2005,1439.1900000000019,no,0
2006,4873.23999999997,yes,1
2007,8887.749999999896,yes,23
2008,2332.4500000000057,no,0
2009,1506.8800000000022,no,0
2010,1605.9800000000023,no,0
2011,1367.3400000000006,yes,2
2012,8535.059999999972,no,0
2013,1182.470000000001,no,0
2014,1489.8900000000028,no,0
2015,6628.699999999924,no,0
2016,1728.5300000000002,no,0
2017,7106.619999999974,no,0
2018,4038.1499999999724,no,0
2019,13160.49999999997,yes,9
2020,8458.20999999989,no,0
2021,1393.2400000000016,no,0
2022,7875.779999999895,no,0
2023,1805.6300000000022,no,0
2024,4956.989999999954,yes,1
2025,1119.5400000000009,no,0
2026,1181.6300000000003,no,0
2027,1915.2800000000038,no,0
2028,1984.7300000000046,no,0
2029,1688.9000000000003,no,0
2030,2628.099999999993,no,0
2031,306.37000000000006,no,0
2032,1274.780000000001,no,0
2033,2512.7799999999984,no,0
2034,3118.3499999999926,no,0
2035,1083.6200000000008,no,0
2036,4064.4499999999716,no,0
2037,1743.9700000000055,no,0
2038,1489.8000000000022,no,0
2039,2260.4600000000023,no,0
2040,2968.5099999999916,no,0
2041,6406.98999999994,yes,1
2042,4809.0499999999765,yes,5
2043,1640.7900000000043,no,0
2044,1000.8400000000014,no,0
2045,310.6399999999999,no,0
2046,638.8000000000001,no,0
2047,4816.349999999977,no,0
2048,1538.4600000000028,no,0
2049,998.1200000000007,no,0
2050,5193.219999999974,no,0
2051,4923.159999999958,no,0
2052,131.82999999999998,no,0
2053,3351.3399999999856,no,0
2054,217.60000000000002,no,0
2055,2408.7399999999957,no,0
2056,2450.8,no,0
2057,3150.449999999993,yes,1
2058,5970.569999999934,no,0
2059,2359.120000000001,no,0
2060,629.9000000000001,no,0
2061,226.71000000000004,no,0
2062,5357.619999999954,yes,7
2063,2591.429999999992,no,0
2064,5424.849999999933,yes,2
2065,3268.3299999999863,no,0
2066,2141.7800000000007,yes,1
2067,120.00999999999998,no,0
2068,2561.4000000000005,no,0
2069,2068.17,no,0
2070,9210.419999999966,no,0
2071,1732.970000000002,no,0
2072,278.2800000000001,no,0
2073,1697.2300000000025,no,0
2074,678.7199999999997,no,0
2075,4736.509999999978,no,0
2076,8297.939999999917,no,0
2077,1835.1800000000019,no,0
2078,2323.9200000000014,no,0
2079,4802.86999999996,no,0
2080,5704.13999999996,yes,3
2081,921.8400000000004,no,0
2082,5082.409999999971,yes,3
2083,8308.389999999907,yes,1
2084,2937.9499999999985,yes,2
2085,12894.569999999927,yes,8
2086,6269.539999999932,no,0
2087,7832.739999999921,yes,6
2088,4905.7099999999755,yes,2
2089,159.9599999999999,no,0
2090,1201.0300000000007,no,0
2091,834.5600000000004,no,0
2092,2290.539999999999,no,0
2093,490.97999999999996,no,0
2094,3055.5199999999923,yes,3
2095,3790.489999999991,no,0
2096,1301.6500000000026,no,0
2097,8823.829999999938,no,0
2098,682.4600000000004,no,0
2099,691.3000000000001,no,0
2100,3185.3099999999918,yes,15
2101,420.01999999999964,no,0
2102,3619.759999999981,no,0
2103,361.01000000000005,no,0
2104,494.5700000000001,no,0
2105,899.9200000000004,no,0
2106,2807.0299999999916,no,0
2107,3409.0599999999863,no,0
2108,1830.9900000000061,no,0
2109,2508.2400000000002,no,0
2110,12470.02999999983,no,0
2111,2590.37,yes,1
2112,5116.149999999966,yes,4
2113,1599.0800000000042,no,0
2114,3170.2799999999907,no,0
2115,14774.859999999922,yes,2
2116,12228.089999999935,no,0
2117,1050.3900000000008,yes,1
2118,1107.7900000000009,no,0
2119,2295.16,no,0
2120,1643.2000000000016,no,0
2121,5582.789999999953,no,0
2122,441.84,no,0
2123,4332.44999999997,yes,10
2124,7859.409999999956,yes,20
2125,4833.289999999968,no,0
2126,4713.849999999954,no,0
2127,1461.82,no,0
2128,1877.7100000000005,no,0
2129,7164.989999999951,no,0
2130,6060.3899999999385,yes,15
2131,3982.869999999983,no,0
2132,575.87,no,0
2133,6759.919999999924,no,0
2134,9129.829999999884,yes,1
2135,779.2900000000006,no,0
2136,1552.430000000003,no,0
2137,2970.1399999999903,no,0
2138,1878.4800000000032,no,0
2139,4695.589999999972,no,0
2140,1567.8900000000026,no,0
2141,5246.669999999966,no,0
2142,7631.119999999918,no,0
2143,298.65000000000003,no,0
2144,2265.9000000000015,no,0
2145,1090.6200000000008,no,0
2146,1692.5400000000025,no,0
2147,5706.009999999955,yes,9
2148,3263.9199999999905,yes,2
2149,3703.419999999988,no,0
2150,69.32,no,0
2151,834.2700000000008,no,0
2152,156.54999999999995,no,0
2153,933.4300000000001,no,0
2154,2523.339999999994,no,0
2155,313.83,no,0
2156,5874.4599999999555,yes,1
2157,390.6999999999999,no,0
2158,3194.1699999999955,yes,6
2159,2018.950000000002,no,0
2160,748.0700000000004,no,0
2161,2064.1100000000033,no,0
2162,13923.44999999995,yes,1
2163,356.1,no,0
2164,1596.4800000000012,no,0
2165,182.1,no,0
2166,84.21000000000001,no,0
2167,1714.6100000000024,no,0
2168,5666.659999999936,yes,5
2169,857.9600000000012,no,0
2170,6198.889999999955,no,0
2171,4031.0799999999713,yes,1
2172,2408.109999999995,no,0
2173,2177.520000000001,no,0
2174,644.33,no,0
2175,610.2199999999997,no,0
2176,2601.5599999999945,no,0
2177,133.5,no,0
2178,3681.129999999983,no,0
2179,1452.2900000000013,no,0
2180,936.3899999999999,no,0
2181,3074.449999999995,no,0
2182,1530.5200000000011,no,0
2183,4093.1199999999826,no,0
2184,5094.7999999999565,no,0
2185,8550.7299999999,yes,3
2186,5469.529999999944,no,0
2187,2667.13,no,0
2188,3917.339999999986,no,0
2189,1335.4700000000016,no,0
2190,9520.849999999933,no,0
2191,780.9200000000006,no,0
2192,492.0300000000001,no,0
2193,9155.00999999986,no,0
2194,7169.779999999921,no,0
2195,1180.7200000000012,no,0
2196,1153.0500000000015,no,0
2197,670.4300000000003,no,0
2198,7205.879999999918,no,0
2199,5639.169999999965,yes,13
2200,8673.109999999935,yes,20
2201,27.509999999999998,no,0
2202,319.9000000000001,no,0
2203,5239.089999999963,no,0
2204,2646.0499999999956,no,0
2205,1978.7600000000004,no,0
2206,502.24999999999994,no,0
2207,4866.059999999966,no,0
2208,9456.829999999894,no,0
2209,6996.679999999934,no,0
2210,1727.9700000000025,no,0
2211,2292.5200000000036,no,0
2212,251.33000000000013,no,0
2213,3505.209999999981,yes,2
2214,450.87,no,0
2215,2402.1099999999988,no,0
2216,454.57000000000005,no,0
2217,4430.009999999974,yes,2
2218,975.2500000000001,no,0
2219,1077.4200000000005,no,0
2220,215.57999999999998,no,0
2221,2301.400000000004,no,0
2222,3076.26999999999,yes,1
2223,2059.7599999999984,no,0
2224,3984.099999999975,no,0
2225,3352.0699999999765,no,0
2226,8917.539999999937,no,0
2227,4893.899999999967,no,0
2228,5298.049999999964,no,0
2229,2415.489999999997,no,0
2230,1195.650000000002,no,0
2231,4400.259999999969,yes,4
2232,1131.6500000000003,no,0
2233,8440.769999999891,yes,11
2234,7971.569999999906,yes,3
2235,3824.8699999999853,no,0
2236,2880.499999999991,no,0
2237,4941.519999999959,yes,9
2238,2479.4599999999996,no,0
2239,1787.4800000000016,no,0
2240,5413.199999999956,yes,10
2241,1505.6700000000035,no,0
2242,1239.070000000002,no,0
2243,4019.7099999999873,no,0
2244,5477.19999999998,yes,1
2245,4614.019999999977,no,0
2246,321.34999999999997,no,0
2247,3992.669999999982,no,0
2248,937.2300000000006,no,0
2249,181.50999999999996,no,0
2250,2333.1599999999994,no,0
2251,2022.5400000000052,no,0
2252,9489.819999999936,no,0
2253,450.32999999999987,no,0
2254,1270.3500000000013,no,0
2255,570.0300000000001,no,0
2256,1497.5600000000018,no,0
2257,791.5400000000004,no,0
2258,1574.9400000000019,no,0
2259,589.1700000000001,no,0
2260,7456.63999999992,yes,4
2261,13379.779999999953,no,0
2262,1491.0000000000025,no,0
2263,5763.969999999958,no,0
2264,16960.589999999946,yes,1
2265,77.44000000000001,no,0
2266,8754.119999999899,no,0
2267,2304.1500000000005,no,0
2268,668.9599999999999,no,0
2269,3273.949999999991,no,0
2270,4728.669999999973,yes,1
2271,361.87999999999994,no,0
2272,2244.1700000000014,no,0
2273,1594.8700000000024,no,0
2274,6974.459999999959,no,0
2275,2789.5099999999943,yes,3
2276,1007.97,no,0
2277,3888.439999999989,no,0
2278,1160.570000000002,no,0
2279,972.4700000000003,no,0
2280,12332.909999999934,yes,13
2281,5008.789999999954,no,0
2282,1103.88,yes,1
2283,1389.3700000000013,no,0
2284,17152.62999999995,yes,2
2285,2057.9000000000024,no,0
2286,989.2600000000001,no,0
2287,833.5100000000003,no,0
2288,2093.060000000001,no,0
2289,2428.0599999999977,no,0
2290,916.9700000000001,no,0
2291,439.0300000000003,no,0
2292,1336.139999999999,no,0
2293,2462.949999999996,no,0
2294,8381.659999999902,no,0
2295,8003.989999999928,no,0
2296,13404.829999999878,no,0
2297,698.3600000000005,no,0
2298,2709.529999999998,no,0
2299,2057.890000000004,no,0
2300,4615.349999999967,no,0
2301,4661.629999999975,no,0
2302,1960.2400000000039,no,0
2303,2158.8500000000004,no,0
2304,240.0899999999999,no,0
2305,6320.6399999999485,yes,15
2306,62.06000000000002,no,0
2307,6009.239999999965,no,0
2308,582.4500000000003,no,0
2309,275.00999999999993,no,0
2310,1389.3200000000013,no,0
2311,1830.8300000000042,no,0
2312,14682.809999999847,no,0
2313,105.68999999999998,no,0
2314,5078.049999999961,yes,3
2315,266.1000000000001,no,0
2316,751.8900000000009,no,0
2317,13967.369999999943,yes,10
2318,10685.719999999927,no,0
2319,1148.6800000000007,no,0
2320,369.59000000000003,no,0
2321,336.09000000000003,no,0
2322,23646.92000000066,yes,3
2323,781.34,no,0
2324,2671.769999999996,yes,5
2325,106.35999999999999,no,0
2326,1322.8700000000003,no,0
2327,1267.7600000000002,no,0
2328,14193.609999999871,no,0
2329,2722.369999999999,no,0
2330,5683.359999999952,yes,3
2331,5903.549999999976,yes,3
2332,353.80000000000007,no,0
2333,270.6,no,0
2334,11955.379999999901,yes,2
2335,1955.250000000005,no,0
2336,2384.250000000001,no,0
2337,11703.96999999993,no,0
2338,2111.5500000000015,no,0
2339,262.42,no,0
2340,2996.81999999999,no,0
2341,5698.379999999962,yes,2
2342,5934.359999999973,yes,2
2343,4627.479999999965,no,0
2344,2690.83999999999,no,0
2345,4278.5099999999775,no,0
2346,1220.380000000002,no,0
2347,3232.5499999999947,yes,1
2348,278.87000000000006,no,0
2349,2100.28,no,0
2350,1915.6500000000037,no,0
2351,16616.77999999988,yes,12
2352,1255.8500000000004,no,0
2353,412.75000000000006,no,0
2354,4821.889999999977,no,0
2355,111.33999999999999,no,0
2356,2159.780000000002,no,0
2357,234.37000000000003,no,0
2358,2423.2499999999977,no,0
2359,2806.2699999999936,no,0
2360,9394.579999999938,no,0
2361,4528.709999999957,no,0
2362,520.2900000000002,no,0
2363,843.7600000000014,no,0
2364,7414.099999999915,yes,2
2365,313.6500000000002,no,0
2366,5500.029999999952,yes,9
2367,4495.529999999975,no,0
2368,1377.6900000000012,no,0
2369,2709.789999999995,no,0
2370,5307.519999999984,yes,8
2371,2138.710000000002,no,0
2372,3208.189999999988,no,0
2373,2585.599999999998,no,0
2374,6249.349999999933,yes,7
2375,2841.399999999993,yes,9
2376,3925.48999999998,no,0
2377,1107.5400000000013,no,0
2378,8311.07999999992,yes,3
2379,1323.3400000000008,no,0
2380,5018.779999999976,yes,19
2381,2185.28,no,0
2382,822.6400000000004,no,0
2383,555.6400000000003,no,0
2384,801.4100000000002,no,0
2385,6158.059999999963,no,0
2386,1056.9599999999996,no,0
2387,865.7000000000006,no,0
2388,1703.0200000000054,no,0
2389,1485.4400000000023,no,0
2390,1046.5900000000015,no,0
2391,633.9200000000003,no,0
2392,1428.9000000000021,no,0
2393,4048.2899999999718,no,0
2394,1538.010000000002,no,0
2395,5262.299999999956,no,0
2396,550.4800000000002,no,0
2397,1095.100000000001,no,0
2398,2035.1000000000033,yes,1
2399,188.49,no,0
2400,14681.31999999988,yes,23
2401,727.4500000000008,no,0
2402,1088.9000000000008,no,0
2403,118.68999999999998,no,0
2404,559.7600000000001,no,0
2405,3425.699999999995,no,0
2406,4860.809999999958,yes,2
2407,6665.219999999988,yes,9
2408,2108.170000000001,no,0
2409,906.5500000000002,no,0
2410,2636.569999999994,no,0
2411,2019.2500000000027,no,0
2412,12763.779999999939,no,0
2413,301.41,no,0
2414,178.68000000000015,no,0
2415,1676.3400000000026,no,0
2416,4422.979999999954,no,0
2417,196.10999999999999,no,0
2418,1572.6100000000024,no,0
2419,1199.3700000000003,no,0
2420,4583.4599999999755,yes,1
2421,8749.759999999924,yes,7
2422,368.07000000000005,no,0
2423,2838.6200000000003,no,0
2424,4122.829999999961,no,0
2425,4361.019999999981,no,0
2426,2437.060000000003,no,0
2427,8725.93999999993,yes,8
2428,323.27,no,0
2429,1807.1600000000021,no,0
2430,1885.950000000003,yes,2
2431,978.8500000000012,no,0
2432,4948.109999999962,no,0
2433,609.75,no,0
2434,771.5100000000002,no,0
2435,3303.850000000005,no,0
2436,972.6800000000009,no,0
2437,4841.939999999957,no,0
2438,3061.5799999999826,no,0
2439,596.8800000000005,no,0
2440,2563.569999999998,no,0
2441,1223.5600000000027,yes,4
2442,624.3299999999998,no,0
2443,4029.189999999989,yes,3
2444,69.94000000000001,no,0
2445,6546.049999999951,no,0
2446,6455.779999999959,no,0
2447,7520.939999999919,no,0
2448,9300.72999999988,yes,10
2449,10866.869999999864,no,0
2450,3060.7699999999945,no,0
2451,8335.739999999909,yes,23
2452,3060.3599999999897,no,0
2453,4551.6799999999575,no,0
2454,392.8700000000001,no,0
2455,5339.029999999955,yes,2
2456,1271.2400000000014,no,0
2457,1540.4700000000025,yes,1
2458,1118.3300000000024,no,0
2459,20671.50000000035,no,0
2460,966.0500000000008,no,0
2461,1051.1000000000015,no,0
2462,11593.059999999889,yes,9
2463,158.42,no,0
2464,1121.4800000000007,no,0
2465,2089.2900000000027,no,0
2466,2581.8199999999974,no,0
2467,12850.559999999881,yes,5
2468,2506.889999999997,no,0
2469,660.9200000000004,no,0
2470,1042.0600000000002,no,0
2471,947.6100000000007,no,0
2472,1220.8100000000013,no,0
2473,330.68,no,0
2474,511.4100000000006,no,0
2475,5079.0199999999595,yes,2
2476,403.26000000000005,no,0
2477,1871.2200000000025,no,0
2478,3354.41999999998,yes,4
2479,14279.699999999972,no,0
2480,1716.0500000000043,no,0
2481,5403.499999999978,yes,3
2482,2728.769999999993,no,0
2483,1770.9100000000042,no,0
2484,7824.639999999914,no,0
2485,1502.200000000004,no,0
2486,3265.5199999999986,no,0
2487,601.2500000000005,no,0
2488,6327.509999999924,yes,11
2489,9403.4199999999,yes,28
2490,699.1600000000002,no,0
2491,950.7700000000006,no,0
2492,2858.8499999999954,no,0
2493,2588.729999999994,no,0
2494,2120.9300000000026,yes,5
2495,209.0,no,0
2496,4339.659999999975,yes,11
2497,7111.979999999936,no,0
2498,2601.5999999999913,no,0
2499,3394.0699999999865,no,0
2500,5486.159999999963,yes,3
